platform,post_id,blog_id,url,title,content,published_date,sponsor_phone,sponsor_partner_id,like_count,comment_count,hashtags,image_urls,video_urls,collected_date
naver_blog,secretline1_223917601748,secretline1,https://blog.naver.com/secretline1/223917601748,피엠 인터내셔널 독일 피엠주스 피트라인 탑쉐이프 다이어트후기,"피엠 인터내셔널 독일피엠주스 피트라인 탑쉐이트 다이어트 3주 후기 유럽에서 출시 하자마자 10분만에 완판되었고, 한국에서도 6월에 출시되자마자 완판되었어요. 11시 open 에 맞춰들어갔는데도, 대기시간이...🤣 전 세계적으로 관심있고, 남녀노소 불문하고 평생숙제인 #다이어트 요즘은 잘못된 식습관으로 인해 과체중, 비만, 대사 질환 등이 점점 증가하고 있어요. 단순히 체중감량이 목표가 아니라 건강을 위해 다이어트에대한 관심이 점점 높아지면서 국내다이어트 시장은 7조 6천억원, 세계다이어트 시장은 100조에 이르렀어요. 전 세계 480명의 대상자 포커스그룹이 섭취해본 결과 88% 사람들이 포만감 증가와 간식섭취가 감소하였다고 했고, 86%는 식욕이 감소되었다고해요. 3주동안 섭취해본결과, #다이어트 에 효과가 있었을까요? ​ ​ 답변은 yes!! 고객님들이 올때마다 왜이렇게살이 빠졌냐고 물어보셔요!!🤣 저는 통통한편이아니었어서, bmi를 측정하거나하지는않았는데, 옷을입어보면, 허리가 커졌어요. 식욕억제부분에대한 평가도 효과있다고 얘기할수있어요!! 바쁜 현대사회에, 밥먹을 시간도없어서 배부른 알약 나왔으면 하잖아요! 정말 배가안고파요! 탑쉐이프 섭취기간에는 뭐가다른가 싶었는데, 살이너무빠져서 중단하니까 배고픔이 느껴지더라구요!! 그리고, 저 누베베, 다이어트한약, 삭센다 다 해봤는데, 우울감, 불면증때문에 다 실패했는데, 그런 현상이 너무 없어서 지속할 수 있으니 좋더라구요!! 탑쉐이프 다이어트 부작용? 탑쉐이프 부작용은없지만 두통, 변비, 피곤함등이 일시적으로 나타날수는 있어요! ​ 이 부분은 탑쉐이프와 맞춰가는 과정에서 나타날 수 있는 현상이예요! 나타나는 현상들이 못버틸만한 정도는 아니고 약간의 불편감 정도 였습니다! 이런부분을 개선하기위해 섭취하면서 개인적으로 상담이 필요해요❤️ 그래서 파트너가 필요한거죠!!ㅎ . 구입경로는❤️ 피엠인터내셔널 - https://naver.me/5k724HMT ​ 팀파트너로 가입하셔야해요!(매우중요!!) 팀 파트너 [21003576] 카톡주시면 자세히 안내드릴게요!! 예쁨.on https://open.kakao.com/o/sbB8lzTf ​ ​ 건강한 선택으로 더 활기찬 내일을 맞이하세요! ​",2025-07-01,,21003576,7,7,"#다이어트, #다이어트후기, #독일피엠다이어트, #독일피엠주스추천인아이디, #독일피엠쥬스, #독일피엠쥬스추천인, #식욕억제제후기, #탑쉐이프효과, #탑쉐이프후기","https://blogpfthumb-phinf.pstatic.net/MjAyNTA2MTlfNzkg/MDAxNzUwMzA5MDAxOTkz.Kd88F-MVKdZMcPVF8iHqNEP4K_ra7MWr53-BQ-bLicUg.GSBe0OGOe7YyJ2sikU_5_-_khPhTxftxwUD4czB83DYg.PNG/profileImage.png?type=s1, https://postfiles.pstatic.net/MjAyNTA2MzBfMTAx/MDAxNzUxMjQ3MTA0MjI4.zAFZ5lxugBL9Qh4CuW3UH5YU3IT2PJJrXD9b7MAtD4Ug.YwxGqZ27am9s-opfea_WRGn8MBzWjc0trbW9WXkf6G0g.PNG/White_Minimalist_Eat_Well_Healthy_Food_Nutrition_Instagram_Post.png.png?type=w773, https://postfiles.pstatic.net/MjAyNTA3MDFfMTQy/MDAxNzUxMzI5OTkwMTE1.JaYTIpE_XuSqkJDGdGUeA9LzmkLTsr4gtPhWL9Ui41Ag.UckxoBStsOh2Que72hEKjdlzLbwA3JmeLsYmeo5cNCcg.JPEG/IMG%EF%BC%BF5819.jpg?type=w773, https://postfiles.pstatic.net/MjAyNTA3MDFfMjg5/MDAxNzUxMzMwMjgyNDgw.iX9F49zIk8I8tBkIHbN7ug-G_sYI1gj92JObiUEzi1Qg.rBNxFBmK6xKG8JMOyXKr_1hMR_eZLYjXuX-janjDUC4g.JPEG/output%EF%BC%BF2998160140.jpg?type=w80_blur, https://postfiles.pstatic.net/MjAyNTA3MDFfMzgg/MDAxNzUxMzMwMjU4NTk0.htDxPGr-4ug1PQnSoH4lC5ep5B0j4x23pbk6W2gPBQcg.sPNtfXdPP1cho8Ln3IWnIHdm9NWEUy788daQVbxpMJwg.JPEG/IMG%EF%BC%BF5817.jpg?type=w80_blur, https://postfiles.pstatic.net/MjAyNTA2MzBfMTYx/MDAxNzUxMjQ3MjU5NTY4.-icGLLoMgj0vC3O1RntCJwPcqQwmgiXY33sRelsv2v4g.LU9pQ5DP9bJbxPFxMfl01qopIhR6oCRGHihv29lC9jQg.JPEG/IMG%EF%BC%BF5798.jpg?type=w80_blur, https://postfiles.pstatic.net/MjAyNTA2MzBfMjMy/MDAxNzUxMjQ3MjA2Nzc5.qVx-QWUB9w87OYgVRVi8K_5xqqD2qBHsS2ZWsWMSYVMg.ZVZxjzECRgJ-0qtmAbpHOaUxeGbuyGB3RLgJr8uRpQ0g.JPEG/output%EF%BC%BF1506377413.jpg?type=w80_blur",,2025-11-06
naver_blog,bbiyou_223988368584,bbiyou,https://blog.naver.com/bbiyou/223988368584,"피엠인터내셔널 회원가입, 우대회원 vs 팀파트너 차이점 완벽 정리","안녕하세요 피엠 인터내셔널 조이그룹 유희원PT 입니다. 오늘은 독일 피엠 회원가입 : 우대회원 팀파트너 차이점, 재가입 방법 정리해요 ​ 피엠 회원가입 시 선택 가능한 2가지 유형 1️⃣ 우대회원 단순 소비자 개념으로 제품을 구매 시 할인 없이 소비자가로만 구매 가능한 멤버입니다. ​ 가격도 높고, 추후 구전이나 유통 시 추천의 계기가 된 나에 대해 보상 혜택도 없답니다. 실제 혜택은 거의 없는 거죠. ​ 따라서 안전한 정품을 보다 저렴하게 드시려면 팀파트너 회원이 유리합니다. ​ ​ ​ 2️⃣ 팀파트너 (추천) 피트라인 전 제품에 대해 우대회원보다 할인 적용 내 회원 ID 를 추천인으로 연결이나 소개가 되면 유통 계기가 된 나에게 10% 현금 캐시백 을 줍니다. ​ 팀 파트너는 할인가로 저렴하게 구매 할수 있고, 보너스도 받을 수 있는 기회를 가져 추천드려요. ​ 💰 가격 차이 비교 파워칵테일 + 리스토레이트 (1개월치) ​ ​ 우대회원: 소비자가 19만원대 회원가 (팀파트너) 15만원대 약4만원 할인 오토십 신청 시 137,100원 가장 저렴 ​ ​ 우대회원 → 팀파트너 전환 가능 합니다. 🔄 혹시 우대회원으로 하셨어도 팀파트너로 재가입 없이 전환 가능 합니다. ​ 재가입 없이 전환방법 피엠 인터내셔날 본사로 영업시간 내 전화 📞 우대회원에서 팀파트너로 전환 원한다고 하시면 간단한 본인 확인 후 처리 됩니다. ​ ​ 본사는 여의도 국회의사당역에 있어요. 50m © NAVER Corp. 더보기 /OpenStreetMap 지도 데이터 x © NAVER Corp. /OpenStreetMap 지도 컨트롤러 범례 부동산 거리 읍,면,동 시,군,구 시,도 국가 피엠인터내셔널코리아 서울특별시 영등포구 의사당대로 8 2층 ​ ​ 🎁 어떤 혜택이 있나요? 공식 홈페이지를 통해 주문 하시면 안전한 본사의 정품을 가장 저렴하게 드실수 있습니다. ​ 온라인으로 비즈니스 하는 40대 영리더 유희원 PT 입니다. ​ 추천인 코드 8431526 유희원 사이트에서 저를 추천인으로 오토십 ABO를 신청 하신 경우 20% 할인, 가장 저렴하게 드실수 있어요 ​ 전용 물병과 브로슈어, 기타 샘플등 정성스러운 선물을 보내 드립니다.  🎁 ​ 추천이나 소개 시, 구매하신 제품의 10% 현금 캐시백  → 소비자 부터 조건없이 수익화 가능 ​ 피엠 가입 및 오토십 ABO 등록 방법 독일 피엠주스 PM 회원가입 방법 완벽정리 조이그룹 유희원PT 독일 피엠(PM) 주스 회원가입 방법 완벽 정리 안녕하세요? 경기도 부천에서 활동하는 조이그룹 봉피엠 유... blog.naver.com ​ 봉피디만의 특별 혜택 우대회원에서 팀파트너 전환 하신 고객님들 역시 → 특별 사은품 증정합니다. 🎁 ​ 네트워크 마케팅 전문가 조이그룹 시스템 봉피엠 1:1 맞춤형 밀착 건강 관리 정기적인 프로모션 할인 혜택 알림 서비스 등 노후 준비를 위한 체계적인 교육 시스템 ​ 효과 보시며 드실 수 있게 정성다해 도와드리겠습니다 💕 ​ ​ 함께 보면 좋은 ​ 2025 한국 다단계 회사 순위, 브랜드 특징으로 본 사업전망 안녕하세요? 경기도 부천에서 활동하는 피엠인터내셔날 조이그룹 유희원 PT 입니다 오늘은 2024년 공정거... blog.naver.com 한국 다단계 위기? 암웨이 애터미 화장품이 아닌 피엠인터내셔날을 한 이유 손서영 스피치 안녕하세요? 경기도 부천에서 역동적으로 피트라인 사업 하는 봉피엠 @유희원PT 입니다. 오늘은 네트워크... blog.naver.com ​ 웰니스 산업, 장수 백세 시대를 위한 투자이자 미래 준비 입니다. 👉 저 봉PT와 함께 하신다면 소비자 누구나 13만원대가 아니라 더 저렴하게 드실수 있게 안내 드립니다. 제품에 대해 더 궁금하신 내용은 언제든 문의 주세요 :) ​ 궁금할 땐 네이버 톡톡하세요! ​ ​ ​ 간기능 청소 10일차, 지방간 영양제 추천 : 독일 피엠주스 디드링크 D-drink 안녕하세요, 마흔셋 웰니스에 진심인 여행인플루언서 @봉피디 입니다. 잦은 음주와 고기, 달달구리 단 음료... blog.naver.com ​",2025-08-31,,,9,9,"#조이그룹, #피엠인터내셔널, #피엠회원가입","https://blogpfthumb-phinf.pstatic.net/MjAyNTAzMDNfMTk4/MDAxNzQwOTgwODE3OTQz.q15ubksKpPSSseZoGJqiLIcx7zAcfb6FeTpUuRVDphcg.ZSZE236-65fEBetqeb9jaPPFJmL4oKVQ5Fmt-1rKxDIg.PNG/profileImage.png?type=s1, https://postfiles.pstatic.net/MjAyNTA4MjlfMTEz/MDAxNzU2NDc3NTkxMjIx.5zQAaOQG1tLdsMTijJALfQZLMAOIkLpa_7_2sPw2wI0g.3tgQF1Grhbp0ZNcwCHjslbrq473KUAJW9cUAztOjdDgg.PNG/IMG_3266.PNG?type=w966, https://postfiles.pstatic.net/MjAyNTA4MjlfNjQg/MDAxNzU2NDc4MTQ4MjQw.DcClQkrWJwJ27GKCnj_nIJmnClY7_KqHO1Rrm3h5h_Ug.phAAnYYgfUVpWH7qAt4o8Y7PGHDo0648LK-nq3RTwb0g.JPEG/SE-be4d6d96-1e18-4364-84b3-fed8ce17057b.jpg?type=w80_blur, https://map.pstatic.net/nrb/styles/basic/1761871134/17/111745/50774.png?mt=bg.ol.sw.ar.lko, https://map.pstatic.net/nrb/styles/basic/1761871134/17/111744/50776.png?mt=bg.ol.sw.ar.lko, https://map.pstatic.net/nrb/styles/basic/1761871134/17/111745/50775.png?mt=bg.ol.sw.ar.lko, https://map.pstatic.net/nrb/styles/basic/1761871134/17/111744/50775.png?mt=bg.ol.sw.ar.lko, https://map.pstatic.net/nrb/styles/basic/1761871134/17/111745/50776.png?mt=bg.ol.sw.ar.lko, https://map.pstatic.net/nrb/styles/basic/1761871134/17/111744/50774.png?mt=bg.ol.sw.ar.lko, https://map.pstatic.net/nrb/styles/basic/1761871134/17/111746/50774.png?mt=bg.ol.sw.ar.lko",,2025-11-06
naver_blog,ttlboy_224061016075,ttlboy,https://blog.naver.com/ttlboy/224061016075,"피엠인터내셔널 11월 온라인티켓, 액션팩, 액티바이즈, 오토십이벤트 역대급 개꿀정보!!","안녕하세요^^ 피엠인터내셔널 11월달 프로모션 및 온라인티켓 안내를 드리겠습니다! 역대급으로 진행되는 내용들 하나 하나 정리해서 안내해 드리겠습니다! ​ 11월 액션팩 행사 안내 한국 7주년!! 역대급 액션팩 행사!! 액션팩 행사는 1년에 딱 2번만 진행하는 프로모션 행사입니다. 제품구성은 파워칵테일 5박스+리스토레이트5박스 5개월치 제품을 가장 저렴하게 주문 하실 수 있는 기회 이십니다! 그리고 액션팩 행사는 5월달과 11월달에만 진행을 하고 있습니다! ​ 액션패 2세트 주문시 추가로 또 준다고? 액션팩 2세트를 주문을 하시면 추가로 파워칵테일과 리스토레이트를 2개월치를 무료 증정을 해준다고합니다 !! ​ 11월 1일 토요일부터 11월 30일까지 주문을 하실 수 있습니다! ​ 11월 온라인 티켓 구매 안내 매월 월초에 진행되는 BA온라인 티켓 구매를 성공하시면 액티바이즈 1통을 2만 8천원에 받아 보실 수 있습니다 ! ​ 대전 비즈니스 온라인 티켓을 구매 하시면 되시는데요. 온라인으로도 BA 현장의 열정과 에너지를 피엠티비를 통해서 확인 하실 수 있습니다 !! ​ 11월 4일 화요일 오전 11시 회원아이디 짝수 11월 5일 수요일 오전 11시 회원아이디 홀수 10시 59분에 미리 피엠인터내셔널 홈페이지 로그인 후 오픈런 하셔서 온라인티켓 구매를 꼭 성공하시기 바랍니다 11월 BA 프로모션 안내 온라인 티켓 구매 성공 시 일련번호가 문자로 발송이 되셔서 프로모션 행사 상품을 주문 하실 수 있으십니다! ​ ​ 겨울에만 출시되는 액티바이즈 액티펀치!! 따뜻하게 마실 수 있다고??? 겨울에만 만나 보실 수 있는 제품!! 액티바이즈! 액티펀치!! 개인적으로 너무 좋아하는 제품입니다! ​ 추운 겨울에 따뜻하게 마실 수 있는 액티바이즈로 겨울 시즌만 되면 쟁여 놓고 챙겨먹는 액티펀치입니다 !! ​ 피엠본사 오토십 이벤트!! 10월 15일부터 11월 14일까지 오토십 신청시 액티바이즈 증정 이벤트를 진행하고 있습니다. ​ 고급진! 높은 ! 명품의 건강기능식품을 주변에 맛집 소개 하듯히 이벤트 기간에 추천을 하시면 회원가입과 오토십을 신청하신분들은 액티바이즈 1통을 증정 받으실 수 있습니다 ! ​ 소개 해주신분은 제가 선물 증정!! 오토십을 추천해주신분은 제가 물병과 액티바이즈 1통을 선물로 보내드립니다 ^^ 추천시 팀파트너로 가입하기! 사업에 관심이 없으시고, 사업 생각이 없으셔도 ​ 정품 제품을 저렴하게 그리고 다양한 혜택을 받아 보실 수 있는 팀파트너로 가입을 하시는걸 추천드립니다! ​ ​ ​ 피엠인터내셔널 무료회원가입 방법 ​ ​ 1.피엠인터내셔널 홈페이지에서 무료회원가입 2.팀파트너로 가입하기 3.추천인아이디 20198945 조민선 4.오토십신청하기 ​ ​ 사장님들의 10년후 20년후 미래는 안녕하신가요? 0초 0초 광고 후 계속됩니다. 다음 동영상 subject author 취소 피엠인터내셔널 11월 온라인티켓, 액션팩, 액티바이즈, 오토십이벤트 역대 재생 0 좋아요 0 좋아요 공유하기 재생 (space/k) 재생 00:15 0:00:00 재생 (space/k) 재생 음소거 (m) 음소거 00:00 / 00:15 실시간 설정 전체 화면 (f) 해상도 자동 480p 자막 사용 안함 재생 속도 1.0x (기본) 해상도 자동 (480p) 1080p HD 720p HD 480p 270p 144p 자막 설정 사용 안함 옵션 글자 크기 배경색 재생 속도 0.5x 1.0x (기본) 1.5x 2.0x 죄송합니다. 문제가 발생했습니다. 다시 시도해 주세요. 도움말 음소거 상태입니다. 도움말 라이센스 고화질 재생이 가능한 영상입니다. 설정에서 해상도를 변경해보세요. 더 알아보기 00:00 접기/펴기 피엠인터내셔널 11월 온라인티켓, 액션팩, 액티바이즈, 오토십이벤트 역대 0초 0초 광고 후 계속됩니다. 다음 동영상 subject author 취소 액션팩 재생 0 좋아요 0 좋아요 공유하기 재생 (space/k) 재생 00:20 0:00:00 재생 (space/k) 재생 음소거 (m) 음소거 00:00 / 00:20 실시간 설정 전체 화면 (f) 해상도 자동 480p 자막 사용 안함 재생 속도 1.0x (기본) 해상도 자동 (480p) 720p HD 480p 270p 144p 자막 설정 사용 안함 옵션 글자 크기 배경색 재생 속도 0.5x 1.0x (기본) 1.5x 2.0x 죄송합니다. 문제가 발생했습니다. 다시 시도해 주세요. 도움말 음소거 상태입니다. 도움말 라이센스 고화질 재생이 가능한 영상입니다. 설정에서 해상도를 변경해보세요. 더 알아보기 00:00 접기/펴기 액션팩 액션팩 #액션팩 누군가는 퇴근 후 지쳐 쓰러지고 또 누군가는 같은 시간에 자유와 소득을 누리고 있습니다. ​ 저는 후자를 선택했습니다. 소개가 소득이 되는 독일PM비즈니스 단순한 부업이 아닌, ​ 시간과 장소에 제약 없이 꾸준한 현금흐름을 만드실 수 있는 기회! 주말에도 평일처럼~ 일해야 하는 삶이 아닌, ​ 원하는 시간에 원하는 곳에서 원하는 사람과 함께! 삶과 꿈 그리고 미래를 만들어 가고 싶습니다! ​ 노후까지 책임져 줄 든든한 현금흐름 도구! 독일피엠! 이제는 여러분들의 차례이십니다! ​ ​ 궁금할 땐 네이버 톡톡하세요! ​",2025-11-01,,20198945,0,4,"#독일피엠액션팩, #액션팩, #피앰액티펀치, #피엠액션팩, #피엠온라인티켓, #피엠프로모션","https://blogpfthumb-phinf.pstatic.net/MjAyNTA0MDVfMTE2/MDAxNzQzODE0MDY1MjE1.u2JYzAwy6158xOLyES8kUNiZRN_Ne5c1zf6YABcG8gog.v3cFCw8LdmsOPW3rFrTjXRmLo-QLqj0A5fwZC_CHwOog.PNG/profileImage.png?type=s1, https://postfiles.pstatic.net/MjAyNTExMDFfNzMg/MDAxNzYxOTY0MTUyODU0.oaz1rJkU4vHPjvUe8uAPg0uiQMAdzKix71tCtt9DMMgg.nmDhKSDZGnhvfM_0Kz2g_g_aNvE04wLXqkucSnXNUH4g.JPEG/output_2227277413.jpg?type=w773, https://postfiles.pstatic.net/MjAyNTExMDFfMTg2/MDAxNzYxOTYxMjUwNDE4.ej4g9-5N-4i2iCzXypTeY6kXN45gNhafd8-2ifEGYxog.FFhfhFhyYiInJXqyce0_9CBHxe4HOqRfvO4wuRo3GNQg.JPEG/IMG%EF%BC%BF0139.jpg?type=w80_blur, https://postfiles.pstatic.net/MjAyNTExMDFfMzEg/MDAxNzYxOTYxMjUxMDIy.BpUIa0_oNUvZLJf7O6Eni6zKZ6OmX5vkLVeYVfU_bQkg.lbJaQtT68PCLYz9kzCkAtv7JGw4LV4M3H5m5lplFzEQg.JPEG/IMG%EF%BC%BF0140.jpg?type=w80_blur, https://postfiles.pstatic.net/MjAyNTExMDFfMjM4/MDAxNzYxOTYxMjUwODc3.I43glyM2OC4Vovez4DIuVO9JOOAdM438fzGMbmlZZjIg.ycp34gTUMZT5YgscG5y-Jydu1jw9LYIXkKgZdl79-ncg.JPEG/IMG%EF%BC%BF0131.jpg?type=w80_blur, https://postfiles.pstatic.net/MjAyNTExMDFfMTg5/MDAxNzYxOTYxMjUwOTY5.dN5C9jUSZjRuBxWjJb8lNNEp2KCcnv4fCijHzsovHDog.cz-k4eMJytjn7y9LLp1lEZr1W88zwN0O0kHi4gf_fjcg.JPEG/IMG%EF%BC%BF0133.jpg?type=w80_blur, https://postfiles.pstatic.net/MjAyNTExMDFfMjQ2/MDAxNzYxOTYxMjUwOTY4.taclTAIAKutVRI7IzVcqauue80j3m5X6AoQRATktJ2Eg.qT2p_CYYNLILD3O9yM1O7YXQnG3qJD2AfycMmEAuYNQg.JPEG/IMG%EF%BC%BF0132.jpg?type=w80_blur, https://postfiles.pstatic.net/MjAyNTExMDFfNTcg/MDAxNzYxOTYxMjUxMTMz.mFm24j9fgBZ9sGi-B5xDCZvTYk6nOfOTP9_6kruoa98g.XsCaM4mifWfXVerbYvN6Zx6GPB86G4HD_OJ7MHJxvGUg.JPEG/IMG%EF%BC%BF0130.jpg?type=w80_blur, https://postfiles.pstatic.net/MjAyNTExMDFfMzIg/MDAxNzYxOTYxMjUwNTAz.1a8AWQfn4Q2VvGMFKercBDPWDzk9LdlR4OJtGinbuUkg.VbdRNJC5SnjXVCibtLqq76zgsMAP-RIXCEIR2gHxwTsg.JPEG/IMG%EF%BC%BF0138.jpg?type=w80_blur, https://postfiles.pstatic.net/MjAyNTExMDFfMTIy/MDAxNzYxOTYxMjUwNTI3.1Cu7RhqeYuOQtngF9sL6-35nCE7cX9JM4515lIAXqPIg.TGXV089j5N3wQXKRtLGqG83RIKfMAkC-_jHx4QJtQNkg.JPEG/IMG%EF%BC%BF0015.jpg?type=w80_blur",,2025-11-06
naver_blog,emo0503_224044349455,emo0503,https://blog.naver.com/emo0503/224044349455,놓치면 후회! [10/15~11/14 한정] 피엠 인터내셔널 오토십 신규가입 고객 액티바이즈 선물,"안녕하세요 지난 10월 14일, ​ 피엠 내셔널 콩그레스(NC)가 인천 인스파이어 리조트 아레나에 개최 일년중에 가장큰 행사에 다녀왔습니다 . ​ ​ ​ ​ 창립자 롤프 소르그 회장님 방한하셔서 세계1위를 향한 비젼 발표와 한국 리더들이 한자리에 모여 PM의 놀라운 성장과 건강·웰니스 산업의 미래 방향을 공유하는 뜻깊은 시간이었습니다. ​ ​ 피엠인터내셔널 ceo 롤프소르그 회장님 ​ ​ ​ 그날 현장에서 발표된 한국 파트너들을 위한 ❗ “그동안 볼 수 없었던 특별 프로모션!” ​ ​ ​ ​ ​ ​ 평소 독일피엠에 관심 있었거나, 가입을 고민하고 계셨던 분들이라면 ​ 👉 지금 아래 내용을 꼭 주목해주세요! ​ ​ ​ 오토십 신규 가입하시는 분들을 대상으로 ✔ 건강도 챙기고 ✔ 오토십 혜택도 누리면서 ✔ 4만 원 상당의 ‘액티바이즈(Activize)’ 1통을 선물로 받을 수 있는 아주 좋은 기회입니다! 🎁 ​ ​ ​ ​ 🎯 오토십(ABO) 신규 가입자 특별 혜택 ​ ​ 📌 대상: 오토십(ABO) 신규 가입자 ​ 📅 기간: 25년 10월 15일 ~ 11월 14일 ​ ​ 위 기간 내에 오토십에 처음 가입하시는 분께 ​ 액티바이즈 1통(42,600원) 을 선물로 드립니다. ​ ​ ※ 기존 오토십 이력이 있는 분 (해지 후 재등록 포함)은 제외됩니다. 또한 주문 취소나 반품 시에는 혜택이 적용되지 않습니다. ​ ​ ​ 이번에 진행하는 프로모션을 통해 PM의 대표적인 제품 3종으로 건강한 습관을 만들고, 몸과 마음을 회복할 수 있는 아주 좋은 기회입니다. 🌿 ​ ​ ​ ​ 💡 오토십(Autoship)이란? ​ ​ 피엠인터내셔널의 정기구독 서비스로, 매월 자동 결제와 배송을 통해 꾸준한 건강관리를 돕는 시스템입니다. ​ ​ ✔ 매달 자동 배송으로 편리하게 ✔ 할인 및 포인트 적립 ✔ 이벤트·프로모션 혜택 ​ ABO 회원이라면 건강 관리와 소득 활동을 함께할 수 있는 똑똑한 시스템이에요 💎 ​ ✅ 오토십이 꼭 필요한 3가지 이유 ​ 1️⃣ 꾸준한 건강 관리의 시작 ​ ​ 규칙적인 영양 공급: 파워칵테일, 리스토레이트 주요 제품이 3개월마다 자동 배송되어, 섭취 중단 없이 건강 루틴을 유지할 수 있습니다. ​ ​ NTC 공법의 효과 극대화: 영양소를 최적의 타이밍에 전달하는 NTC 기술은 꾸준한 섭취로 효과를 극대화합니다. 오토십은 건강 습관을 자동으로 만들어주는 시스템입니다. ​ ​ ​ ​ 2️⃣ 경제적 혜택과 스마트 소비 ​ ​ 가격 혜택: 일반 소비보다 약 31% 할인, 매월 5+1 행사, 10% 캐시백 보너스까지! ​ 합리적 소비: 같은 제품을 더 저렴하게, 꾸준하게 섭취하며 현명한 소비습관을 만드는 똑똑한 선택입니다. ​ ​ ​ ​ 3️⃣ 사업 파트너에게는 필수 전략 ​ ​ 안정적인 팀 매출: 오토십은 자동 매출 발생 시스템으로 팀 실적을 꾸준히 유지시켜 줍니다. ​ 보너스 및 승급 핵심: 매월 매출 유지로 보너스 조건을 충족하고, 장기적 사업 성장의 기반을 다집니다. 단순 구독이 아닌, 지속 가능한 비즈니스 모델입니다. ​ ​ ​ 🌿 피엠인터내셔널 핵심 3대 제품 ​ 파워칵테일 🍹 ​ → 종합비타민 / 장 건강 / 숙변 케어 ​ 리스토레이트 🌙 ​ → 종합미네랄 / 회복 / 숙면 ​ 액티바이즈 ⚡ ​ → 비타민B군 복합체 / 에너지 충전 ​ ​ ​ ​ ⚡ 증정 제품 소개: 액티바이즈(Activize) ​ ​ 피엠의 대표 에너지 부스팅💥 비타민 B8 함유되어 있어 피로 해소, 집중력 강화, 활력 증진에 도움을 줍니다. (고3쥬스 불려요) ​ ​ 💪 아침 한 잔으로 활력 충전 🏃 운동 전·후 에너지 리셋 ☕ 커피대용 천연카페인 집중력 UP ​ ​ ​ ​ ✍ 신청 방법 & 추천인 코드 입력 ​ ​ 오토십을 처음 신청하실 때는 팀파트너 가입 추천인 코드를 함께 입력해야 등록이 완료됩니다. ​ ​ ​ ​ ​ ✅ 추천인 코드: 21033302 ✅ 추천인 이름: 홍창기 ​ 이 코드를 입력하시면 건강과 혜택을 동시에 잡을 수 있는 절호의 기회✨ ​ ​ ​ ​ 이번 10월프로모션 건강도 챙기고 선물도 받을 수 있는 절호의 찬스! 놓치지 마세요 🎁 ​ ​ ​ 0초 0초 광고 후 계속됩니다. 다음 동영상 subject author 취소 오토십 구독하기전 꼭 알아야할3가지 재생 4 좋아요 0 좋아요 공유하기 재생 (space/k) 재생 00:28 0:00:00 재생 (space/k) 재생 음소거 (m) 음소거 00:00 / 00:28 실시간 설정 전체 화면 (f) 해상도 자동 480p 자막 사용 안함 재생 속도 1.0x (기본) 해상도 자동 (480p) 720p HD 480p 270p 144p 자막 설정 사용 안함 옵션 글자 크기 배경색 재생 속도 0.5x 1.0x (기본) 1.5x 2.0x 죄송합니다. 문제가 발생했습니다. 다시 시도해 주세요. 도움말 음소거 상태입니다. 도움말 라이센스 고화질 재생이 가능한 영상입니다. 설정에서 해상도를 변경해보세요. 더 알아보기 00:00 접기/펴기 오토십 30초면 충분합니다 오토십 구독하기전 꼭 알아야할3가지 ​ ----- ​ #독일피엠 #피엠인터내셔날 #피엠액티바이즈 #FitLine #오토십 #정기구독 #조이그룹 #팀파트너20967605 #독일피엠율라 #조이핏라인 #구미피엠 #블루오션 #웰니스산업 #피엠비즈니스 #고3쥬스 #피엠프로모션 #내셔널콩그레스 #인스파이어리조트 ​",2025-10-17,,21033302,0,8,"#FitLine, #PM비즈니스, #PM인터내셔날, #건강습관, #고3쥬스, #구미피엠, #내셔널콩그레스, #독일피엠, #독일피엠율라, #블루오션, #액티바이즈무료증정, #오토십, #웰니스라이프, #웰니스산업, #인스파이어리조트, #정기구독, #조이그룹, #조이핏라인, #조이핏챌린지, #팀파트너20967605, #피엠비즈니스, #피엠액티바이즈, #피엠인터내셔날, #피엠프로모션","https://blogpfthumb-phinf.pstatic.net/MjAyNTA1MDRfMjIw/MDAxNzQ2MzUzNjg5OTA0.ci5nRu-UrPgA4f4_yORRZJOI1IgTN9GFnRbkllwpfVkg.St7l5c7DZpI-qswvgKZuSJSmQco2JOifWJF-HB5KViIg.JPEG/profileImage.jpg?type=s1, https://postfiles.pstatic.net/MjAyNTEwMTZfMjk0/MDAxNzYwNjEwMzk0NjYy.Kkdaci1DT6cpyAomvekXUhh-pyrTDHyVPUXKV19NBwEg.Cv-L6igheRvvSVa6GEJNUZ7o627LvW9a3qXOot9V7Mwg.JPEG/900%EF%BC%BFScreenshot%EF%BC%BF20251016%EF%BC%BF183002%EF%BC%BFFacebook.jpg?type=w773, https://postfiles.pstatic.net/MjAyNTEwMTZfMjk4/MDAxNzYwNjEwMzk0NzAw.5qL53IGN_m9ohFd9Psmi1HKT4O9MbiakPLVVEDcSF3kg.dc5Mbh-nBPg2We_kUfz10YNKqW1VUZsjm10QKASEjesg.JPEG/900%EF%BC%BF1760610057015.jpg?type=w80_blur, https://postfiles.pstatic.net/MjAyNTEwMTdfMzkg/MDAxNzYwNjczOTUzMDc0.himLqMTBsH209YmrX8mdRTvPbuOJX1kWDCzZVCV1vc8g.wFhVSBNoUSWVRjOOp1h3saNw39HziOwFRVHs8ndiksMg.PNG/900%EF%BC%BFfile%EF%BC%BF00000000e5546209863ca75ea22df482.png?type=w80_blur, https://storep-phinf.pstatic.net/cafe_004/original_13.png?type=p100_100, https://postfiles.pstatic.net/MjAyNTEwMTZfMjcy/MDAxNzYwNjEwMzk1MTUy.E3-jkvviIR3i6bgZZGKf-5wUFtlKWURUuU_CyUocW5Ag.Bp2HewTf3ZMGKrZ-EtIBwgsTtxArm8YKkLJF2DU2t2Mg.JPEG/900%EF%BC%BF1760610270006.jpg?type=w80_blur, https://postfiles.pstatic.net/MjAyNTEwMTZfMjgz/MDAxNzYwNjEwMzk0NjYz._R8_6s7OJGr94ndRkGoyHD-O8bsElF5CaB0wweNelEgg.jc9wsBg8v05WGv-veMxET-bVxjE3dljfYqBwgIqmQAAg.PNG/900%EF%BC%BF1760501406872.png?type=w80_blur, https://postfiles.pstatic.net/MjAyNTEwMTdfMjc5/MDAxNzYwNjYxMjU0MjUz.zhiv_2OGYcB2jJ6dsAvoXV5zPUbUu-Nj_V73T3pEqRQg.TClnd09Og_8qESsM9zrEi9xWPZwDvDj_1iXGHxt9apMg.JPEG/900%EF%BC%BFScreenshot%EF%BC%BF20251017%EF%BC%BF082310%EF%BC%BFNaver_Blog.jpg?type=w80_blur, https://postfiles.pstatic.net/MjAyNTEwMTdfMjQ4/MDAxNzYwNjYxNjMyNzg5.rEZK-Y9x8bjhmMa6a3jfs1ItCXaFeidTe5dNNFJYYXQg.8TluhWM8UpiS6G27VKZOKCPx2wecYng-EpDu7L_O-Hog.JPEG/900%EF%BC%BF1760661567790.jpg?type=w80_blur, https://postfiles.pstatic.net/MjAyNTEwMTdfODAg/MDAxNzYwNjYwMjIxNDQ3.uV930nTi4qP1nMyya5gUFdL5piJ2KUCx2amCQFsrxkIg.9XVfulumBbUp0f7P2Nq9O9wMrdgoDLY3mR4P7hMStq0g.JPEG/900%EF%BC%BFScreenshot%EF%BC%BF20250926%EF%BC%BF172222%EF%BC%BFGallery.jpg?type=w80_blur",,2025-11-06
naver_blog,charming_0217_224045567919,charming_0217,https://blog.naver.com/charming_0217/224045567919,☀️ 피엠인터내셔널 3종 내돈내산 8개월 후기,"(파워칵테일 · 액티바이즈 · 리스토레이트) ​ 하루를 가볍게 시작하고 싶은 사람이라면, 이 세 가지 루틴, 꼭 한 번 경험해보셨으면 해요💛 저는 지금 8개월째, 매일 이 세 가지로 하루를 열고 닫고 있답니다. ​ 🌿 피엠 3종을 시작하게 된 이유 ​ 어느 날 인스타그램에서 제가 팔로우하던 한 분이 진심으로 자신의 변화를 이야기 하더라고요. 광고처럼 보이는 게 아니라, ‘진짜 좋았구나’ 하는 그 진심이 전해졌어요. ​ 그때 처음 피엠인터내셔널 3종 을 알게 됐고, ‘나도 한 번 먹어보고 싶다’는 생각이 들었어요. ​ 그래서 바로 연락해서 3종 샘플 을 받아봤죠. 솔직히 처음엔 “그냥 흔한 영양음료겠지” 싶었는데, 며칠 마셔보니 몸이 반응했어요. 처음 받은 샘플3종사진 ​ 오… *이건 다르다! ​ 그 느낌이 너무 확실해서 그 달에 바로 오토십 을 걸고 본격적으로 섭취하기 시작. 그 이후로는 자연스럽게 제 하루 루틴이 되었어요. 💛 피엠인터내셔널 3종 구성 & 기능 ​ 1️⃣ 파워칵테일 (PowerCocktail) •	57가지 과채영양소 + 유산균 + 식이섬유 •	아침 공복에 한 잔 마시면 장이 가볍고 몸이 부드럽게 깨어나는 느낌 •	‘하루를 채우는 첫 잔’ 으로 딱! 시외할머니댁에도 챙겨간 파워칵테일 ​ 2️⃣ 액티바이즈 (Activize) •	‘산소주스’라는 별명답게 먹자마자 몸에 활력이 도는 느낌! •	에너지 · 집중력 · 대사 활성화까지 한 번에. •	바쁠땐 파워칵테일에 섞어서 마셔요. •	커피보다 훨씬 상쾌하게 하루가 시작돼요. 커피 대용으로도 마시는 액티바이즈 3️⃣ 리스토레이트 (Restorate) •	마그네슘, 칼슘, 아연 등 미네랄이 풍부해요. •	하루를 마무리하기 전 회복용 루틴으로 딱. •	근육 피로가 덜하고, 숙면 효과가 확실히 느껴져요. •	요즘엔 남편이 먼저 “리스토레이트 있지?”라고 물어봐요, 꿀잠과 회복을 도와주는 리스토레이트 ☀️ 나의 하루 루틴 ​ 🕖 아침 → 파워칵테일 + 액티바이즈 🌙 저녁 → 리스토레이트 ​ 아침, 저녁 간편하게 하루 2번 ​ 컵에 타서 휘휘 저으면 끝! 출근 전, 자기 전 1분 루틴으로 완성돼요. ​ 물 마시는 양도 적었던 저는 처음엔 마시는게 어색했지만 지금은 하루라도 안 마시면 허전할 정도로 몸이 먼저 찾는 루틴 이 되었어요🥰 작년 10월말쯤, 매일 누워 지내던 나 ​ 🌼 8개월째, 달라진 나 ​ ✔️ 커피량이 확 줄었어요. ✔️ 오후 피로감이 줄고 집중이 오래가요. ✔️ 숙면 덕분에 아침이 상쾌해요. ✔️ 피부랑 컨디션이 일정하게 유지돼요. ​ 하루 루틴이 달라지니 삶의 리듬도 훨씬 부드러워졌어요. ‘몸이 먼저 반응하는 건강함’ 이란 게 이런 거구나 싶었죠. 건강기능식품으로 이런 변화가 오다니, 진짜 놀라워요. ​ 표정도, 기운도 훨씬 좋은 어제의 나 ​ 💬 진심으로 전하고 싶은 말 ​ 건강은 노력보다 기준. 매일 내 몸에 좋은 걸 넣어주는 루틴, 그 기준을 찾고 나니 “나도 할 수 있다”는 자신감이 생겼어요. ​ 하루 두 잔의 변화, 저처럼 진심으로 느껴보셨으면 좋겠어요💛 ​ 👇 제가 실제로 사용하는 공식 링크도 함께 남겨둘게요. 👉 피님인터내셔널 공식몰 바로가기 (제 코드 20877475 넣고 팀파트너로 가입하면 30% 할인가에 구매 가능해요!) ​",2025-10-18,,20877475,6,6,"#pm주스, #건강루틴, #내돈내산, #대사활성화, #리스토레이트, #산소주스, #숙면루틴, #액티바이즈, #파워칵테일, #피엠3종, #피엠인터네셔널, #활력충전","https://blogpfthumb-phinf.pstatic.net/MjAyNTEwMjFfMjIx/MDAxNzYxMDIwODU2NzA3.YLSIcFu8F4o7ms45OmWfEYed2tY-xzytEcCRvbQYDisg.xGVMAVj8yjEIqsBF4SWVxJuKzR7OsUGCNiHSHvZ2XDAg.PNG/profileImage.png?type=s1, https://postfiles.pstatic.net/MjAyNTEwMjBfMjMw/MDAxNzYwOTQ2NTkyNzI2.X_gl4HsKH5ILW7BCIEdzv9G2slY3HL7-clVEMq9Xf1Eg.JML4gf40XbmH1KCYZXzJ1jb1fCbvGcSoK1Yr2bWxZaUg.JPEG/20250306%EF%BC%BF132310_Copy.JPG?type=w773, https://postfiles.pstatic.net/MjAyNTEwMjBfNDEg/MDAxNzYwOTQ2NTkzNzQx.BHF5a3ep61iNPTTyb5frDcGRdaoCWuzjqPhreU3IXTUg.CT4lhZnnKIFMKDM1Xn1zpzOH-IEndvTXKeHrDtLBiBog.JPEG/output%EF%BC%BF996228815.jpg?type=w80_blur, https://postfiles.pstatic.net/MjAyNTEwMjBfMjE1/MDAxNzYwOTQ2NTkzNzE1.ZCF9GarGX8BlsHDHkRSJ17w78WmUGMGr28IMgvIE_Kkg.O8XD_oSX4qeFscZmGScOYsDi-euja4H5vxQutikhRSog.JPEG/output%EF%BC%BF118786175.jpg?type=w80_blur, https://postfiles.pstatic.net/MjAyNTEwMjBfODAg/MDAxNzYwOTQ2NTkzNzk0.ySbplXN-13i7OH26XzLI5MgSd8YgNqe8yrXV-kZxpQcg.OHb79wBYzmjC_CFBiG4rrnzJgw3Oda6sMbjw56M45gAg.JPEG/output%EF%BC%BF1224152583.jpg?type=w80_blur, https://postfiles.pstatic.net/MjAyNTEwMjBfMjAw/MDAxNzYwOTQ2NTkzNzcz._QN5jMMwzyRLcdvx9-aYM0iQtv-CvhhrkeyInaiYrmQg.v5LZY-Oi2n_tOogFVMtZXsqYvN2ORtu82NsmuIOIAEog.JPEG/20250513%EF%BC%BF155112.jpg?type=w80_blur, https://postfiles.pstatic.net/MjAyNTEwMjBfOTkg/MDAxNzYwOTQ2NTkzNTIz.OB8ZjsrzSMt0DU6ynnqVP6Q7zOlfMNI2f4rxyAOp-EIg.Hgx1SoHghkL2TDOe444IgmGKbKM7QMnNrsCFJTrUpM0g.JPEG/1000041478.jpg?type=w80_blur, https://postfiles.pstatic.net/MjAyNTEwMjBfMTIw/MDAxNzYwOTQ2NTkyNzY3.Txnmmd7BzXDvCLyVmP2iYaQMgeq4LwtfoVMDyS7-0Gsg.PC6kTGaOFoUeTsVhnxXfQquYkLbmAPuu_uc97dIkSQYg.JPEG/IMG%EF%BC%BF3781.jpg?type=w80_blur, https://postfiles.pstatic.net/MjAyNTEwMjBfMTM2/MDAxNzYwOTQ2NTkzMzk1.ApwhQLjCqdch8UBKAqAGwjz90JWbP3Ue1VWq38W18qog.Gvs553IUmuUw8l_HKaibz-rLxRhll1jIoj9CYV5eFr8g.JPEG/output%EF%BC%BF1182539216.jpg?type=w80_blur, https://postfiles.pstatic.net/MjAyNTEwMjBfMzUg/MDAxNzYwOTQ2NTkyOTIy.397vgpRmri9C37sGQd8XIqT5eMLKZng8TH4RhIn6aCIg.5nt8H1B1xRnd5wfx8OEtTVXO7u4qAVagQUPWRhdqTq4g.JPEG/output%EF%BC%BF4239035484.jpg?type=w80_blur",,2025-11-06
naver_blog,chlehd14_224061854789,chlehd14,https://blog.naver.com/chlehd14/224061854789,피엠인터내셔널 회원가입 ㅣ이거 보고 가입완료!😊,"안녕하세요 😊 독일 PM 사업가 최동희입니다. ​ ​ 공식 홈페이지에서 정품을 합리적으로 구매할 수 있는 피엠인터내셔널 회원가입 방법을 자세히 안내해 드릴게요. ​ ​ 처음 방문하시는 분들도 사진과 함께 천천히 따라 하시면 어렵지 않습니다 ✨ ​ ​ 📍가입 후 오토십신청까지 하신분께는 무료로 전용 보틀을 선물해드리고 있으니 글을 끝까지 읽어봐 주세요~! ​ ​ ✅ 1. 피엠인터내셔널 홈페이지 접속하기 먼저 아래 공식 링크를 클릭해 주세요 👇 👉 https://pm.pmi-korea.com/main.do ​ ​ ​ ​ 접속 후 오른쪽 상단 의 회원가입 버튼을 클릭합니다. ​ ​ ​ ​ ​ 정품을 저렴 하게 구매하고 다양한 혜택을 받으려면 ‘ 팀 파트너 ’ 선택이 유리합니다 👍 ​ ​ 이 모든 과정이 피엠인터내셔널 회원가입의 첫 단계입니다. ​ ​ ​ ​ 📝 2. 약관 동의 및 본인 인증 약관 전체 동의 체크 ( 회색 → 파란색 으로 바뀜) ​ ​ ​ ​ ​ 통신사 선택 후 ​ ​ ​ ​ 문자 인증 진행 (가장 간단합니다~!) ​ ​ ​ ​ ​ 이름, 주민번호, 연락처, 보안문자 입력 후 확인 ​ ​ ​ ​ ​ 문자로 받은 인증번호를 입력하면 본인 인증이 완료됩니다 📱 ​ ​ ​ ​ 💡 3. 기본정보 및 추천인코드 입력 기본적인 정보를 작성해줍니다! ​ ​ 영문 이름의 경우 여권을 확인하셔도 되고, 아래 링크로 확인하셔도 됩니다! https://ems.epost.go.kr/ems/front/apply/pafao07p12.jsp 영문변환기 영문변환기 닫기 영문변환기 한글이름 변환 영문이름 확인 초기화 ems.epost.go.kr ​ ​ 회원가입 시 추천인은 필수 입력 항목입니다. 아직 정해지지 않았다면 아래 코드를 입력해 주세요. ​ ​ 👉 추천 코드 : 20766344 (최동희) ​ ​ 입력 후 가입 완료를 누르면 절차가 끝납니다! ​ 이렇게 하면 피엠인터내셔널 회원가입이 성공적으로 완료됩니다 🙌 ​ ​ ​ 🔍 4. 한눈에 보는 가입 요약 1️⃣공식 사이트 접속 → 회원가입 클릭 2️⃣팀 파트너 선택 → 약관 동의 및 인증 3️⃣ 추천 코드 입력 : 20766344 (최동희) 4️⃣ 가입 완료 → 정품 저렴한 구매 + 오토십 혜택 ​ 이처럼 피엠인터내셔널 회원가입만 완료해도 정품 제품을 더욱 합리적인 가격에 만나보실 수 있습니다 🌿 ​ ​ ​ 🎁 5. 가입 후 혜택 ​ 회원가입 후에는 공식몰에서 정품 제품을 보다 합리적인 가격에 구매할 수 있으며, 정기 배송 서비스(오토십) 설정 시 추가 혜택 도 받을 수 있습니다. ​ 특히 오토십을 신청하면 피엠인터내셔널 회원가입 고객만을 위한 소정의 선물과 특별한 할인 혜택이 제공돼요 🎉 ​ 오토십 은 아래 링크에서 신청방법 확인 가능! https://blog.naver.com/chlehd14/223953876033 공식 피엠인터내셔널 홈페이지로 정품 쥬스 싸게 먹는 꿀팁 안녕하세요 ^_^ 오늘은 공식 피엠인터내셔널 홈페이지로 정품 쥬스 싸게 먹는 꿀팁에 대해 알려드릴게요~! ... blog.naver.com ​ ​ 오토십까지 신청 하신분들은 저에게 문의 주세요!! ​ 피엠쥬스를 마실때 사용하기 편한 전용 보틀을 선물 로 드립니다😊 ​ ​ ​ 아래 링크로 문의 주세요! https://blog.naver.com/chlehd14/223727996310 독일 피엠 인터내셔널 제품 및 비즈니스 문의ㅣ최신버전 독일 피엠 인터내셔널 공식 사업가 최동희입니다. 🔽 아래 카톡 프로필로 연락주세요. 🔽 https://open... blog.naver.com ​ ​ ​",2025-11-02,,20766344,0,3,"#독일pm쥬스, #독일피엠, #독일피엠인터내셔널, #피엠, #피엠인터내셔널, #피엠인터내셔널회원가입, #피엠쥬스","https://blogpfthumb-phinf.pstatic.net/MjAyNTA5MDJfMjE5/MDAxNzU2NzgzMDUzOTc0.JCyZc8uUbcdacd3wj5vLppomeEp8j4tr62b99RWf_zEg.EbrKqietNo9-3BLhj5SNAIWBhkALaVO6zz9Xc3Jpj8Eg.JPEG/KakaoTalk_20250902_121706256.jpg/KakaoTalk_20250902_121706256.jpg?type=s1, https://postfiles.pstatic.net/MjAyNTExMDJfMjkx/MDAxNzYyMDUyNTI4MDU5.oFNGOIPyNMYSNnkkPXLc2mt0Voo_lIrTEothKuwjmEsg.wrA_z7jCDMdngZMGSL4_kULUjNGMHYQEx2VlxByR0XUg.PNG/SE-24b3d0e2-005b-4091-9687-3facbae249e4.png?type=w80_blur, https://postfiles.pstatic.net/MjAyNTExMDJfMzUg/MDAxNzYyMDUyNTI4NjUy.j33jUBQvCWz_xE2xdH0oS_SaztrSm-bathxS1H-erzwg.OXLsFm34Vo42k8j75Y-ICL3hUVhTsCr7ixzT03mH4hIg.PNG/SE-4a215abc-b94c-4cef-89f3-3f65d9558d55.png?type=w80_blur, https://postfiles.pstatic.net/MjAyNTExMDJfMTM3/MDAxNzYyMDUyNTI5MTYw.gaK-ekIEYtMjLTGP-O_SGy9MGAi7_GYJ0NSxlBdnyFQg.Mo0vYIVK6KIFn9Mv1564EXGkD1v9kE_-N2UDzke4x7Ug.PNG/SE-2d436fe9-095d-44ec-902b-09f05a6b1362.png?type=w80_blur, https://postfiles.pstatic.net/MjAyNTExMDJfNTgg/MDAxNzYyMDUyNTI5NjI5.H226EdeF7xKl5--SpJ6euOgWScDjVkkHJwDOBGXVZ-og._tCri5PwTTvyEAx1M95w4l4ky8x5QELL6uB0pYp2PtUg.PNG/SE-f758df09-f4b3-419c-b49a-6f23698bbc45.png?type=w80_blur, https://postfiles.pstatic.net/MjAyNTExMDJfMjA0/MDAxNzYyMDUyNTMwMTQ1.uyr1ng9d5o0qPDJzqrAW3xbO1A9FgArotTJaBTXmuV4g.-6AdGbBowyebvuf2Fz9EcN7z-cabc2uvEj_fdXw37kEg.PNG/SE-d22c2005-771e-46d9-9758-b42cd056002b.png?type=w80_blur, https://postfiles.pstatic.net/MjAyNTExMDJfMjg1/MDAxNzYyMDUyNTI0NDQw.6Auda5MEdZOw5J-RFP2FvTZHtDugjv2jRt2POXYJ9Ecg.O98CEgIOxQvqWA8TlU4KFNOh57ifLyhZyZ3DjX1rtV4g.PNG/SE-1119b5ff-519b-4a49-8847-2fda07667af0.png?type=w80_blur, https://postfiles.pstatic.net/MjAyNTExMDJfMTM3/MDAxNzYyMDUyNTI1NDAy.nUzoAA97SI-QkWqoKr0Bc_HKA7djoRAuEhWomtWuD-wg.micFxebt_C12AxND8uyy6q393-dTDVPA8McRqp3I6GMg.PNG/SE-a497edc5-5f3f-40d3-b895-f113375fce4b.png?type=w80_blur, https://postfiles.pstatic.net/MjAyNTExMDJfMTk2/MDAxNzYyMDUyNTI1ODY1.UHgUCB7M-MLWEEYeWq0Q3JGcAZY88qAjk_ZXDcL2HDog.odOn9ob9YOjwJgbSrIUIuveYCYnmFtvblbtYDj28MVMg.PNG/SE-ca58f4a0-dd2c-44ea-8084-52e79823a965.png?type=w80_blur, https://postfiles.pstatic.net/MjAyNTExMDJfNDIg/MDAxNzYyMDUyNTI2NDAx.CLlnCpilsImr6x3WKMGDQQ7Fi-SqUnJ4L_ML1aeYTV8g.Ymu3G02b8DHyIFQbjHLWdlNmCICGUxO0r_PhX9moDxsg.PNG/SE-75151046-0884-4370-9c8f-4987d495d439.png?type=w80_blur",,2025-11-06
naver_blog,serysery-_224033650808,serysery-,https://blog.naver.com/serysery-/224033650808,"피엠 인터내셔널, 그냥 제품만 먹을 게 아니라 가입해야 하는 이유","1. 피엠 인터내셔널, 왜 가입이 필요할까? 많은 분들이 피엠주스(FitLine) 같은 제품을 단순히 구매해서 섭취하는 경우가 많습니다. 저도 처음에는 건강 보조제로 마시면 되겠지라는 생각으로 시작했어요. 그런데 막상 제품을 꾸준히 먹어보면서 알게 된 사실이 있습니다. 피엠 제품은 단순히 소비만 하는 것보다, 회원으로 가입해 활용하는 게 훨씬 유리하다 는 점입니다. ​ 피엠인터내셔널 피엠인터내셔널 독일 직접판매 업체, 건강기능식품, 화장품, 단백질 보충용 식품 등 판매 www.pmi-korea.com 2. 제품만 먹을 때와 가입했을 때의 차이 2-1. 가격 혜택 일반 소비자로 구매하면 정가로만 살 수 있지만, 회원 가입을 하면 ""파트너 가격(할인가)""으로 구매할 수 있습니다. 저도 가입 전에는 매번 정가로 샀는데, 가입하고 나니 장기적으로 훨씬 절약이 되더라고요. ​ 2-2. 꾸준한 관리 시스템 가입하면 단순히 제품만 사는 게 아니라, 정기 배송 맞춤형 건강 상담 식단/운동 프로그램 공유 이런 라이프스타일 관리 시스템 에 초대됩니다. 저 같은 경우, 혼자 영양제를 챙겨 먹을 때보다 훨씬 꾸준히 관리할 수 있었습니다. ​ 2-3. 수익 기회 물론 모든 사람이 수익을 위해 가입하는 건 아니지만, 주변에서 “너 피부 좋아졌다” “에너지가 달라졌다”는 얘기를 듣고 자연스럽게 제품을 추천하게 됩니다. 그 과정에서 파트너 활동을 통해 보상 을 받을 수 있는 구조라, 좋아서 쓰다 보면 어느새 부업 기회로 이어지기도 하죠. ​ 소비자가와 파트너가 비교 및 포인트 3. 제가 가입 후 느낀 장점 저는 원래 부업보다는 건강 때문에 시작했는데, 가입을 하고 나니 몇 가지 의외의 장점이 있었습니다. 제품을 더 합리적인 가격에 살 수 있어서 부담이 줄었고, 파트너 모임에서 식단·운동 습관을 공유하며 건강 습관이 강화됐습니다. 주변에서 제품을 궁금해할 때 그냥 알려주는 것만으로도 소소한 보상 을 받을 수 있었습니다. 결국 저에게는 단순히 제품만 사먹는 것보다 삶의 방식이 조금 더 업그레이드 되는 경험이었어요. 4. 소비자가 유의해야 할 점 다만, 가입한다고 해서 누구나 큰 수익을 얻는 건 아닙니다. 중요한 건 건강관리 목적 이 먼저라는 점이에요. 무리하게 제품을 과다 구매할 필요 없음 과장된 수익 약속에 기대지 말 것 내가 실제로 만족하는 제품이어야 주변에도 자연스럽게 전달 가능 저는 이 원칙을 지키면서 사용하다 보니, 가입한 게 오히려 현명한 선택이 되었다고 느낍니다. 5. 결론 : 소비자에서 파트너로 피엠 인터내셔널 제품을 단순히 소비하는 것도 좋지만, 가입을 통해 가격 혜택 + 꾸준한 관리 + 부업 기회 까지 얻을 수 있습니다. 저는 처음엔 “가입까지 할 필요 있을까?” 싶었지만, 직접 경험해보니 제품만 먹는 것보다 훨씬 많은 가치를 얻을 수 있었어요. ​ 👉 그래서 제 결론은, 피엠 제품을 꾸준히 사용할 생각이라면 단순 소비자가 아니라 가입자(파트너)로 시작하는 게 더 현명하다 는 것입니다. ​ ​ ​ ​ ​ ​ ​ ※피엠 제품에 대해 궁금하시거나 관심 있으신 분은 연락 주세요. 정성껏 도와드리겠습니다. 추천인 가입하셔서 오토십 신청하시면 선물을 드립니다!! ​ ​ 네이버 폼 피엠 제품 문의 - 네이버 폼 피엠 제품 문의 네이버 폼 설문에 바로 참여해 보세요. form.naver.com ​ ​ 2. 네이버 톡톡 궁금할 땐 네이버 톡톡하세요! ​ ​ 3. 카카오톡 오픈채팅 https://open.kakao.com/o/s8k8xIUh 독일 PM 주스 문의 독일에서 온 피엠주스에 대해 관심 있으신분 궁금한 점이 있느데 물어볼 곳이 없으신 분 환영합니다!! open.kakao.com ​ ​ ​ ​",2025-10-06,,,1,1,"#Fitline, #pminternational, #건강관리, #건강보조식품, #부업추천, #영양제추천, #태그, #피엠가입, #피엠부업, #피엠인터내셔널, #피엠주스, #피엠혜택, #피엠후기","https://blogpfthumb-phinf.pstatic.net/MjAyNTA5MjlfMjUg/MDAxNzU5MTA2OTUyNDA0.pORA-g4n-hX8NZ-n6xAV6U9NYX7yMVdSG-V8bBbd0MQg.00mlAlHv7KIIB_MOkrBj1ieYOAOHnpQZLnaBFCILISwg.JPEG/1.jpg/1.jpg?type=s1, https://dthumb-phinf.pstatic.net/?src=%22http%3A%2F%2Fwww.pmi-korea.com%2Fresources%2Fimage%2Fcommon%2Fsns_logo.png%22&type=ff500_300, https://postfiles.pstatic.net/MjAyNTEwMDZfMjE1/MDAxNzU5NzYxODY4Mzk2.SZ6KwE73GPrcC4LCBhPmuVssiAuOGK6YBKqlCn13jT8g.fRWYnMgkNtMPSrCRC7ndeeyX664cpd6QDK9tUGjZm-sg.PNG/%EC%86%8C%EB%B9%84%EC%9E%90%EA%B0%80.PNG?type=w80_blur, https://dthumb-phinf.pstatic.net/?src=%22https%3A%2F%2Fsurvey.pstatic.net%2Fnform%2Fimage%2Flogo_og.png%22&type=ff120, https://dthumb-phinf.pstatic.net/?src=%22https%3A%2F%2Fiopen.kakaocdn.net%2Fimg%2Fog%2Fv2%2Fko_scrap_sv_003.png%22&type=ff500_300",,2025-11-06
naver_blog,pmi_wonhee12_224035581035,pmi_wonhee12,https://blog.naver.com/pmi_wonhee12/224035581035,피엠인터내셔널 소개,"피엠인터내셔널은 건강,운동,미용 분야에서 고품질 제품 으로 전 세계 시장을 선도하고 있는 직접판매회사입니다. 혁신적인 바이오 기반 의 건강기능식품과 화장품을 연구 개발하여 지속적인 성장을 거듭해 가는 기업으로, 더 많은 자유와 경제적 독립을 누릴 수 있는 최고의 기회를 제공합니다. ​ ​ 세계적 기업 -1993년 설립/32년된 세계적 기업 -전세계 45개 이상의 지사 및 유통 -나의 회원번호로 전 세계 어디서나 비지니스가 가능한 글로벌 원서버 입니 다 건전한 재무구조 -신용평가 AAA+ ,부채비율 0% ​ ​ ​ PMI 사업이념-사람을 돕는것 1.사람들이 건강하게 유지 하도록 돕는다. 2.사람들이 필요한 영양분 을 채울 수 있도록 돕는다. 3.사람들이 변화 할 수 있도록 돕는다. 4.사람들이 자신감을 가질 수 있도록 돕는다. 5.사람들이 수입 을 늘릴 수 있도록 돕는다. 6.일상 속에서 즐거움과 기쁨 을 줄 수 있도록 돕는다. ​ 이것이 기본적인 PMI의 존재이유 입니다. ​ 피엠인터네셔널은 세계에서 가장 성장률이 높은 회사로 거듭나고 있습니다. 전세계 22,000개의 직접판매회사 중에 6위, 국내 진출 4년만에 업계 3위로 진입 후 3년연속 유지를 하고 있습니다. 2024년 매출 기준 약 4조 4,700억원 세계6위이며 지속적 매출 성장의 의미입니다 ​ 2021~2025 5년 연속으로 전 세계에서 가장 높은 회사에게 주는 Intermational Growth Award 수상. 또한 국내에서도 가장 성장률이 높은 회사이며, 액티바이즈,파워칵테일,리스토레이트 3종의 제품이 전체 매출의 75%입니다. ​ ​ PM이  최고 일수 박에 없는 이유 첫번째! 2016년 룩셈부르크정부가 설립한 LIST(룩셈부르크과학기술연구소)와 원천 기술을 사용할수 있는 전략적 공동연구협약 체결, PMI연구개발팀은 2019년 어퍼 오스트리아 응용과학대학교 (요세프 레셀 센터)와 협력하여 NTC기술이 적용된 혁신적 제품을 개발합니다. 혁신적인 바이오 기반 첨단 기술 제품 연구개발,직접개발 합니다. 2025년 R&D(연구개발)부서에 1억 유로 (한화 약 1,505억원)투자 ​ ​ PM이  최고 일수 박에 없는 이유 두번째! 무방부제,천연감미료,천연향료 ​ 세계 최고의 연구진과 협력하여 만들어내 결과물 화학방부제가 들어가지 않고 천연 유기농 재료로만 만든 완전 천연식품 입니다. ​ 제품 유통기한--약 1년(건강기능식품/화장품) 화장품-최고등급 피부 안전성 더마 테스트 5⭐️⭐️⭐️⭐️⭐️ ​ 영양소는 세포 속으로 들어가지 않으면 내 몸에 찌꺼기로 남습니다. 독일 명품 피엠 제품은 몸속에 찌꺼기를 남기지 않습니다. ​ ​ 피엠의 독보적인 핵심 역량 기술 (NTC공법) 영양분 흡수,전달에 역량 집중[NTC공법]이며, 국내/국제 특허 70여개(2023기준)을 보유. NTC는 영양소의 흡수율을 높여 세포단계까지 영양소를 전달하는 PM의 독보적인 영양 전달 컨셉입 니다. 쉽게 설명하면 흡수율,전달율,이용율 을 높이는 공법입니다. ​ NTC공법에 사용된 (특허)기술들은 MicroSolve기술 : 지용성 영양소를 수용화(지질미셀 형태) ​ 상간이동촉매(PTC)기술 : 세포안에 영양소를 전달하는 기술 ​ 성분배합과 영양소 그룹 효과(NGP) : 영양소 팀워크(시너지효과) ​ 친수성 액상 형태 : 분말을 물에 타서 마시는 액상 섭취 형태 ​ 아유르베다 약초제조기술 : 인도의 동의보감(독성제거)-알러지 있는사람도 OK. ​ PM은 안전과 신뢰를 보증합니다. ​ 가장 안전한 원료 를 사용합니다. (천연식물유래 원재료, NON GMO알코올,NO 젤라틴) ​ 가장 안전한 장소 에서 제조합니다. (의약품 제조,관리 기준 지침에 따라 제조(독일피엠시설) ​ 세계 최고의 기관 TUV(150년된 글로벌 인증기관), 6개월마다 엄격한 품질검사 를 합니다. ​ 우리 나라오ㅏ 미국뿐만 아니라, 전 세계 45여개 나라 식품 의학 안전처 에서 안정성을 인정받고 있습니다. ​ ​ ​ 피엠의 모든 제품은 도핑테스트를 통과한 도핑 프리 제품입니다. 국가대표선수들이 안심하게 섭취하는 가장 안전한 제품 입니다. (올림픽기간에도 섭취가능) 피엠 건강기능식품 전 제품은 쾰른 리스트 등재(Cologne List) ​ 쾰른 리스트는 독일도핑방지원회(NADA)와 독일 올림픽스포츠위원회(DOSB)의 긴밀한 협력하에 통합적으로 운용되는 금지약물을 방지할 목적으로 제작된 명단입니다. ​ 2006년 세계 최초로 발간되었으며, 스포츠 운동 선수들의 도핑 위험 최소화를 위하여 제품 라벨에 명시된 영양성분에서부터 스테로이드,호르몬 전구체,각성제 등 금지 약물에 대한 철저한 검증 과정을 통해서만 등재. ​ ​ 더 나은 세상을 위한 헌신 월드비전(WORLD VISION)과 지속 가능한 미래를 위한 가치 공유 가나,캄보디아,인도 등 25개국 6,600명의 아동 (2024기준), 가족 및 지역사회를 돕는데 헌신 PM에서 판매하는 모든 제품은 어린이에게 ""생명의 시간""및 보다 나은 성장의 기회를 제공합니다 ​",2025-10-09,,,0,2,"#더드림그룹, #리스토레이트, #액티바이즈, #태그, #파워칵테일, #피엠, #피엠3종, #피엠인터내셔널, #피엠주스먹는방법, #피엠쥬스","https://blogpfthumb-phinf.pstatic.net/MjAyNTEwMDhfMjgy/MDAxNzU5OTI3NzQ4NzEy.BEnm_LcnZNlu0JalvtyL7ZuChQ800-ZhZld1cqUIXDAg.UZSgkCJLrS-pOwLmeFbZa3MKAd1nfPb6BBjjYNAhNtog.PNG/KakaoTalk_20250716_222023274.png/KakaoTalk_20250716_222023274.png?type=s1, https://postfiles.pstatic.net/MjAyNTEwMDlfMjgw/MDAxNzU5OTc3OTE2MDk5.S-zArl0xmoH9lX_YhuUaAUsA6dAJB6z7i7LeRVco2wgg.WHhiBUFNKA0NXuqiYjSzQOCoFkmsd8b-JquY_g4XdDcg.PNG/%EA%B7%B8%EB%A6%BC01.png?type=w80_blur, https://postfiles.pstatic.net/MjAyNTEwMDlfODQg/MDAxNzU5OTc3MTY1MTQ4.t0Wm-pwsWg3BL5mdiPB74-RS6xd8PeNXMUaVldxIag8g.V44tiQWhiJOBFo_TRIa9aFGf5YvyqWNZN6ICjn1d1Zwg.PNG/%EA%B7%B8%EB%A6%BC03.png?type=w80_blur, https://postfiles.pstatic.net/MjAyNTEwMDlfODcg/MDAxNzU5OTc3MTc2NzY4._mxoQC2Q6eJmNzg60NVuWuAfm4v-ACzCbsGplUG6Q-Qg.ehj9wqqYauf6OK7NfK-tmmkS4ZHbUqgEBUVBFPKQ640g.PNG/%EA%B7%B8%EB%A6%BC04.png?type=w80_blur, https://postfiles.pstatic.net/MjAyNTEwMTJfMjcy/MDAxNzYwMjQ1OTk4ODUy.SBBw-gy695BI7rZgpLeVYgbuCY34NeZ5yO-67jRXKmcg.ypAE4Z9wtdEAcwxVxV57mPrXMBFSoZyEykbs4YHI244g.PNG/%EA%B7%B8%EB%A6%BC03.png?type=w80_blur, https://postfiles.pstatic.net/MjAyNTEwMDlfNDcg/MDAxNzYwMDE3NTkyNTQ0.SmjFQuQ3c5NmWHbs6cd1LOVu1F6-fA8hx4LdqlFaf4Qg.Rksp4xJIXme45vctdg9NJsLpA7UiH4LyW53vCMEVzlkg.JPEG/IMG%EF%BC%BF6625.JPG?type=w80_blur, https://postfiles.pstatic.net/MjAyNTEwMDlfNjUg/MDAxNzYwMDE3NTkyNTA0.Zxd8n-qn69e0TUgAw7MOHMFxWJdHHuBK7K3n3fPRowwg.2B5QA3n2npDLL2bCLZ0MYLGlZsyc03sFdh_VwgkGJTIg.JPEG/IMG%EF%BC%BF6626.JPG?type=w80_blur",,2025-11-06
naver_blog,cheina2_224063565927,cheina2,https://blog.naver.com/cheina2/224063565927,"피엠인터내셔널코리아, 현재 놓치면 안 될 프로모션 3가지","안녕하세요. 건강하고 아름다운 삶을 추구하는 피엠 비즈니스 6년 차 채이나입니다. 해운대독일피엠 부산pm 오늘은 피엠인터내셔널코리아, 현재 놓치면 안 될 프로모션 3가지에 대해 빠르게 알려드리겠습니다. 첫 번째 프로모션은( 사상 최초 ) 피엠인터내셔널코리아 7주년 기념 이벤트 액션팩(2종*5개월분)을 총 2팩 구매 시 파워 칵테일+리스트 레이트(2개월분) 30만 원 상당 제품을 선물 로 드리는 프로모션입니다. 1인 구매한도가 10팩이기에 한정수량 조기종료 예상 됩니다. 가족단위 혹은 파워칵테일 좋아하시는 분들 무조건 서두르셔야 합니다!! ​ 이건 현재 가장 놓치면 안 될 프로모션이고 11월 말까지 진행 예정입니다. ​ ♥파워칵테일+리스토레이트 2set 선물 ▼자세히 보기 아래 링크 클릭▼ https://blog.naver.com/cheina2/224061097887 피엠인터내셔널코리아의 비밀, 전 세계가 사랑한 올인원 주스 안녕하세요 🌿 피엠비즈니스 6년차, 식품영양 전공자 채이나입니다. 요즘 피엠인터내셔널코리아 고객분들... blog.naver.com 두 번째 프로모션은( 사상 최초 ) 피엠인터내셔널코리아 신규 오토십 가입 회원에게 액티바이즈(4만원대) 제품 한 개를 선물로 드리는 프로모션입니다. 오토십이란... 피엠인터내셔널코리아 정회원 가입 후 정기구독 ( 오토십 ,월 137100원 )을 신청하신 회원을 말합니다. 모든 프로모션 적용 대상이며 3개월 단위로 자동주문 배송 되어 집에서 편리하게 영양 파우더주스 2종(파워+리스토) 을 받아보실 수 있습니다. 해운대독일피엠 채이나 ♥신규 회원 가입-액티 바이스 선물 ▼자세히 보기 아래 링크 클릭▼ https://blog.naver.com/cheina2/224049218790 [최초 이벤트] 독일pm쥬스 오토십하면 액티바이즈 1개 공짜! 역대급 혜택 캬!....... 하늘은 드높고 공기는 상쾌하기 그지 없습니다~~ 그렇게 끝날 것 같지 않던 더위가 한 풀 꺾이... blog.naver.com 피엠인터내셔널코리아의 이 프로모션은 기한이 11월 14일(금)까지 이니 오토십을 계획 중이시라면 절대 놓치지 마시길요! 세 번째 프로모션은(겨울 시즌) 겨울에만 판매하는 액티펀치 를 5개 값으로 ​ ​ 한 개 더 받는 프로모션입니다. 액티펀치는... 기존 액티바이즈 성분과 동일한데, 계피 가 첨가되어 몸을 더 따뜻하게 해 줍니다. 뱅쇼를 모티브로 뜨거운 물에 태워도 비타민 파괴 걱정 없이 즐길 수 있어요. 다양한 tea( 자몽 티, 청귤 차..)에 넣어 맛있게 즐길 수 있습니다. 해운대독일피엠 채이나 ♥ 1년을 기다렸다-겨울에 만나는 액티펀치 ▼자세히 보기 아래 링크 클릭▼ https://blog.naver.com/cheina2/224054196949 🍊 피엠쥬스 액티펀치, 겨울에 따끈하게 마시는 액티바이즈 벌써.......! 올해도 이제 두어 달 밖에 남지 않았네요! 안녕하세요 6년 차 피엠쥬스 전문가 해운대독일피... blog.naver.com 특히, 액티펀치는 1년에 딱 1~2번 밖에 구매할 기회가 없습니다. ​ 저는 요즘도 새벽에 눈을 뜨면 가장 먼저 액티바이즈 대신 액티펀치를 따끈하게 마시는데요, 독일피엠 겨울 액티펀치 ​ 살짝 더 찐하고 달콤한 맛이 느껴져요 따끈하게 뿐만 아니라, 차가운 물에도 가능하오니 이 기회를 놓치지 마세요! 1년분씩 쟁이시는 분 들 정말 많답니다! 오늘은 피엠인터내셔널코리아에서 현재 놓치면 안 될 프로모션 3가지에 대해 알려드렸어요! 감사합니다~ 회원가입(추천인 코드: 8367534) 최*영  (해운대독일피엠) 365일 24시간 상담없이 셀프로 가입주문 가능 큐알코드로 가입하세요 해운대독일피엠 액티펀치 ​ 가입/주문 상담을 원하시면 ▼아래 링크를 클릭하세요! ▼ 해운대독일피엠 채이나 ​ ​",2025-11-03,,,5,5,"#프로모션, #피엠인터내셔널, #피엠인터내셔널코리아, #피엠인터내셔널회원가입","https://blogpfthumb-phinf.pstatic.net/MjAyNTEwMDNfMzcg/MDAxNzU5NDUzNjI1MTcw.osGFpaxRaCdkYgzXsyaYNU-PNWtjIS2BNEo9Sopft5Qg.MHchEDxokWdQ9JDH_ckRKF5_oCHDNROcEW0DzJGfW2Mg.JPEG/KakaoTalk_20251003_100623600.jpg/KakaoTalk_20251003_100623600.jpg?type=s1, https://postfiles.pstatic.net/MjAyNTExMDRfMTEg/MDAxNzYyMjI0NDQ5NDQ1.57FTqACz9k6ZPrgA1RbIv8A-rY08zAaF-0DtgtAVWGkg.B8hZ_UTImwHgWnDKo8hAmB08GnqMAPIuuWEC6h3pjWUg.JPEG/SE-aad651ec-0f16-45b0-bb09-daafe7935c7e.jpg?type=w773, https://storep-phinf.pstatic.net/motion3d_02/original_4.gif?type=pa50_50, https://postfiles.pstatic.net/MjAyNTExMDNfMjM4/MDAxNzYyMTc2MTMxMjg3.QXlrRSEjSiCstmX_B8fpMmiHFmtM3yqeNWq02g_KISwg.AIFvxWfpittmpIwF0mx0RiuqGie8f3yJ3AlubC5MWOgg.JPEG/SE-7aa33c0a-f375-4a0d-a8dd-6088521775d1.jpg?type=w80_blur, https://dthumb-phinf.pstatic.net/?src=%22https%3A%2F%2Fblogthumb.pstatic.net%2FMjAyNTExMDFfMTg3%2FMDAxNzYxOTc5MDczNzk2.mL9YkiUeA-IYF6RrnuyvoChozAdEQ1uBTZJ51I79O34g.Kqrb9HBL0UKYK-L1XbjP0Yc-iq4RTZ3ots4W7D-PsVQg.JPEG%2F900%25A3%25DFScreenshot%25A3%25DF20251101%25A3%25DF153646%25A3%25DFPhoto_Editor.jpg%3Ftype%3Dw2%22&type=ff500_300, https://dthumb-phinf.pstatic.net/?src=%22https%3A%2F%2Fblogthumb.pstatic.net%2FMjAyNTEwMjZfNTkg%2FMDAxNzYxNDU1MDczMDk0.FTC3HJbrgqQXq7aTV_xhzDxVbtHvS1do2IRYGIHYOQog.nMpPf8l0GsF-lZIiW9q6RG-lPP8p5ORzYguix6mUOIwg.JPEG%2F900%25A3%25DF1761455072286.jpg%3Ftype%3Dw2%22&type=ff500_300, https://postfiles.pstatic.net/MjAyNTExMDNfNTUg/MDAxNzYyMTc1ODg5NjY0.hCFzNNGgGpNFNDYLEFWM9Kl-FnFjlJJ-B-Xfp4FB0Bwg.VctdrAwMtdQK9ugQO5IOBR3GLVuAqj-MGR1o8UMpo8Qg.JPEG/KakaoTalk_20251103_141940184.jpg?type=w80_blur, https://postfiles.pstatic.net/MjAyNTExMDNfMjgx/MDAxNzYyMTc1ODkwMzk1.O5FnyKn3KgEMoV7bAUx4xJfMK8MYoQQcS-6tWVjkKh4g.cZ6vWBuEJj62r278ywv1iQQIjGqBp7UXb9gNqVd2mn0g.JPEG/KakaoTalk_20251103_141940184_01.jpg?type=w80_blur, https://storep-phinf.pstatic.net/ogq_5c438b1a7f6ce/original_19.png?type=p100_100, https://postfiles.pstatic.net/MjAyNTExMDNfMjc5/MDAxNzYyMTc1NjU5Nzgx.labOJNPEGJ9xbWKPRI35eidhioe7mKXcIaZbvcZHSKMg.R81wcBQA3z-bE8a034GcgPpxh34Qut78O3gqBoly5f8g.JPEG/KakaoTalk_20251018_182531326.jpg?type=w80_blur",,2025-11-06
naver_blog,bbiyou_223481098045,bbiyou,https://blog.naver.com/bbiyou/223481098045,2024년 피엠인터내셔널 PM쥬스 다단계 시장 동향 - 조이그룹 봉피엠 유희원 PT,"​ 안녕하세요? 경기도 부천 옥길동에서 건강기능식품 비즈니스 하는 피엠인터내셔널 조이그룹 봉피엠 리더 봉피디 유희원 PT 입니다. 💕 ​ 지난주 독일행사 다녀와서 건기식 시장 최신 뉴스와 동향 PM쥬스 다단계 2년차 비전 정리해 봅니다 :) ​ 건강기능식품 시장의 최신 뉴스와 동향 건기식 분야는 빠르게 성장하고 있으며 변화와 혁신이 실시간 으로 이루어지고 있습니다. 주요 내용은 아래와 같습니다. ​ 1. 시장의 성장세 글로벌 건강기능식품 시장은 연 평균 6.5%의 성장 률을 보이며, 2024년까지 약 2,200억 달러 규모에 이를 것으로 예상됩니다. ​ 코로나19 팬데믹 이후 면역력 증진 제품 수요 급증 하여 엄청난 성장을 하고 있습니다. ​ ​ ​ 글로벌 모멘텀 ​ 2. 피엠 인터내셔날의 성과 (글로벌) 독일계 브랜드 피엠 인터내셔널 창립자이자 CEO인 롤프 소르그 회장 은 ​ 2024 월드 매니지먼트 콩그레스 행사에서 2026년까지 글로벌 매출 50억 달러 (한화 약 7조 원) 달성 목표를 발표했어요. ​ 현재 성과 2023년 글로벌 매출 30억 달러 (한화 약 4조 원) 브라보 인터내셔널 성장상 4회 연속 수상 ​ 브라보 어워드 2023 브라보 리더십 상 (Bravo Leadership Award) 브라보 국제 성장상 (Bravo International Growth Award) ​ 전년 대비 매출 성장이 가장 높은 국제 다단계 회사에 수여. 올해는 제품 중심 기업과 서비스 중심 기업 모두에게 상이 수여되었습니다. PM- 인터내셔날l은 3년 연속 제품상 수상 ​ 엔터스 코리아 양원근 대표님과 함께 ​ 투자 계획 인프라 구축에 4000만 유로 (한화 600억 원) 팀파트너 지원에 2500만 유로 (한화 370억 원) ​ 시장 확장 최근 46번째 불가리아 지사 오픈 헝가리, 체코, 루마니아, 카자흐스탄으로 확장 계획 중국 시장 개척을 위해 추가로 2000만 유로 (한화 약 300억 원) 투자 예정 ​ ​ 아시아 1호 말레이시아 파트너와 봉피엠 ​ 3P 자기경영연구소 강규형 대표님과 함께 ​ 독일피엠 인터내셔날 ( PM International)은 건강기능식품을 유하는 MLM 회사 입니다. ​ 한국에서는 네트워크 마케팅 혹은 멀티 레벨 마케팅 다단계로 표현 되고 있습니다. 다양한 단계와 보상 체계로 구성되어 있으니까요. ​ 31종의 웰니스 전문 제품을 주력으로 독일을 비롯한 전세계 72개 국가 에서 활동하고 있습니다. 저명하신 분들도 조이그룹 안에서 함께 하고 있습니다. ​ ​ 홍지안 작가님과 함께 ​ 3. 피엠 코리아, 한국의 위상 한국의 위상 독일 베를린 행사에 한국 파트너 1,000여 명 참석 전 세계 PMI 지사 매출 1위 기록 ​ 한국 지사 설립 이래 지속적인 성장세 '암웨이', '애터미'와 어깨를 나란히 하겠다는 목표 한국지사 - 오상준 지사장 ​ ​ ​ PM의 시그니춰 제품 비타민 B군 8종 액티바이즈 4. 주요 트렌드 및 제품 면역력 강화 제품 : 비타민 C, D 및 아연과 같은 면역력 강화 성분이 함유된 제품 ​ 프로바이오틱스 : 장 건강과 면역력 증진을 위한 프로바이오틱스 제품 수요 증가 ( 제품에 대한 자세한 설명이 궁금하시면 언제든 덧글 주세요 ) ​ 천연 및 유기농 제품: 천연 성분과 유기농 제품을 선호하는 소비자 경향이 강해지고 있습니다. ​ 5. 기술 혁신과 연구 개발 신기술 5. 2년차, 내 생각 무엇보다 좋은 제품과 기술력, 안전한 회사 와 합리적인 보상체계가 우선시 되야 하고 ​ 개인마다 다른 유전자와 생활습관에 맞춤형으로 올바른 섭취와 추천이 소비자에게 잘 전달 되었을 때 지속 가능성이 무한한 시장이라 생각 됩니다. ​ ​ 저도 사업 2년차, 1100 여명의 파트너, 소비자분들과 함께 하고 있습니다. 헤헤 :) ​ 고객에게 신뢰를 주는 것 이 무엇보다 중요하므로 제품에 대한 깊은 이해 를 위해 ​ 1) 직접 사용해보고, 2) 누구보다 애용하고 경험을 바탕으로 3) pm주스 효과와 장점을 설명할수 있다면? ​ 평범한 주부, 육아맘, 워킹맘, 1인기업 등 슈퍼 개인이 독립적인 사업가로 독일 브랜드와 함께 글로벌 시장에서 ​ 건기식에 대한 평생 유통권 을 가지고 세일즈와 신규 사업자 모집을 통해 수익이 창출되는 사이드잡, 파이프라인 ​ ​ 피트라인, 한잔의 기적 💕 ​ 물론 달콤하지 만은 않아요. 아마 사탕처럼 달콤하기만한 일은 없을겁니다. ​ 그럼에도 불구하고 지속할 가치가 있다고 생각되어 아직 저는 Ing.. ❤️ ​ ​ 더 가보면 알겠지요. 정다겸 CL님의 말씀대로, 가겠습니다. ​ 네트워크 마케팅 다단계 사업 비즈니스 시스템 본질도 비전도 말예요 :) ​ 함께 보면 좋은 글 독일 피엠주스 6월 프로모션 총정리 (시흥 배곧 피트라인) 안녕하세요? 피트라인 피엠주스 2년차 조이그룹 봉피엠 유희원PT 입니다. 경기도 부천에 서식하며 시흥, ... blog.naver.com 궁금할 땐 네이버 톡톡하세요! 💌 DM 덧글 환영 개인별 상황에 맞는 솔루션 Q&A 해드려요 :)​ ✅ 피엠 추천인코드 8431526 유희원 PT ​ ​",2024-06-16,,,19,19,"#PM인터내널, #PM쥬스, #피엠인터내널, #피엠쥬스","https://blogpfthumb-phinf.pstatic.net/MjAyNTAzMDNfMTk4/MDAxNzQwOTgwODE3OTQz.q15ubksKpPSSseZoGJqiLIcx7zAcfb6FeTpUuRVDphcg.ZSZE236-65fEBetqeb9jaPPFJmL4oKVQ5Fmt-1rKxDIg.PNG/profileImage.png?type=s1, https://postfiles.pstatic.net/MjAyNDA2MTZfNDkg/MDAxNzE4NTIwODI0MDI2.pRPyHgdy6-90eIm03MmdkCwvD3dpley1ZmjF9Q8WqXYg.R3Hqg8kG1wTTznYjQvNAyA_tYFvCjB0d89fXZPW-K4Qg.JPEG/cats.jpg?type=w80_blur, https://postfiles.pstatic.net/MjAyNDA2MTZfMTg3/MDAxNzE4NTE4MzQ0OTI0.eI4YcOzHclRswEUjnfAs15ug1lRzxjKylZXqxNvWfGgg.WQYm313qhn5sMhModbsjtZa5Nu05wj3YzQnlZvFFdDog.JPEG/cats.jpg?type=w80_blur, https://postfiles.pstatic.net/MjAyNDA2MTZfNzMg/MDAxNzE4NTE4NDM3NDYz.4RgxJLLuYOrD-iZNRryDAgVby88RuWoKZORxS-sROrAg.dvmt3fQkmybYbrR3bFtwRIC69wmxR-81xAVHsszMopcg.JPEG/Screenshot_2024-06-16_at_15.13.41.JPG?type=w80_blur, https://postfiles.pstatic.net/MjAyNDA2MTZfOTkg/MDAxNzE4NTE4NDkzMDk5.f4vMDq7_JokfpQDMSrM2UCERZZULbStmGq0CH89MPDgg.65kjXtKTsPeqIJuWlE1p0fyp0EF-xnKdcr0X18ZB-6Eg.JPEG/Screenshot_2024-06-16_at_15.14.35.JPG?type=w80_blur, https://postfiles.pstatic.net/MjAyNDA2MTZfMjc4/MDAxNzE4NTE3ODQ5NDg3.ez9yYPRLXknRysuXdeBPBCte4fkksM43ane9ViRej3sg.6XNuMWZgHs9hk04sOMiQ1fLSZ2Hqc2odPxTNR57xAfEg.JPEG/SE-0ffd1d97-cdfb-4a4d-905a-1951374bbccb.jpg?type=w80_blur, https://postfiles.pstatic.net/MjAyNDA2MTZfMTE0/MDAxNzE4NTE3OTA3MjI3.QX6K0njWnoP6FTMIwqVnTT9TlCNtkGutCenA2MGj68Yg.inmaVKTAn1Lu25nX8uxoWSY-oLdVFu4TuqKj6tiZaF0g.JPEG/3472589017808487248:11673013.jpg?type=w80_blur, https://postfiles.pstatic.net/MjAyNDA2MTZfMjM4/MDAxNzE4NTE3OTA3MTk2.rzgw61xM2FxFB7Sx_7YhY5eJC9V7Fyy7pHJD3Dr_4q4g.v3TMXVpFQOvY64-0qmFaNyusdSVOb3bDF5LAxVursAAg.JPEG/P20240608_145510169_358DC214-74F7-43A1-813C-3DBC407E3489.jpg?type=w80_blur, https://postfiles.pstatic.net/MjAyNDA2MTZfMjAz/MDAxNzE4NTE3ODYwNzAz.Y-c_NWPM8EgVFJIux7_NS8B84sA-9Vaa5tKUJhhMaWQg.vdECbpPf0BoIO-R5WPzJnsN2JQ0BnDxXm7OAbrqi_lcg.JPEG/SE-32ae94e7-f147-4f87-aa0d-44b8de969be0.jpg?type=w80_blur, https://postfiles.pstatic.net/MjAyNDA2MTZfNTUg/MDAxNzE4NTE3OTA3MTk2.pRsARqA-mjUVmzXYt9i0KK3_GMoPZO_GLvMlMFqgb6Yg.KeDxc0zm3hOaV-Iz0bduCcaXbphOWDQmDz15GjQX1YUg.JPEG/P20240608_145507742_0B347E72-FDA5-46B3-BA49-FC3B9790756E.jpg?type=w80_blur",,2025-11-06
naver_blog,pandatogether_223989944857,pandatogether,https://blog.naver.com/pandatogether/223989944857,독일 피엠 인터네셔널 피엠쥬스 3종 효능,"안녕하세요. 용인 동천동에서 PM하는 독일피엠 조이그룹의 핵심리더 ' 판다피엠 ' 🐼 입니다. ​ 오늘은 독일 피엠 인터네셔널 피엠쥬스 3종 효능 에 대해 알려드릴게요. ​ ​ 📢빠른 요약 ​ 🔹 독일 피엠 인터내셔널 대표 제품 파워칵테일·액티바이즈·리스토레이트 🔹 비타민, 미네랄, 항산화, 유산균까지 한 번에 섭취 가능 🔹 맛있고 가루 형태라 온 가족이 꾸준히 먹기 편리함 🔹 아침엔 파워칵테일, 낮엔 액티바이즈, 저녁엔 리스토레이트로 하루 영양 밸런스 완성 🔹 피엠 회원가입 시 합리적인 회원가로 구매 가능 ​ ​ 독일 피엠인터내셔널과 피엠쥬스 독일의 건강기능식품 회사로서 31년의 역사를 지닌 피엠 인터내셔널에서 판매하는 영양제입니다. 불과 2~3년 전까지만 해도 모르시는 분들이 많았는데 코로나 시기를 기점으로 건강에 대한 관심이 높아지면서 피엠의 매출이 급상승할 정도로 널리 알려졌어요. 이제는 주변 분들에게 '피엠'이라는 단어만 이야기해도 한번쯤은 들어보거나 먹어봤다고 할 정도입니다. ​ 독일 피엠쥬스 3종은 피엠사 전체 매출의 70% 이상을 차지할 만큼 회사의 주요 제품이자 가장 많은 분들이 찾는 제품입니다. (주력 제품이 매출을 견인하는 이 모습은 모든 기업이 원하는 형태이죠. 이것저것 팔것없이 주요제품에 포커스 할 수 있어서 좋거든요) ​ ​ ​ 독일 피엠쥬스 3종 피엠쥬스라고 녹즙처럼 배송되는 것은 아니고요. 가루를 물에 타먹는 형태인 데 맛이 좋아서 쥬스라고 별명이 붙었나봅니다. 피엠쥬스는 허가받은 건강기능식품으로 사람의 몸에 필요한 기본적인 영양소를 공급해줍니다. ​ 그래서 많은 분들이 관심을 갖고 한번쯤은 먹어보고 싶은 피엠 쥬스 3종입니다. 피엠 쥬스 3종은 파워칵테일, 리스토레이트, 액티바이즈입니다. 제가 다른 영양제보다 피엠제품을 선택한 이유는 모두 분말로 되어있어 물에 타먹기 좋고 알약이 아닌 액상형태로 마셔서 넘기기 쉬웠고 무엇보다 맛이 좋아요. 이렇게 단순한 이유여야 제가 꾸준히 오래 먹더라고요. 벌써 2년 가까이 마시고 있으며 남편과 아이까지 온 가족이 마십니다. ​ ​ ​ 독일피엠 대표3종의 효능 가장 많은 분들이 문의주시고 남녀노소 누구나 함께 먹을 수 있는 독일피엠의 기본 3종의 성분과 효능 알려드릴게요. ​ ​ 파워칵테일 종합비타민+식이섬유+항산화+유산균이 모두 있는 파워칵테일 ​ 아침에 마시는 파워칵테일이에요. 물 180ml에 파워칵테일 1포를 타 마십니다. 혼합과일야채향신료 분말이 들어있어 맛있게 만든 과채주스 맛이에요. 실제로 베리류, 딸기, 당근 등이 함유되어있답니다. (전 아침 공복에 파워칵테일이 마시고싶어 일찍 일어난 적도 많아요^^) ​ 독일피엠 파워칵테일의 효능과 성분 🔹 매일 필요한 영양소를 한 포로 간편하게 🔹 영양소 대사와 에너지 생성을 돕는 비타민B군 8종(B1,2,3,5,6,7,9,12) 🔹 유해산소로부터 세포보호하는 항산화 비타민C, E, 셀레늄 🔹  베타카로틴 🔹 풍부한 식이섬유 🔹 2종의 유산균(락토바실러스) ​ 식이섬유와 유산균 덕분에 아침에 파워칵테일 마시고나면 꼭 화장실에 가서 시원한 마음이 듭니다ㅎㅎ ​ 한 포에 4,166원 정도 꼴이니 커피 한잔 가격으로 내 몸이 필요한 비타민, 유산균, 항산화 제품을 챙길 수 있어 효율적입니다. ​ 액티바이즈 ​ 피엠 액티바이즈 3종 (오리지널, 레몬라임, 피치아이스티) 오리지널인 빨간통 , 새콤한 레몬라임맛인 초록통 , 복숭아 아이스티맛의 노란통 효능은 모두 같아서 취향에 따라 골라 마실 수 있어요. 저는 보통 아침 파워칵테일과 액티바이즈 3스푼을 섞어먹고 점심식사이후 커피가 생각나거나 에너지가 필요할때 액티바이즈 3스푼 정도를 더 마셔줍니다. 그럼 남은 하루도 화이팅넘치게 보낼 수 있지요. ​ ​ 🔹 영양소 대사와 에너지 생성을 돕는 비타민B군 8종(B1,2,3,5,6,7,9,12) 🔹 유해산소로부터 세포보호하는 항산화 비타민C 🔹천연카페인 과라나추출물 🔹뇌의 주식인 좋은 포도당 ​ 전 액티바이즈를 마시면서 정말 자연스럽게 커피를 끊게되었어요. 의도한것은 아닌데 예전만큼 커피가 생각나거나 그렇지 않더라고요. 이제 카페에 가면 커피대신 티를 마시는 우아한 여자가 되었습니다ㅎ ​ 리스토레이트 종합미네랄 독일피엠 리스토레이트 미네랄은 우리 몸에서 자체적으로 합성되지 않아 꼭 섭취해줘야만 하는 필수 성분입니다. 전 이게 미네랄인지 모르고 칼슘, 마그네슘, 아연을 따로 사먹었는데요. 알약형태로 매일먹으려니 너무 힘들었습니다. ​ 하지만 리스토레이트를 알고나니 매일 저녁 한 포로 간단히 해결했어요. 피엠 리스토레이트 미네랄의 효능 🔹칼슘, 마그네슘, 비타민D가 2:1 함유 🔹 산소운반과 혈액에 필요한 철분 🔹신경과 근육기능 유지에 필요한 마그네슘 🔹유해산소로부터 세포를 보호하는 구리, 셀레늄, 망간 ​ 저와 저희 가족은 저녁식사 이후 리스토레이트로 마무리합니다. 리스토레이트는 한포에 1000원 꼴이에요. 한달에 3만원 정도이니 다른 제품들이 부담되시면 리스토레이트로 먼저 시작해보셔도 좋습니다. ​ ​ 독일피엠 3종 구매하는 방법 독일피엠 대표 3종은 피엠 회원가입을 하시면 즉시 회원가로 구매가능합니다. ​ 만약 회원가입이 불편하시거나 어렵다면 톡톡이나 댓글로 연락주세요. 언제든지 도와드리겠습니다. ​ 독일 피엠 회원가입은 아래의 글을 참조해주세요. ​ ​ ​ https://blog.naver.com/pandatogether/223833450660 독일PM 피엠 회원가입방법 팀파트너 추천인코드 고르기 (할인받으며 먹기) 안녕하세요. 아시아 1위 조이그룹, 봉피디 유희원PT님의 떠오르는 핵심멤버, '판다피엠'🐼입... blog.naver.com ​ 궁금하시면 아래 톡톡 배너 누르시고 언제든지 편하게 문의주세요. 택배로 빠르게 보내드릴 수 있고, 용인 수지 지역은 빠르게 전달 가능해요. ​ 이 정보가 유용하거나 좋으시거나 건강에 관련된 정보가 필요하다면 이웃추가 후 빠르게 소식 받으실 수 있어요. ​ 주변에 이 글을 공유해주시거나 스크랩도 매우 가능합니다:) ​ ​ ​ ​ 덧글 환영 개인별 상황에 맞는 솔루션 Q&A 해드려요 :) 피엠 추천인코드 8479329 고선미M",2025-09-01,,,8,8,"#독일피엠, #독일피트라인, #리스토레이트, #액티바이즈, #파워칵테일, #피엠2종, #피엠3종, #피엠대표제품, #피엠미네랄, #피엠비타민, #피엠주스, #피엠쥬스, #피트라인, #피트라인3종","https://blogpfthumb-phinf.pstatic.net/MjAyNTA4MjhfMjY2/MDAxNzU2MzQzNDc5ODE1.ylPnhK7GfepKyHklV2d880WInZOIOcWAaU101TUIuWUg.4BqdOuR2Oh_bQbBjqnD9aIgjPsWzl7ESvOd6hlKJGFcg.JPEG/%ED%8C%8C%EC%B9%B5%EB%A7%88%EC%8B%9C%EB%8A%94_%ED%8C%90%EB%8B%A42.jpg/%25ED%258C%258C%25EC%25B9%25B5%25EB%25A7%2588%25EC%258B%259C%25EB%258A%2594%2B%25ED%258C%2590%25EB%258B%25A42.jpg?type=s1, https://postfiles.pstatic.net/MjAyNTA4MzFfMTMz/MDAxNzU2NjI3NzA5NjQ2.miWIX72J-qfa0jrZIMbtbPI8F0Fsx-JwbFXPfRoBsU4g.6IVY2Hpw-bvINThQJNayXt1yDkiJnAgVSgUBy2UI6xEg.JPEG/SE-cfe5bc52-5867-11ef-9797-afa4a530cc1c.jpg?type=w80_blur, https://postfiles.pstatic.net/MjAyNTA4MzFfMjMz/MDAxNzU2NjI3NzExNTY0.NK3xFnnHy9uQhBE6TOZ070GDHVVdAYJu69zCoa6YBXsg.zA8mqDJ21g2y3P6E_oltlZAssFIk9K3l8QyYyCOBLYYg.JPEG/SE-575b47c2-7112-42f7-ad4d-9eb6b95c0d20.jpg?type=w80_blur, https://postfiles.pstatic.net/MjAyNTA4MzFfMjkz/MDAxNzU2NjI3NzEzNjM3.-l_hggKRKCEzWJfdUOkRNzmer_2dPi8SKG6_u87a01Ig.mzLBy_S7nSD6c25Dss-rfvJS5cgVrgw4mtNeV_njWccg.JPEG/SE-f9c60e82-a9b1-4ab3-b707-fc57576006f1.jpg?type=w80_blur, https://postfiles.pstatic.net/MjAyNTA4MzFfMjY4/MDAxNzU2NjI3NzE1OTk5.9roWO_Pcy-meXknznQJOzJmMK6KcNSIUEzJfNU4RnBEg.jboDUztDOC9Ft4E6Oe4ok9Z8zEzO_KLygjSbd6KYZeMg.JPEG/SE-4f671c9c-e798-4f73-8cb3-db04bc835681.jpg?type=w80_blur, https://postfiles.pstatic.net/MjAyNTA4MzFfNDYg/MDAxNzU2NjI3NzE3NDYx.KxTYMmbE-MepygPsn1ZDSOCqqkFjl1lTqa_Ec811AvQg.7vH5CTpAJrs5Mow9M7DcPbBhR3TvkLe40Q9i_QDIc0Ug.JPEG/SE-d263268b-29c4-4466-84bb-5f9f8a6c381d.jpg?type=w80_blur, https://postfiles.pstatic.net/MjAyNTA4MzFfNzQg/MDAxNzU2NjI3NzE4MjI4.2-gRDv0O0A9BJPVAKV7GSA7IoNmIqJi1o8_sv5nGX8Eg.6H4Q0GsD07BskQ-Ef0i7Wmp-v-GFTn5iX3sO4Ey7Mlwg.PNG/SE-526d795b-c442-4efa-ab36-560d7774fbfa.png?type=w80_blur, https://postfiles.pstatic.net/MjAyNTA4MzFfMzAw/MDAxNzU2NjI3NzE5MTQx.5xIiWCCqHRQshzZOyjkLuNJ04OCc_kz2GLLYOo8ShoEg.-ap4lgLRJXJNqBE00_UJdxnD_Idr2I7jZkpKju-Tt1Eg.JPEG/SE-c1bce4ec-f3f6-4aae-8246-428f8c6fb02f.jpg?type=w80_blur, https://postfiles.pstatic.net/MjAyNTA4MzFfNzcg/MDAxNzU2NjI3NzIwMzYy.8c3zRUcXvc9eN5s8wW97Sa3eh5nTAS9bXqRSN2YJ7Bcg.ZR_Oe5abzi0CpUi246mPuGasY895adO5RswitfFOfncg.PNG/SE-343bbea0-45a9-479c-af45-e4285ee2ac47.png?type=w80_blur, https://postfiles.pstatic.net/MjAyNTA4MzFfMjc3/MDAxNzU2NjI3NzIxNjk3.JgnZi9FZScjY1vMZr7EP9oZ3NcsZbf8lAys6o7EELlYg.3jUfu53s2j5pv9LpGd24gXyhT7GrdklBwVimizO_6g8g.JPEG/SE-7671a187-b380-4631-8617-4d8829bd37b3.jpg?type=w80_blur",,2025-11-06
naver_blog,emo0503_224063724324,emo0503,https://blog.naver.com/emo0503/224063724324,🎁 피엠인터내셔널 코리아 7주년기념 액션팩 프로모션  💥 45%할인에 + 무료증정까지,"안녕하세요, 독일피엠율라 입니다 😊 ​ ​ 🎁 피엠인터내셔널이 드디어 한국진출 7주년을 맞이했습니다! 이번엔 45% 할인에 무료 증정까지… 진짜 혜택 폭발이에요💥 ​ ​ ​ 32년 된 독일 글로벌 웰니스 브랜드가 한국에서 7년간 빠르게 성장하며 수많은 고객들의 사랑과 신뢰를 받아왔는데요, 그 감사의 마음을 담아 브랜드 역사상 가장 큰 규모의 혜택! “7주년 감사 프로모션” 이 진행됩니다 🎉 ​ ​ ​ ​ 💥 7년 동안 단 한 번도 없었던 혜택! ​ “엑션팩 5세트 45% 할인”만 해도 이미 놀라운데, 이번엔 여기에 추가 혜택이 더해졌습니다. ​ ​ ​ ​ 👉 엑션팩 5세트 2개 구매 시 💚 파워칵테일 2박스 + 🌙 리스토레이트 2박스 무료 증정 🎁 ​ ​ 즉, 🧃 파워칵테일 12박스 + 🌙 리스토레이트 12박스 총 24박스 혜택이 한 번에 쏟아집니다! ​ ​ ​ ​ ​ 건강과 이익을 동시에 챙길 수 있는 “7주년 기념 액션팩 프로모션” 의 역사적인 순간이에요 ✨ ​ ​ ​ ​ ​ 🧃 전 세계가 선택한 이유, ‘독일피엠 올인원 주스’ ​ ​ 한 잔으로 비타민, 미네랄, 식물성 영양소까지! 과학적으로 설계된 균형 잡힌 영양 밸런스를 한 번에 완성해주는 올인원 건강 주스입니다. ​ ​ ​ Previous image Next image ​ ​ 53가지 영양소가 들어있어 매일 아침 한 잔으로 활력이 달라졌다는 후기가 쏟아지고 있어요. ​ ​ 훨씬 간편하고, 흡수율까지 고려된 NTC 기술로 체내 전달 효율을 높였습니다. ​ ​ ​ 이래서 피엠은 “건강 농축 엑기스”라고 불릴 만하죠 💪 ​ ​ ​ ​ ​ 💎 믿을 수 있는 글로벌 브랜드 ​ ​ 독일 본사에서 시작된 32년 전통의 글로벌 웰니스 기업 ​ ​ 현재 70개국 이상에서 사랑받는 FitLine 제품 라인업 ​ 엄격한 품질 관리와 도핑프리 인증, 투명한 유통 시스템 ​ 세계 스포츠 선수들이 함께 사용하는 신뢰의 브랜드 ​ ​ ​ 피엠은 “과학으로 건강을 설계하고, 진심으로 신뢰를 쌓는다”는 철학을 30년 넘게 지켜온 브랜드입니다. ​ ​ ​ 피엠엠버서더선수들  금14개 은19개 동44개 획득 ​ ​ 건강기능식품의 기본을 넘어, 삶의 질을 높이는 웰니스 솔루션으로 국내외 수많은 고객에게 사랑받고 있습니다 🌍 ​ ​ ​ ​ 🎯 11월한정 기간! 7주년 기념 프로모션 ​ ​ 이번 프로모션은 1인 구매 한도 10팩으로 제한된 한정 수량 이벤트입니다. 빠른 품절이 예상되니, 꼭 참여하세요! ​ 놓치면 진짜 1년 동안 후회할 파격 혜택이에요 👀 건강과 경제적 혜택을 동시에 잡을 수 있는 기회, 지금이 바로 그 순간입니다. ​ ​ ​ ​ 🖋 유의사항 ​ ​ 동일한 주문번호로 주문한 액션팩 수량에 따라 무료 증정 혜택이 달라집니다. ​ ✅ 동일한 주문번호 기준으로만 혜택 적용 ​ 액션팩 2세트 or 3세트 주문 시 → 파워칵테일 2개 + 리스토레이트 2개 무료 증정 ​ 액션팩 4세트 or 5세트 주문 시 → 파워칵테일 4개 + 리스토레이트 4개 무료 증정 ​ 액션팩 6세트 or 7세트 주문 시 → 파워칵테일 6개 + 리스토레이트 6개 무료 증정 ​ 액션팩 8세트 or 9세트 주문 시 → 파워칵테일 8개 + 리스토레이트 8개 무료 증정 ​ 액션팩 10세트 주문 시 → 파워칵테일 10개 + 리스토레이트 10개 무료 증정 ​ ​ ⚠️ 다른 주문번호로 나누어 주문할 경우 혜택 미적용 ​ 반드시 같은 주문번호, 같은 날짜, 같은 코드로 한 번에 주문해야 프로모션 혜택이 적용됩니다. ​ ​ ​ 꼭 한 번에 주문하시고, 궁금하신 점은 담당자에게 문의해주세요 ​ 24시간 언제든 바로 주문 가능해요! ​ 1️⃣ 아래 링크 클릭 2️⃣ 로그인 또는 신규 회원가입 후 (꼭 팀파트너가입 ) 3️⃣ 추천인 코드 20967605(김*애) 입력 ​ 4️⃣ 오토십(정기구매) 약정 후 👉 프로모션 제품 구매 가능! ​ ​ 큐알코드로 바로 회원가입하세요. ​ ​ ​ ​ 📎 1:1 카카오 상담 바로가기 ​ ​ ​ 🌿 마무리하며 ​ 7년간 피엠을 사랑해주신 모든 분들께 감사드리며, 이번 7주년 프로모션이 여러분의 건강과 행복을 위한 또 한 번의 특별한 시작이 되길 바랍니다. ​ ​ 건강을 지키는 선택, 피엠인터내셔널과 함께하세요 💚 ​ ​ ​ 🏷 추천 태그 ​ #피엠인터내셔널 #피엠7주년 #피엠프로모션 #피엠코리아 #피엠건강식품 #피엠파워칵테일 #피엠리스토레이트 #독일피엠율라 #피엠혜택 #피엠이벤트 #피엠비타민추천 #조이그룹 #FitLine #피엠비즈니스 #부업추천 #건강식품추천 #피엠파워팩 #추천인20967605 #구미피엠 #독일피엠 ​",2025-11-04,,20967605,1,1,"#FitLine, #건강식품추천, #구미피엠, #독일피엠, #독일피엠율라, #부업추천, #조이그룹, #추천인20967605, #피엠7주년, #피엠건강식품, #피엠리스토레이트, #피엠비즈니스, #피엠비타민추천, #피엠이벤트, #피엠인터내셔널, #피엠코리아, #피엠파워칵테일, #피엠파워팩, #피엠프로모션, #피엠혜택","https://blogpfthumb-phinf.pstatic.net/MjAyNTA1MDRfMjIw/MDAxNzQ2MzUzNjg5OTA0.ci5nRu-UrPgA4f4_yORRZJOI1IgTN9GFnRbkllwpfVkg.St7l5c7DZpI-qswvgKZuSJSmQco2JOifWJF-HB5KViIg.JPEG/profileImage.jpg?type=s1, https://postfiles.pstatic.net/MjAyNTExMDRfOTAg/MDAxNzYyMTg1NTMyMDI1.ErUoVCn_-NvPXmFtbA_xW_XRTkArWC_0YaBTiYXUopUg.dA9y_mf5tb4MBWT8X4-E1VloEmQbnPEXBh5l5nYjFDsg.PNG/900%EF%BC%BFfile%EF%BC%BF00000000381c7206a3bdee4e91137322.png?type=w80_blur, https://postfiles.pstatic.net/MjAyNTExMDNfMTgx/MDAxNzYyMTgxMTI2NDU0.7Nbge8wh2C7CVZdLptVhgC6CdERZX_jh8n65awiFOwsg.RJZYKj9qR3ZNOiiDhdtqM5stz1rt0jem6tdkWgBC9Hwg.JPEG/900%EF%BC%BFScreenshot%EF%BC%BF20251103%EF%BC%BF232003%EF%BC%BFNAVER.jpg?type=w80_blur, https://postfiles.pstatic.net/MjAyNTExMDRfOTkg/MDAxNzYyMTg0MTk2NTk3.f_BEKw3yfkACZapJtleb7Y_ThsORP5ge47bfB9qs6VQg.gjmSpu0yM-UnqWN0KhDwpW2G6faDUfhC30FRj0jDBWIg.JPEG/900%EF%BC%BF1761961355186.jpg?type=w80_blur, https://postfiles.pstatic.net/MjAyNTExMDNfNzgg/MDAxNzYyMTgwMjk3MjQ5.z3hjDFMCZQjDu9zVlWiNYYudOElywuo6HeCLzPraNPwg.6NsX7UVA0YNP91OoxEbERzRbyAEAqU27y63Ct-7l4rQg.JPEG/900%EF%BC%BF1762180296023.jpg?type=w80_blur, https://postfiles.pstatic.net/MjAyNTExMDNfMTc4/MDAxNzYyMTgxMzE1NDAz.2LfxXjd1OPDSE_8Q0mGejjmipgugbcBdgCnu8OExbkkg.A7SUQgFMw3JcfGbQRo-Kp33V9d6JD5daLpKtVg-SmaAg.JPEG/900%EF%BC%BF1762181301557.jpg?type=w80_blur, https://postfiles.pstatic.net/MjAyNTExMDRfMTM0/MDAxNzYyMTg2OTY4Njgy.uG7UrnjUvAYWSyjetqpSrr9b7PDmy4NtyNkM5b8kzh0g.FDJSE9w_esTP8SnN1uDuOZ3ZQYcCoR9lFBIRF--7x1Mg.JPEG/1762186954629.jpg?type=w80_blur, https://postfiles.pstatic.net/MjAyNTExMDNfMTEg/MDAxNzYyMTgxMzE3MDYw.fhMFJc0jo5AZAWhc4sPGJcN55I6bZbQK5YXBCMbbQvwg._qDZn96LfT8qoVtzvN7KxByphKzteslRFP7hoIkHY0Ig.JPEG/900%EF%BC%BFScreenshot%EF%BC%BF20251013%EF%BC%BF092509%EF%BC%BFSlides.jpg?type=w80_blur, https://postfiles.pstatic.net/MjAyNTExMDNfOTgg/MDAxNzYyMTgwMzc1NDgy.WJPrt-VGBrn6PAillpr0zdM-VvFrHptET0FIetKlyKMg.TOXMch-0ih6KiHhMUYqj4lcIrLQ0BZXb19-BlhtyVJEg.JPEG/900%EF%BC%BF1762180374306.jpg?type=w80_blur, https://postfiles.pstatic.net/MjAyNTExMDRfMjUw/MDAxNzYyMTg1MTU4Nzc1.u2fBABfK2c-vxXmPf7Gdgq9wWg5YA7na4ccZYYaE5SAg.lP4BB7T_QLzB6J1hsntKvyS1OzFwtKBMNiz7Hun4Eo0g.JPEG/900%EF%BC%BF20251103%EF%BC%BF092049.jpg?type=w80_blur",,2025-11-06
naver_blog,ttlboy_223855928803,ttlboy,https://blog.naver.com/ttlboy/223855928803,피엠인터내셔널 우대회원vs팀파트너 회원가입 전에 꼭 읽어보세요!재가입도가능!,"피엠인터내셔널 회원가입 우대회원vs팀파트너 안녕하세요^^ 피엠인터내셔널 회원가입 시 우대회원과 팀파트너 어떤걸로 가입을 해야 할지 고민하시는분들이 많으신데요. 헷갈리는 우대회원/팀파트너 가입 유형의 차이점을 오늘 명확하게 알려드리겠습니다^^ ​ ​ 피엠인터내셔널 회원가입 시 선택 가능한 두 가지 유형은 다음과 같습니다. 팀파트너 혜택! *피엠 피트라인 제품을 할인된 가격으로 구매 *유통 판매 자격부여 *추천인 등록 가능/ 수당 발생 가능 *보상플랜 혜택 가능 1. 추천보너스 (퍼스트라인,풀보너스) 2. 재구매보너스 3. 6세대 후원보너스 4. 리더십보너스 5.자동차보너스 6.여행보너스 7.퇴직연금 8.상속 ​ 팀파트너로 가입을 하시면 위에 혜택을 모두 누리 실 수 있는 가입 방식입니다! ​ 많은분들이 pm을 접하실때 건강을위해서 제품 섭취를 원하시는분들에 많으신데요. 정품 pm쥬스를 팀파트너로 할인된 가격으로 제품을 섭취 하실 수 있는 방법이기도 하십니다! 우대회원 혜택은 말만 우대.. 우대회원은 말 그대로 단순히 제품 구입만 하시는 소비자이신데요. 소비자가로 비싸게 주문만 가능한 우대회원 가입입니다. ​ 우대회원이라는 말을 들으면 무너가 더 우대를 받는 느낌이라 많은분들이 가입을 하시는분들이 계시는데요. ​ 당장 사업에 관심이 없으시더라도 정품 독일pm쥬스를 저렴하게 드실 수 있는 팀파트너로 가입 하시는 것이 현명한 선택이라고 생각을 하고 있습니다 . -공무원, 실업급여, 군인 등 겸직금지 조건 이실 경우에는 가족분중에 한분이 가입 하시는걸 추천드리며 가입이 어려우신 경우 저에게 문의를 주시면 주문을 도와 드리겠습니다 ! 우대회원과 팀파트너 가격차이 비교 파워칵테일과 리스토레이트 1개월치 가격을 우대회원과 팀파트너로 구매를 하실 경우 39,975원 금액 차이가 발생을 하시는데요. ​ 0초 0초 광고 후 계속됩니다. 다음 동영상 subject author 취소 피엠인터내셔널회원가입 재생 28 좋아요 0 좋아요 공유하기 재생 (space/k) 재생 00:31 0:00:00 재생 (space/k) 재생 음소거 (m) 음소거 00:00 / 00:31 실시간 설정 전체 화면 (f) 해상도 자동 480p 자막 사용 안함 재생 속도 1.0x (기본) 해상도 자동 (480p) 720p HD 480p 270p 144p 자막 설정 사용 안함 옵션 글자 크기 배경색 재생 속도 0.5x 1.0x (기본) 1.5x 2.0x 죄송합니다. 문제가 발생했습니다. 다시 시도해 주세요. 도움말 음소거 상태입니다. 도움말 라이센스 고화질 재생이 가능한 영상입니다. 설정에서 해상도를 변경해보세요. 더 알아보기 00:00 접기/펴기 피엠인터내셔널회원가입 피엠인터내셔널회원가입 #피엠인터내셔널회원가입 팀파트너로 가입을 하시고 오토십을 신청하시면 파워칵테일과 리스토레이트를 137,100원에 구매를 하실 수 있습니다. ​ 하나카드로 더 싸게 하나카드를 발급하셔서 오토십을 결제 하시면 10% 할인을 받으 실 수 있습니다. ​ PM인터내셔널 회원가입 방법 정품 PM쥬스는 피엠인터내셔널 홈페이지에서만 주문을 하실 수 있습니다. 건강을위해서 챙겨 드시는건데 정품 PM쥬스로 세상에서 가장 소중한 나에게 그리고 사랑하는 내 가족들에게 건강을 선물해주세요! ​ 피엠인터내셔널 무료회원가입 팀파트너로 가입하기! 추천인아이디 21173632 이금례 오토십신청하기 ! ​ 우대회원에서 팀파트너 로 재가입 방법 *팀파트너로 재가입 방법! -PM인터내셔널  본사 평일 오전 10시~ 오후 7시까지 02-838-2688 문의를 하셔서 우대회원에서 팀파트너로 다시 가입을 희망 하신다고 말씀을 하시면 되십니다. ​ 처음 가입 하셨을때 메일주소가 아닌 다른 새로운 메일주소로 가입을 하셔야합니다! (재가입시 추천인 번호는 저에게 문의 주세요^^) ​ 오토십 신청시 선물증정 오토십을 신청해 주시는분들에게는 액티바이즈와 물병을 보내드리고 있습니다 !! ​ 우대회원 가입 후 팀파트너로 가입을 다시 해주신분에게는 선물 더 신경써서 챙겨 드리고 있습니다 ^^ 좋은 혜택 많이 받아가세요^^ ​ ​ ​ 부업으로 시작한 PM사업 처음엔 저도 그냥 평범한 소비자였습니다. PM이 좋아서 먹었고, 괜찮아서 또 주문을 하였습니다. ‘이건 저만 알기 아깝다’는 생각에 블로그에 후기를 하나씩 남겼을 뿐인데… 1년 뒤~ 무려 200명의 파트너사장님들과 함께 1억 7천만원대의 매출을 달성을 하였습니다. 그런데 말입니다… 우리는 매일 마트에 가고, 식당에도 가고, 카페에도 갑니다. 그리고 깜빡하지 않고! 포인트 적립과 현금영수증과 멤버십 적립까지~ 절대 안 빼먹죠! 근데, 그거 아세요? PM은 무려 10%입니다! 거기에 유럽여행, 카보너스, 연금, 상속까지! 같은 소비인데, 결과는 너무나 다릅니다. 저는 6월에 여행인센티브로 독일+스위스+ 이탈리아 갈 예정입니다. 그리고 자동차 보너스 적립과 네트워크마케팅 업계 최초로 연금프로그램 혜택까지 받고 있습니다. ​ 사업은 말 잘하고~ 인맥 많은 사람들만 하는거 아닌가요? 사업은 말 잘하는 사람만 하나요❓ 인맥이 많은 사람들만 하나요❓ ✔ 잘 배운 사람 ✔ 잘난 사람 ✔ 대단한 사람 ​ 만 할 수 있는 사업이 아니라는 겁니다❗ 평범한 사람도 가능한~ 아주 심플한 사업입니다! ​ 성공은 순간의 결심이 아니라, 반복된 행동에서 만들어집니다❗ 생각만 하는 자는 결국 제자리에서 머물고, 움직이는 자만이 원하는 것을 쟁취한다고합니다❗ ​ 블로그로 하는 PM사업 라인 시작 처음엔 단순히 건강을 위한 선택으로 PM 제품을 접하셨지만 꾸준한 섭취를 통해 일상의 변화와 만족을 체감한 뒤 자연스럽게 주변에도 추천을 하시는 사장님들이 계시더라고요 그래서 사업 제안을 드린적이 있었는데요. 하지만 돌아오는 대답은 대부분 비슷하였습니다. ❝제품은 너무 좋은데… 사람들한테 말을 못 하겠어요.❞ ❝남편이 알면 진짜 큰일나요~❞ ❝일이 너무 바빠서 시간 내기 힘들어요.❞ 그래서 저는 어떻게 하면 시간과 장소에 구애받지 않고 건강한 소비와 지속 가능한 수익을 함께 이뤄 낼 수 있을까? 그 해답은 바로 온라인 블로그로 하는 PM사업이었습니다. 블로그로 하는 PM사업 라인을 구축하여 한 줄로 깊게 무한대로 성장해 나갈 수 있도록 든든한 후원자가 되어 드릴려고합니다. ✔블로그 계정 만들기! ✔PM핵심 키워드로 글쓰는 방법! ✔PM알고리즘 상위노출 컨텐츠 추천! ✔블로그 외 홍보채널 최소 2개 더 개설 약속! ✔식약처·피엠 본사 키워드 위반 저품질 피하는 방법! ✔문의가 오게 하는 방법까지 100% 공유! 시작은 미약 할 수 있습니다. 하지만 저는 실제로 1년동안 pm사업을 통해 매월100만원대의 현금흐름+인센티브여행+ 자동차보너스+연금 그리고 상속까지! 결과로 증명을 하였습니다. 그대로 복제 하시면 되십니다! 곧 공개 될 ""블로그로 하는 pm사업"" 라인 구축 시스템에 함께 하고 싶으신분들은 문의 주시면 상담 도와드리겠습니다. 궁금할 땐 네이버 톡톡하세요! 건강도 챙기시면서~ 월 5만원~ 10만원~ 20만원 30만원~50만원 추가 수입을 노동이 아닌 디지털 노마드로 현금흐름을 만들어 보실분들은 언제든지 문의 주세요^^ ​ ​ ​ ​ ​ ​ ​ ​ ​ ​ 독일pm 블로그로 현금흐름 만들어 보실분들은 밑에 글을 확인해주세요! 네트워크마케팅 추천 독일피엠사업 1년차 솔직한후기 네트워크마케팅 독일피엠 사업 안녕하세요^^ 오늘은 네트워크마케팅 독일피엠사업 추천에 대해서 포스팅을 ... blog.naver.com 0초 0초 광고 후 계속됩니다. 다음 동영상 subject author 취소 피엠인터내셔널 우대회원vs팀파트너 회원가입 전에 꼭 읽어보세요! (1) 재생 6 좋아요 0 좋아요 공유하기 재생 (space/k) 재생 00:16 0:00:00 재생 (space/k) 재생 음소거 (m) 음소거 00:00 / 00:16 실시간 설정 전체 화면 (f) 해상도 자동 480p 자막 사용 안함 재생 속도 1.0x (기본) 해상도 자동 (480p) 1080p HD 720p HD 480p 270p 144p 자막 설정 사용 안함 옵션 글자 크기 배경색 재생 속도 0.5x 1.0x (기본) 1.5x 2.0x 죄송합니다. 문제가 발생했습니다. 다시 시도해 주세요. 도움말 음소거 상태입니다. 도움말 라이센스 고화질 재생이 가능한 영상입니다. 설정에서 해상도를 변경해보세요. 더 알아보기 00:00 접기/펴기 피엠인터내셔널 우대회원vs팀파트너 회원가입 전에 꼭 읽어보세요! (1) 0초 0초 광고 후 계속됩니다. 다음 동영상 subject author 취소 피엠인터내셔널 우대회원vs팀파트너 회원가입 전에 꼭 읽어보세요! (2) 재생 5 좋아요 0 좋아요 공유하기 재생 (space/k) 재생 00:20 0:00:00 재생 (space/k) 재생 음소거 (m) 음소거 00:00 / 00:20 실시간 설정 전체 화면 (f) 해상도 자동 480p 자막 사용 안함 재생 속도 1.0x (기본) 해상도 자동 (480p) 1080p HD 720p HD 480p 270p 144p 자막 설정 사용 안함 옵션 글자 크기 배경색 재생 속도 0.5x 1.0x (기본) 1.5x 2.0x 죄송합니다. 문제가 발생했습니다. 다시 시도해 주세요. 도움말 음소거 상태입니다. 도움말 라이센스 고화질 재생이 가능한 영상입니다. 설정에서 해상도를 변경해보세요. 더 알아보기 00:00 접기/펴기 피엠인터내셔널 우대회원vs팀파트너 회원가입 전에 꼭 읽어보세요! (2) 0초 0초 광고 후 계속됩니다. 다음 동영상 subject author 취소 피엠인터내셔널 우대회원vs팀파트너 회원가입 전에 꼭 읽어보세요! (3) 재생 7 좋아요 0 좋아요 공유하기 재생 (space/k) 재생 00:31 0:00:00 재생 (space/k) 재생 음소거 (m) 음소거 00:00 / 00:31 실시간 설정 전체 화면 (f) 해상도 자동 480p 자막 사용 안함 재생 속도 1.0x (기본) 해상도 자동 (480p) 1080p HD 720p HD 480p 270p 144p 자막 설정 사용 안함 옵션 글자 크기 배경색 재생 속도 0.5x 1.0x (기본) 1.5x 2.0x 죄송합니다. 문제가 발생했습니다. 다시 시도해 주세요. 도움말 음소거 상태입니다. 도움말 라이센스 고화질 재생이 가능한 영상입니다. 설정에서 해상도를 변경해보세요. 더 알아보기 00:00 접기/펴기 피엠인터내셔널 우대회원vs팀파트너 회원가입 전에 꼭 읽어보세요! (3) 0초 0초 광고 후 계속됩니다. 다음 동영상 subject author 취소 피엠인터내셔널 우대회원vs팀파트너 회원가입 전에 꼭 읽어보세요! (4) 재생 5 좋아요 0 좋아요 공유하기 재생 (space/k) 재생 01:00 0:00:00 재생 (space/k) 재생 음소거 (m) 음소거 00:00 / 01:00 실시간 설정 전체 화면 (f) 해상도 자동 480p 자막 사용 안함 재생 속도 1.0x (기본) 해상도 자동 (480p) 1080p HD 720p HD 480p 270p 144p 자막 설정 사용 안함 옵션 글자 크기 배경색 재생 속도 0.5x 1.0x (기본) 1.5x 2.0x 죄송합니다. 문제가 발생했습니다. 다시 시도해 주세요. 도움말 음소거 상태입니다. 도움말 라이센스 고화질 재생이 가능한 영상입니다. 설정에서 해상도를 변경해보세요. 더 알아보기 00:00 접기/펴기 피엠인터내셔널 우대회원vs팀파트너 회원가입 전에 꼭 읽어보세요! (4) 0초 0초 광고 후 계속됩니다. 다음 동영상 subject author 취소 피엠인터내셔널 우대회원vs팀파트너 회원가입 전에 꼭 읽어보세요! (5) 재생 4 좋아요 0 좋아요 공유하기 재생 (space/k) 재생 00:09 0:00:00 재생 (space/k) 재생 음소거 (m) 음소거 00:00 / 00:09 실시간 설정 전체 화면 (f) 해상도 자동 480p 자막 사용 안함 재생 속도 1.0x (기본) 해상도 자동 (480p) 1080p HD 720p HD 480p 270p 144p 자막 설정 사용 안함 옵션 글자 크기 배경색 재생 속도 0.5x 1.0x (기본) 1.5x 2.0x 죄송합니다. 문제가 발생했습니다. 다시 시도해 주세요. 도움말 음소거 상태입니다. 도움말 라이센스 고화질 재생이 가능한 영상입니다. 설정에서 해상도를 변경해보세요. 더 알아보기 00:00 접기/펴기 피엠인터내셔널 우대회원vs팀파트너 회원가입 전에 꼭 읽어보세요! (5) ​",2025-05-05,,21173632,0,26,"#PM우대회원, #PM팀파트너가입, #PM회원가입방법, #독일피엠팀파트너로, #피엠인터내셔널, #피엠인터내셔널추천인번호, #피엠인터내셔널추천인아이디, #피엠인터내셔널회원가입, #피엠팀파트너혜택, #피엠회원가입, #피엠회원가입우대회원","https://blogpfthumb-phinf.pstatic.net/MjAyNTA0MDVfMTE2/MDAxNzQzODE0MDY1MjE1.u2JYzAwy6158xOLyES8kUNiZRN_Ne5c1zf6YABcG8gog.v3cFCw8LdmsOPW3rFrTjXRmLo-QLqj0A5fwZC_CHwOog.PNG/profileImage.png?type=s1, https://postfiles.pstatic.net/MjAyNTA1MDVfMjE4/MDAxNzQ2NDEyNzA5Nzk3.b81jkI6udYi2Q1zdpCZwejUwIZiG0OnWDqOOYako3EMg.40mIzC8nIGyUl2CdtDPPGm31bsW5X3Q40kN6gyIUq-8g.PNG/zzzz.png?type=w773, https://postfiles.pstatic.net/MjAyNTA1MDVfMjAz/MDAxNzQ2NDEyNzA5ODUz._DP8Nwf8TgxPllQKPLxg4Xis14QhM6UcRKQOITwo5bQg.PqYDjlDHSWaCPC3kR1_44oUBPLruSeMBB8HhGUeJ88cg.JPEG/%ED%8C%80%ED%8C%8C%ED%8A%B8%EB%84%88.jpg?type=w80_blur, https://postfiles.pstatic.net/MjAyNTA1MDVfMTc4/MDAxNzQ2NDE4OTIxNjgz.1pRYF8aNIwky8OkYGm78tZU1BGYMrJPNWtPTHZM-H3gg.XaXGBjo6g8ACR6hXH1SXYWJbxtKgFRSTVSO0Dv5acpcg.JPEG/IMG_9651.JPG?type=w80_blur, https://postfiles.pstatic.net/MjAyNTA1MDVfNjIg/MDAxNzQ2NDIxNjEzNzA5.QLcY_xBENN2_qcpGL1iuEZZTHyxkbhx85mIsb-joogQg.CY-j5M68sMTEtqIZ-Wcfv3kicX8VXYU0XQoxoZBjx2Ig.JPEG/zxczxc.jpg?type=w80_blur, https://postfiles.pstatic.net/MjAyNTA1MDVfMTI2/MDAxNzQ2NDIyMTQ4NjA4.puTY01ypp3NQNAH3g0e-IFwwVUIDO2kgYGtBT1-A5oUg.K3hPaSbyTABS3ftX7vNIx3SjiSUuTDUUXaquxQvuN5Ug.JPEG/1111111.jpg?type=w80_blur, https://postfiles.pstatic.net/MjAyNTA1MDVfNjMg/MDAxNzQ2NDIyMTQ4NjQ0.OJ1TAzwBZCnv5C9PZ0VpeNMKddx0paJ9gL9xtqwGTqIg.-b3YYVXkaK854IaJXt7xe5INqx4ppJ6cNjV8N_SPEmgg.JPEG/KakaoTalk_20250429_171649370.jpg?type=w80_blur, https://postfiles.pstatic.net/MjAyNTA1MDVfNTUg/MDAxNzQ2NDIyMzIyOTM1.ivCV5CuzXmj-UNN9q2Dq30nJLyBbopogII9cUuJISN0g.NzFxwYfv2RgpM6VDXZb6UjRMx-VyW49N0n0-00m8auwg.JPEG/ZXZZXZXZX.jpg?type=w80_blur, https://postfiles.pstatic.net/MjAyNTA1MDVfMTA5/MDAxNzQ2NDIyMzIyOTU0.ZRreujCBVJJ4D9fHo4Io9bn8WMsRfeYGXTEU-Dx7aUUg.WMCSNkz02TgnlEfEwD6xANm3Qmb4UGobSsOEGV5uzz4g.JPEG/xczxzxzcxc.jpg?type=w80_blur, https://postfiles.pstatic.net/MjAyNTA1MDVfMjgz/MDAxNzQ2NDIyMzIyOTUx.ha4EPSj6zGeG4wvJRLJpr6fZL2d2qiRlQh7CgBTQeM8g.0zuawqs0IP7_puXTv4k2_84IJRitStRIVu7QyOWjO7Ag.JPEG/12345.jpg?type=w80_blur",,2025-11-06
naver_blog,leesy_8520_223957435917,leesy_8520,https://blog.naver.com/leesy_8520/223957435917,피엠인터내셔널 독일PM 유명한 이유 제품 정보,"독일 제품이라 좋다고 하는데, 대체 어떤 회사이고 정말 효과가 있나요? ​ 주변에서 많이들 이야기하던데, 객관적인 정보가 궁금합니다. 혹시 주변 지인으로부터 '독일PM' 제품 한번 먹어보라는 권유를 받아보셨나요? ​ 저도 최근 들어 피엠인터내셔널이라는 이름이 부쩍 자주 들려와, 대체 어떤 회사이고 제품의 특징은 무엇인지 자연스럽게 궁금해지더군요. ​ 특히 '독일'이라는 키워드를 내세워 품질과 신뢰도를 강조하는 점이 매우 인상적이었습니다. ​ 그래서 오늘은 이 피엠인터내셔널의 정확한 정체는 무엇인지, 왜 '독일' 기술력을 그토록 강조하는지, 그리고 대표 제품들의 특징과 사업 방식까지 객관적인 시선으로 하나씩 꼼꼼하게 살펴보겠습니다. ​ ​ 💡목차 ​ 1. 피엠인터내셔널이란? 2. 대표 제품 및 핵심 기술력 (NTC) 3. 독일PM 특징과 사업 방식 4. 자주 묻는 질문 (가격, 구매 방법) ​ ​ 1. 피엠인터내셔널이란? ✔️ 1. 피엠인터내셔널이란? ​ ​ 피엠인터내셔널(PM-International)은 1993년 롤프 소르그 회장이 설립한 회사로, 본사는 룩셈부르크에 있습니다. ​ 하지만 연구, 개발, 생산은 모두 독일에서 이루어지기 때문에 우리에게는 '독일PM'이라는 이름으로 더 잘 알려져 있습니다. ​ 'FitLine(피트라인)'이라는 브랜드의 건강기능식품과 뷰티 제품을 주력으로 판매하며, 전형적인 직접 판매(네트워크 마케팅) 방식으로 운영되는 글로벌 기업입니다. ​ → 독일 R&D 기반의 직접 판매 회사 ​ • 회사의 정체성 ​ 회사의 핵심 정체성은 두 가지로 요약됩니다. ​ 1) 독일의 기술력과 안전성 ​ 'Made in Germany'를 강력하게 내세우며, 엄격한 품질 관리와 안전 기준을 통해 제품의 신뢰도를 높이는 전략을 사용합니다. ​ 2) 네트워크 마케팅 ​ 백화점이나 온라인 쇼핑몰 같은 일반적인 유통 채널이 아닌, 독립적인 사업자(팀파트너)들의 구전 홍보를 통해 제품을 유통하고 판매하는 사업 구조를 가지고 있습니다. 2. 대표 제품 및 핵심 기술력 (NTC) ✔️ 2. 대표 제품 및 핵심 기술력 (NTC) ​ ​ 피엠인터내셔널의 제품을 이해하려면 회사가 가장 강조하는 'NTC(영양소 전달 개념)'라는 기술을 먼저 알아야 합니다. ​ → 세포 수준의 영양소 흡수율 강조 ​ • NTC (Nutrient Transport Concept) ​ NTC는 '영양소 전달 개념'의 약자로, 우리가 섭취한 영양소가 필요한 순간에, 필요한 곳(세포 수준)까지 정확하게 전달되도록 돕는 독자적인 기술 개념을 말합니다. ​ 지용성 비타민을 수용화시키는 기술 등이 포함되어, 체내 흡수율을 극대화했다는 것이 회사 측 설명의 핵심입니다. ​ • 대표적인 3종 제품 ​ 보통 아침, 저녁으로 섭취하는 기본 3종 세트가 가장 잘 알려져 있습니다. ​ 1) 파워칵테일 ​ 다양한 비타민, 미네랄, 식이섬유, 유산균 등이 함유되어 아침에 섭취하는 올인원 타입의 종합 영양 주스입니다. ​ 2) 리스토레이트 ​ 칼슘, 마그네슘 등 필수 미네랄이 풍부하여 주로 저녁 시간, 휴식과 회복을 위해 섭취하는 제품입니다. ​ 3) 액티바이즈 ​ 비타민 B군을 주성분으로 하여 체내 에너지 생성에 도움을 주는 제품으로, 물에 타 마셨을 때 나타나는 특유의 화끈거림으로 유명합니다. 3. 독일PM 특징과 사업 방식 ✔️ 3. 독일PM 특징과 사업 방식 ​ ​ 피엠인터내셔널이 '독일'을 강조하는 데에는 객관적인 이유가 있습니다. 바로 세계적으로 공신력 있는 독일의 인증 기관들을 통해 제품의 안전성과 품질을 입증받고 있기 때문입니다. ​ → TÜV SÜD 인증과 쾰른 리스트 ​ • 품질 및 안전성 강조 ​ 1) TÜV SÜD 인증 ​ 독일의 대표적인 품질 검사 및 인증 기관인 '티유브이슈드'로부터 정기적인 제품 품질 및 안정성 테스트를 받고 그 결과를 QR코드로 공개하고 있습니다. ​ 2) 쾰른 리스트 (Cologne List) ​ 도핑 테스트에 민감한 운동선수들이 안심하고 섭취할 수 있도록, 금지 약물 성분이 없음을 증명하는 '쾰른 리스트'에 전 제품이 등재되어 있습니다. ​ • 구매 및 사업 방식 ​ 제품은 피엠인터내셔널의 독립 사업자(팀파트너)를 통해 구매하거나, 사업자의 추천인 코드를 받아 공식 홈페이지에서 회원 가입 후 구매할 수 있습니다. ​ 제가 보기에 이 사업 방식은 소개와 추천을 통해 판매가 이루어지므로, 소비자 입장에서는 제품 정보와 함께 사업 참여 권유를 함께 받게 되는 경우가 일반적입니다. 4. 자주 묻는 질문 (가격, 구매 방법) ✔️ 4. 자주 묻는 질문 (가격, 구매 방법) ​ ​ 제품 구매를 고려하거나 사업에 관심을 갖는 분들이 가장 공통적으로 궁금해하는 점들을 정리해 보았습니다. ​ → 오토십(Auto-ship) 프로그램 ​ • 정확한 가격은 얼마인가요? ​ 피엠인터내셔널 제품은 정찰제로 판매되지 않습니다. ​ 팀파트너 자격으로 구매하는 회원가와 일반 소비자가가 다르며, 가장 보편적인 구매 방식은 매달 자동으로 결제 및 배송되는 '오토십(Auto-ship)' 프로그램을 통해 할인된 가격으로 구매하는 것입니다. ​ 보통 기본 3종의 오토십 가격이 월 10만 원대 중반으로 형성되어 있습니다. ​ • 부작용은 없나요? ​ 피엠인터내셔널 제품은 건강기능식품으로 의약품이 아니므로 특별한 부작용은 없으나, 개인의 체질에 따라 일부 성분에 과민 반응이 나타날 수 있습니다. ​ 특히 '액티바이즈' 섭취 시 나타나는 피부 붉어짐이나 화끈거림은 비타민 B군의 혈행 개선 작용에 따른 자연스러운 현상이라고 회사 측은 설명하지만, 불편함이 심하다면 섭취량을 조절하거나 섭취를 중단하는 것이 좋습니다. ​ ​ 오늘은 피엠인터내셔널, 이른바 '독일PM'에 대해 자세히 알아보았습니다. ​ 독일의 까다로운 품질 관리를 기반으로 NTC라는 독자적인 기술력을 내세운 건강기능식품 회사이며, 네트워크 마케팅 방식으로 제품을 유통한다는 점을 확인할 수 있었습니다. ​ 제품의 품질과 효과에 만족하며 적극적으로 사업을 진행하는 분들도 많지만, 동시에 다단계 판매라는 사업 방식에 대해 우려나 거부감을 표하는 분들이 있는 것 또한 사실입니다. ​ 가장 중요한 것은, 오늘 알려드린 객관적인 정보를 바탕으로 주변의 권유나 소문에 휩쓸리기보다는 자신에게 정말 필요한 제품인지, 그리고 사업 방식은 자신에게 적합한지를 스스로 신중하게 판단하는 것입니다. ​ 모쪼록 현명한 선택을 통해 건강과 경제적 목표 모두를 이뤄나가시기를 진심으로 응원합니다. ​",2025-08-03,,,7,7,"#독일pm, #독일pm주스, #독일pm쥬스, #독일pm파워칵테일, #피엠인터내셔널, #피엠인터내셔널올인원, #피엠인터내셔널코리아, #피엠인터내셔널홈페이지","https://blogpfthumb-phinf.pstatic.net/MjAyNTA0MjNfMjcw/MDAxNzQ1Mzg3OTk1Nzc3.r9bQJCtWfkGykv3GnXOGTLgbhGwBsDHSnXiKDdZot1cg.Oj_MJJzmVULBV4Fh-CPsT0F7cIgqO8M95JheNZqIoSkg.PNG/ChatGPT_Image_2025%EB%85%84_4%EC%9B%94_23%EC%9D%BC_%EC%98%A4%ED%9B%84_02_31_39.png/ChatGPT%2BImage%2B2025%25EB%2585%2584%2B4%25EC%259B%2594%2B23%25EC%259D%25BC%2B%25EC%2598%25A4%25ED%259B%2584%2B02_31_39.png?type=s1, https://postfiles.pstatic.net/MjAyNTA4MDNfNDQg/MDAxNzU0MjEzNzI1MDA0.9JP83opJcwrxaofbVBVmGhxRFN7PRZVAq7Uj_mSWt6gg.0y2dkKIN_Fu-TJ__NdhHH2bx1wkgAAr8sNttW9vyinYg.PNG/007.png?type=w966, https://storep-phinf.pstatic.net/ogq_6116b03a06fe5/original_1.png?type=p100_100, https://postfiles.pstatic.net/MjAyNTA4MDNfMjQz/MDAxNzU0MjEzNzMxNTQ4.vMi4XNRG6bUzoOsvxwb9ixHHnz6u7qBTYfA-REnNhpEg.P49E6OSCSs6MzWN9Zj_fP1X0Qp6ACHDvGkGtQruSW4Yg.PNG/008.png?type=w80_blur, https://storep-phinf.pstatic.net/ogq_6116b03a06fe5/original_2.png?type=p100_100, https://postfiles.pstatic.net/MjAyNTA4MDNfMTA3/MDAxNzU0MjEzNzM0NDEy.yszMfZ2QlqWZgQuNRMgTD9uYRbPVc_Xto4wT504MJ54g.KThC5GWDVeBXHm7VHRYtv9HnJKocFppaJMDkrnJSkKEg.PNG/009.png?type=w80_blur, https://storep-phinf.pstatic.net/ogq_6116b03a06fe5/original_3.png?type=p100_100, https://postfiles.pstatic.net/MjAyNTA4MDNfMjE3/MDAxNzU0MjEzNzM2Nzgz.YHWbqfgpQoGmrZuzv5i3nGwkdcUaymY3Nv9Ce_xTVCsg.2zqaYJ6sjEXwvmlWW3g_sw8Huu7ew2Dwyy08WPa3nykg.PNG/010.png?type=w80_blur, https://storep-phinf.pstatic.net/ogq_6116b03a06fe5/original_4.png?type=p100_100, https://postfiles.pstatic.net/MjAyNTA4MDNfMjk2/MDAxNzU0MjEzNzM5MTI5.ayaP7Bs4c0U0x4sDNCxhnudaA1EU7gGa34AzzNJmAQIg.bfCKF5mtGyWVV1ZOjqEUjZEfCMQDVMpisYNtOyRuTbwg.PNG/011.png?type=w80_blur",,2025-11-06
naver_blog,vegalhs_223417745415,vegalhs,https://blog.naver.com/vegalhs/223417745415,피엠인터내셔널 PM 평택 센터 사업설명회에 초대합니다. 사업자 이유소,"안녕하세요, 피엠인터내셔널 PM 사업자 이유소 ​ 입니다. 피엠 이유소 ​ 네트워크마케팅 전 세계 6위, 한국 3위 에 빛나는 PM 인터내셔널 비즈니스를 알아보고 계신 사장님과 함께 하겠습니다! ​ ​ PM코리아에서는 전국 7개 도시에 비즈니스센터를 운영하고 있습니다. 매월 1, 3주 수요일 (14시~15시30분) 본사 주관으로 각 비즈니스 센터에서 사업설명회가 개최 됩니다. 전국 피엠 비즈니스 센터 ​ 평택 용이동에 센터가 운영되고 있고, 비즈니스 미팅, 사업설명회 참석 등 자유롭게 활용할 수 있습니다. 에이스침대 건물 2층 50m © NAVER Corp. 더보기 /OpenStreetMap 지도 데이터 x © NAVER Corp. /OpenStreetMap 지도 컨트롤러 범례 부동산 거리 읍,면,동 시,군,구 시,도 국가 에이스침대 평택용이점 경기도 평택시 서동대로 3865 예약 ​ ​ 깔끔하고 세련된 센터에 방문하시면, PM제품을 확인 및 구매하실 수 있습니다. 또한 회원가입, 미팅, 각종 사업 관련 업무를 여의도 본사까지 가지 않아도 빠르게 처리할 수 있습니다. ​ ​ 사업설명회 날에는 오전부터 개인 미팅, 팀미팅이 활발히 진행됩니다. PM사업을 알아보고 계신 분들, 이유소 에게 연락 주시면 사업설명 및 보상플랜 자세히 안내드리겠습니다. 집중, 밀착 후원 가능합니다. 연락 주십시오! ​ ​ PM 평택 센터는 천안, 오산, 안성, 수원 등지에서 이동하기에 교통 및 접근성이 좋습니다. ​ ​ 사업설명회는 오후 2시부터 시작 됩니다. 미리 오시면 독일PM의 시그니처 제품 액티바이즈를 시음 할 수 있습니다. ​ ​ PM사업을 알아보는 분들, 이제 사업을 막 시작하시는 분들을 대상으로 회사소개, 제품 소개, 보상플랜, 제품 체험단, 리더 스피치 등으로 진행됩니다. ​ ​ 본사 소속 담당자분이 객관적인 자료를 토대로 차근차근 PM의 A부터 Z까지 강의합니다. ​ ​ 피엠인터내셔널 은 생활용품이나 값비싼 가정용품은 전혀 없이 오로지 건강기능식품과 스킨케어 제품만으로 특화된 회사 입니다. 웰니스 분야에만 집중해서 연구, 개발, 발전해 왔으며 전 세계 6위, 한국 3위를 한 저력은 탁월한 제품력 덕분 입니다. ​ ​ 리더스피치와 제품 체험담은 일정에 따라 번갈아가며 선택적으로 진행됩니다. ​ ​ 그리고 봄맞이 신규 회원을 위한 이벤트 가 진행되고 있답니다. 사업설명회 시작 전, 신규 대상 추첨권을 응모함에 넣고 마무리 단계에서 추첨합니다. ​ ​ 3월에 갔던 사업설명회에서 넣었던 추첨권이 당첨이 되어서!!! 액티바이즈 선물을 받았던 소중한 추억이 있네요^^ (함께 한 사장님께 바로 선물로 드렸어요^^) 그리고 신규분들께 예쁜 수첩도 드립니다. ​ ​ PM 사업자 이유소 는 2020년 5월부터 사업을 시작하여, 현재까지 꾸준하게 독일피엠사업을 진행하고 있습니다. 사업을 진행하며 [행복한 성장, 오랜 기간 성공] 이라는 생각으로 함께 하는 분들과 성장하고 성공하고자 합니다. ​ ​ PM 평택센터에서 자유롭게 미팅하고, 후원하고 집중해서 사업을 진행하실 분은 이유소에게 연락 주십시오. 제품 체험 및 사업설명, 보상플랜, 사업 진행까지, 그동안 쌓아온 노하우로 정성껏 후원하고 함께 하겠습니다. ​ <준비했던 강의안> 사업 및 보상플랜 문의 이유소 010.4183.1224 추천인번호 : 7979906 피엠 이유소 ​ 독일PM쥬스, 이런 분 연락은 거절합니다. 독일PM쥬스, 이런 분 연락은 거절합니다. 이 글을 클릭하신 분은 기본적으로 본인 건강, 사랑하는 가족 건강을 생각하시며 PM쥬스 좋다더라~는 소... blog.naver.com ​",2024-04-16,,,15,15,"#PM사업, #PM사업자, #PM쥬스, #수원PM, #안성PM, #오산PM, #이유소, #천안PM, #태그, #평택PM, #피엠이유소","https://blogpfthumb-phinf.pstatic.net/MjAyNTAyMDFfOTkg/MDAxNzM4MzkyODQzNTU5._B3Bbwwc_lrpoOvog8sUwkM_EhQAvPAM4jxErWdaJW8g.qZf05o_kW_i84sHmAvmrt5M1D4b48AY9ePjhEaDlkhUg.JPEG/profileImage.jpg?type=s1, https://postfiles.pstatic.net/MjAyNDA0MTZfNDYg/MDAxNzEzMjU4Nzk2MTQ1.cibwjizZyYXN4gAM_qs9mpWr0Ws9828C-MyhHduypZQg.htIH13DDeSwLdL57iejTQZIC9zGpB67rI08KDZDKhz4g.PNG/SE-f07d93a5-46a5-41db-8721-3d3ce1e7ebe9.png?type=w773, https://postfiles.pstatic.net/MjAyNDA0MTZfMjQ2/MDAxNzEzMjU4Nzk2OTc5.-9rGvH5ddEgdw6ffZk8zrMt43AnsO-7W4qqasngzNJ4g._NRYIG18ZfxN88gymMnFRM9cBhgzfA5inzqo2N97nIgg.JPEG/SE-1dd8cae6-8343-47c5-8175-cf6eeea4403f.jpg?type=w80_blur, https://postfiles.pstatic.net/MjAyNDA0MTZfMzQg/MDAxNzEzMjU4Nzk3OTUy.J49AhXwhUL211ZZ5OSgnA66iZ7fijoMuVZTc9PAfBE4g.u9F8afr6yQM5JmBkbxHEG2RUeS-jYnXL1KHpn6HyOA8g.JPEG/SE-97e6702a-f68d-4254-9dce-29d120a6ede5.jpg?type=w80_blur, https://postfiles.pstatic.net/MjAyNDA0MTZfNjMg/MDAxNzEzMjU4Nzk4ODc1.ZfOQfS51OfRMO7dDVJp7Fen1qEd1u_gxAdpV8DXhpFsg.XWdmIM8VNsUyfWWFSAXHq1U6-LUL0WFJ0w7kPbCizisg.PNG/SE-755bfe0b-8cb1-4807-b04e-b7330706c927.png?type=w80_blur, https://postfiles.pstatic.net/MjAyNDA0MTZfMjAg/MDAxNzEzMjU4ODAwNTUx.dQMQdQ5ZgamJ7pIMOkXVssNP8k0_H0BtWvIx4RyM38og.SrhuvfPvTrlLRyGtKi-iAuim8WVJyTBbqb80ulQ5FEwg.JPEG/SE-8fee4097-bb25-462b-a6de-267e628a79e9.jpg?type=w80_blur, https://map.pstatic.net/nrb/styles/basic/1761871134/17/111825/51018.png?mt=bg.ol.sw.ar.lko, https://map.pstatic.net/nrb/styles/basic/1761871134/17/111824/51021.png?mt=bg.ol.sw.ar.lko, https://map.pstatic.net/nrb/styles/basic/1761871134/17/111825/51019.png?mt=bg.ol.sw.ar.lko, https://map.pstatic.net/nrb/styles/basic/1761871134/17/111824/51020.png?mt=bg.ol.sw.ar.lko",,2025-11-06
naver_blog,pmi_chy_224022996265,pmi_chy,https://blog.naver.com/pmi_chy/224022996265,"왜 피엠인터내셔널인가: AI·구독의 시대, 2025 오토십의 이유","​ 안녕하세요, 아시아 1위 조이그룹 봉피엠의 핵심멤버 릿피엠 입니다 :) ​ ​ AI·구독 시대엔 “선택 비용↓, 꾸준함↑”이 핵심. 건강도 예외가 아닙니다. 피엠 오토십은 옵티멀 3스텝을 3개월 단위로 고정해 판단 피로를 줄입니다. 분기 행사(5+1)·배송 안정·기록 루틴까지 묶이면 유지가 쉬워집니다. ​ ​ ​ ​ ​ ​ AI시대 프로슈머 혁명 '마이크로 트렌드' 김태수 교수님 왈 마이크로트렌드 저자 김태수 출판 아이프렌드 발매 2025.06.10. 세상은 변하고 있다! 4차산업 혁명 이후 5찬 산업혁명을 준비하는 게 아닌 6차산업을 대비해야 한다. 그게 바로 건강, 웰니스 산업이다. ​ - 법학박사 김태수 - ​ ​ ​ 왜 지금 ‘오토십’인가(2025 관점) 6차 산업 의사결정 피로 줄이기 AI 추천·알림은 도와주지만, 최종 선택은 본인 몫입니다. 오토십은 “한 번 결정→꾸준 실행” 구조. ​ ​ 꾸준함 자동화 연속성(월→분기)이 건강에서 제일 큰 변수. 재고 끊김과 미루기를 예방할 수 있습니다. ​ ​ 비용·시간 최적화 분기 행사(3·6·9·12월 5+1) 캘린더에 맞춘 계획으로 실속을 높입니다. ​ ​ ​ ​ 왜 ‘피엠’ 오토십인가(기준 3가지) 피엠인터내셔널 오토십 가입 투명성/일관성 제품·루틴 안내가 단순하며 메시지가 일관되게 안내됩니다. ​ ​ 안전한 안내 톤 과장된 효능 대신 루틴·기록 중심 가이드 ​ ​ 루틴 설계 분옵티멀 3스텝(아침 파워칵테일·오후/운동 전 액티바이즈·저녁 리스토레이트) + 최소 3개월 운영을 전제로 합니다. ​ ​ ​ ​ 운영 플랜(담백 실행안) 상황별 액티 추천 기간 최소 3개월 (세포·혈액 주기 고려한 장기 관찰 전제) ​ ​ 시간대 고정 아침: 파워칵테일(공복 민감 시 따듯한 물 한잔 후에) 오후/운동 전: 액티바이즈 (오후 늦은 시간(예: 16시 이후)은 개인 수면 리듬에 따라 조절을 권장합니다) 저녁: 리스토레이트 (취침 1–2시간 전, 수면 예민 시 시간 앞당김) ​ 분기 이벤트 캘린더 3·6·9·12월 5+1 → 첫날 오전 결제 추천 ​ ​ ​ 초보자용 오토십 셋업(3단계) 오토십 ABO 1단계 선택: 기본(옵티멀) + 액티바이즈 맛 1종(입문은 빨간통) 2단계 주기: 월 1회 자동 결제, 배송일 달력에 고정 3단계 기록: 주 2회 한 줄 메모 → 월말 평균 → 다음 달 미세 조정 ​ ​ ​ ​ “본 콘텐츠는 일반 정보 제공을 목적으로 합니다.” 유행이 아닌 기준으로 고르시기 바랍니다. 오늘의 결정이 3개월의 꾸준함을 만들고, 꾸준함이 결과를 만듭니다. ​ ​ ​ ​ CTA(Call To Action) CTA 건강은 건강할 때 지키는 거지요? 매일 먹는 영양제, 믿을 수 있는 제품으로 시작 “내 루틴 상담 요청(07:00–15:00)” 👉🏻아래 톡톡하기 ​ ​ ​ ​ 함께 보면 좋은 글 액티바이즈 빨간통 5+1 프로모션 공지(선착순 조기품절) 안녕하세요, 아시아 1위 조이그룹 봉피엠의 핵심멤버 릿피엠입니다 :) 오늘 오전 11시부터 열흘간만 진행되... blog.naver.com ​ ​ ​ ​ 💌 DM 덧글 환영 💌 아래 톡톡 환영 💌 궁금할 땐 네이버 톡톡하세요! 릿피엠: 네이버톡톡 조이그룹 봉피엠 핵심멤버 릿피엠! talk.naver.com 궁금할 땐 네이버 톡톡하세요! 피엠인터내셔널 조이그룹 @릿피엠 PM 추천인코드 : 연락주세요!! ​ ​ ​ ​ ​",2025-09-26,,,6,6,"#abo, #릿피엠, #마이크로트렌드, #봉피엠, #아보, #오토십, #조이그룹, #피엠인터내셔널","https://blogpfthumb-phinf.pstatic.net/MjAyNDA4MDlfMjA2/MDAxNzIzMTgwNDM2NTY0.Iw63KMSepko3I1A2uxmJACf7MXre3SMdi5bdsojM1MIg.XjbYHKBGnKd6SnBznoWNdrTvtG6TfSuNT5sQ0_CEnyYg.JPEG/KakaoTalk_20240705_144517296.jpg/KakaoTalk_20240705_144517296.jpg?type=s1, https://postfiles.pstatic.net/MjAyNTA5MjZfMTQ2/MDAxNzU4ODg0OTgxMTA3.TjHlLTzwPIlk_DDqD2wJ3qVScMrzBe3m1xl0-AwERi0g.TEllH3JZJayBezGEZjnntdWWfILK8E-THjXITu5PLIYg.PNG/SE-1DD37937-A3EE-4B09-A868-09151E332FDD.png?type=w966, https://storep-phinf.pstatic.net/ogq_6173dfde0d0d5/original_2.png?type=p100_100, https://shopping-phinf.pstatic.net/main_5508027/55080274887.20250608071112.jpg, https://postfiles.pstatic.net/MjAyNTA5MjZfMjUz/MDAxNzU4ODg4NTkzNDg1.P1UzYcwPfWO-x8YIbRHUbtgE5xO3vkVXBpoDBdVWaY4g.HIEyNXdUfHn_gfKzKGuBn9P-Pz4J7MU51tUsOdO8KXwg.PNG/SE-F1DB9D05-F716-4705-B66F-399689C823C5.png?type=w80_blur, https://postfiles.pstatic.net/MjAyNTA5MjZfMyAg/MDAxNzU4ODg4NTkyNjUw.DXa7pV0ZIy_FVU89JFo9-MH1Qvactp7t9vhKepWWA6Ug.IETAm64NVS36zx4Ltz64m1Ia2k2LxU-n8LZ8FhFnGHog.PNG/SE-33FAE83A-700F-4518-A927-E64F318CF6E8.png?type=w80_blur, https://postfiles.pstatic.net/MjAyNTA5MjZfMTM1/MDAxNzU4ODg4NTk0NDgx.o9u47WjEcKiSruv2Shw8qBcSkItLYipcimG97a0BDLMg.Z0qMEOj9t7biQ3bI_w5X9TXYSpqHPpKVSQBxxD-ubFkg.PNG/SE-670C7091-87A2-41CE-848F-CCDE72DEF6DF.png?type=w80_blur, https://postfiles.pstatic.net/MjAyNTA5MjZfMTI1/MDAxNzU4ODg4NTk1MzI4.Q-Y64G9lUREabHqrmrCICUu6T9bGNZo4dPetliA8B68g.KnaEQXD8zCIsuciYjrECRn8japdpVUN2CdFENBnFCSAg.PNG/SE-7AC7D7E4-026B-44D0-ACE3-9918A7676483.png?type=w80_blur, https://postfiles.pstatic.net/MjAyNTA5MjZfMTA5/MDAxNzU4ODg0OTgzNzQ4.4hPib0DGPna0AjYlzvYF5HG2_wsHBYwNrZJKz7Kd7jIg.W2HyTiKjYMgUBjFnahZw5NcYLjdpK6xxGxbPhwWZajkg.PNG/SE-7FCAF70D-44C5-418B-AE69-D78DC4EE6F55.png?type=w80_blur, https://dthumb-phinf.pstatic.net/?src=%22https%3A%2F%2Fblogthumb.pstatic.net%2FMjAyNTA5MTlfMjQ3%2FMDAxNzU4MjQ0MTc4NzIz.Liipll8tl7Tea9PXXuRM3QpAkrtmq1--ZglGbgRWO4cg.U7QV0jJ1POsE3DCK0YJOV701_6tgTZJZzeXPY5XMQFUg.JPEG%2FIMG%25A3%25DF1913.jpg%3Ftype%3Dw2%22&type=ff500_300",,2025-11-06
naver_blog,serysery-_224030264431,serysery-,https://blog.naver.com/serysery-/224030264431,"피엠 인터내셔널(PM-International), 글로벌 헬스케어 기업의 신뢰성은?","1. 피엠 인터내셔널, 어떤 회사인가? ​ 세계적인 기업 피엠인터내셔널 ​ -피엠 인터내셔널(PM-International AG)-은 1993년 독일에서 설립된 글로벌 건강보조식품·화장품 기업입니다. 본사는 룩셈부르크에 있으며, 세계 40여 개국 이상에서 활동하고 있습니다. 대표 브랜드로는 FitLine(피트라인) 시리즈 가 있는데, 이 브랜드는 피엠주스를 포함해 다양한 영양보충제와 건강관리 제품을 포함합니다. 회사는 단순히 판매만 하는 것이 아니라, 영양학, 의학, 스포츠 과학 분야의 전문가들과 협력 하여 제품을 연구·개발하는 것으로 알려져 있습니다. ​ 피엠인터내셔널 각국 상황 2. 글로벌 성과와 입지 연 매출 수조 원 규모 : 2023년 기준으로 매출 30억 달러 이상 달성 세계 직접판매 협회(WFDSA) 등록 기업 : 합법적인 네트워크 마케팅 회사로 공식 인증 독일에서 가장 혁신적인 기업 TOP 100 에 여러 차례 선정 스포츠 후원 기업 : 독일 국가대표 선수단을 포함해 다양한 프로 스포츠 팀과 협력 특히 스포츠 뉴트리션(운동 영양학) 분야에서 강점을 보이고 있어, 프로 운동선수들이 FitLine 제품을 사용하는 경우도 많습니다. ​ 피엠인터내셔널 독일 브랜드 어워드 수상 ​ 3. 신뢰성 포인트 ​ ① GMP & ISO 인증 피엠 인터내셔널은 GMP(우수제조관리기준)와 ISO 품질 인증 을 받은 시설에서 제품을 생산합니다. 즉, 단순한 건강식품이 아니라 제약 수준의 관리 기준 을 적용한다는 의미입니다. ​ ② 연구 중심 기업 독일과 룩셈부르크에 자체 연구소 를 운영하고 있으며, 의학·영양학 박사들과 협업해 제품을 개발합니다. 피엠 제품에는 “마이크로솔루션(MicroSolve®)”이라는 독자적인 흡수 기술이 적용되어 체내 흡수율을 높였다는 점이 강조됩니다. ​ ③ 사회공헌 활동 PM-International은 단순히 이익만 추구하는 회사가 아니라, World Vision(월드비전)과 파트너십 을 맺고 아동 후원 프로젝트를 진행 중입니다. 현재 5천 명 이상의 아이들을 장기적으로 후원하고 있다고 발표했습니다. ​ ​ 피엠인터내셔널 제품 역량 4. 네트워크 마케팅 구조, 어떻게 볼까? 많은 사람들이 “다단계”라는 단어에 거부감을 갖습니다. 저 역시 처음엔 그랬습니다. 하지만 피엠 인터내셔널은 합법적인 직접판매 협회에 등록된 회사 이며, 광고 대신 소비자가 직접 체험한 경험을 공유하는 방식으로 사업을 운영합니다. 이 구조가 단점처럼 보일 수 있지만, 광고비 대신 소비자 혜택으로 돌아가는 구조 사용자가 곧 브랜드 홍보대사 역할을 하는 구조 라는 점에서 보면 긍정적인 면도 있습니다. ​ 피엠인터내셔널 수상 이력 5. 개인적으로 느낀 신뢰성 저도 피엠주스를 접하기 전까지는 “다단계 회사”라는 선입견이 있었습니다. 그런데 기업 배경을 조사하고, 실제로 제품을 사용하면서 생각이 바뀌었습니다. 전 세계에서 오랜 기간 활동해온 점 품질 인증 및 연구 기반의 제품 개발 사회공헌 활동까지 하고 있다는 점 이 부분들을 보니 단순히 “다단계 회사”라 치부하기엔 아깝다는 생각이 들었습니다. 실제로 제품을 경험해본 제 입장에서는, “신뢰할 만한 글로벌 헬스케어 기업”이라는 표현이 더 어울린다고 느꼈습니다. 결론 피엠 인터내셔널(PM-International)은 흔히 “다단계 회사”라는 이미지로만 소비되지만, 글로벌 40개국 이상 진출 연구 기반의 건강보조식품 개발 GMP, ISO 인증으로 품질 관리 월드비전 등 사회공헌 활동 이런 요소들을 종합해 보면, 단순한 MLM 기업을 넘어 글로벌 헬스케어 브랜드 라고 할 수 있습니다. 소비자는 무리한 수익 기대보다는, 제품 품질과 건강관리 효과 에 집중한다면 충분히 긍정적인 경험을 할 수 있을 것입니다. ​ ​ ​ ​ ​ ※피엠 제품에 대해 궁금하시거나 관심 있으신 분은 연락 주세요. 정성껏 도와드리겠습니다. 추천인 가입하셔서 오토십 신청하시면 선물을 드립니다!! ​ ​ 네이버 폼 피엠 제품 문의 - 네이버 폼 피엠 제품 문의 네이버 폼 설문에 바로 참여해 보세요. form.naver.com ​ ​ 2. 네이버 톡톡 궁금할 땐 네이버 톡톡하세요! ​ ​ 3. 카카오톡 오픈채팅 https://open.kakao.com/o/s8k8xIUh 독일 PM 주스 문의 독일에서 온 피엠주스에 대해 관심 있으신분 궁금한 점이 있느데 물어볼 곳이 없으신 분 환영합니다!! open.kakao.com ​ ​ ​",2025-10-03,,,1,1,"#FITLINE, #PMINTERNATIONAL, #건강관리, #건강보조식품, #글로벌헬스케어기업, #부업추천, #영양제추천, #태그, #피엠신뢰성, #피엠인터내셔널, #피엠주스, #피엠후기","https://blogpfthumb-phinf.pstatic.net/MjAyNTA5MjlfMjUg/MDAxNzU5MTA2OTUyNDA0.pORA-g4n-hX8NZ-n6xAV6U9NYX7yMVdSG-V8bBbd0MQg.00mlAlHv7KIIB_MOkrBj1ieYOAOHnpQZLnaBFCILISwg.JPEG/1.jpg/1.jpg?type=s1, https://postfiles.pstatic.net/MjAyNTEwMDNfMjcw/MDAxNzU5NDIyMTkzOTY4.jFMLUsLLlXSVILyHHUSPfiyFjFmytvkZTabfUOyjICgg.lYYRMY2FXeRcRa8U8UgsegV89iVr6cz2NqFgzR0ZARIg.PNG/d1.PNG?type=w773, https://postfiles.pstatic.net/MjAyNTEwMDNfMjM4/MDAxNzU5NDIyMzk4ODU5.ryZpaZn5z28s--5HvdTj3nndLrqI7yaNev3lmJ2QCx4g.BUMi_PyKwwF3tnyYBzsg3DaoHiaUjrQpiYT0psgVdj8g.PNG/d2.PNG?type=w773, https://postfiles.pstatic.net/MjAyNTEwMDNfOTgg/MDAxNzU5NDIyNzcwNDI2.AXubUVgMYqzxeU0B7gBBb_O_TMu4XR2dLGmFefmn7kUg.1w7bDa6DduWckXwWAaTFoIVbGeJc4pECge4NFnMQMCcg.PNG/d3.PNG?type=w80_blur, https://postfiles.pstatic.net/MjAyNTEwMDNfMjc2/MDAxNzU5NDIzMDQ1NzE5.mossz3RhX-g2edFlmJmjMFwNqhYw7vElXnAqfAoJ03Yg.Q7hL26HSwZ9drBswQft9a38AfEpvB5rVksIgZrHIJNgg.PNG/d5.PNG?type=w80_blur, https://postfiles.pstatic.net/MjAyNTEwMDNfOTAg/MDAxNzU5NDIyOTI0OTI3.mmqLkilHZV5xRRqgi2NaaCATg9s37wb9F-WFUmsXYAUg.WLZTlaLG1KT9X6yskHWeUg-vsk2aDhU-AXa-1vjtjmYg.PNG/d4.PNG?type=w80_blur, https://dthumb-phinf.pstatic.net/?src=%22https%3A%2F%2Fsurvey.pstatic.net%2Fnform%2Fimage%2Flogo_og.png%22&type=ff120, https://dthumb-phinf.pstatic.net/?src=%22https%3A%2F%2Fiopen.kakaocdn.net%2Fimg%2Fog%2Fv2%2Fko_scrap_sv_003.png%22&type=ff500_300",,2025-11-06
naver_blog,cheina2_224061097887,cheina2,https://blog.naver.com/cheina2/224061097887,"피엠인터내셔널코리아의 비밀, 전 세계가 사랑한 올인원 주스","​ 안녕하세요 🌿 피엠비즈니스 6년차, 식품영양 전공자 채이나입니다. ​ 요즘 피엠인터내셔널코리아 고객분들 사이에서 가장 뜨거운 화제는 바로 7주년 파격 행사! 🎉 피엠인터내셔널코리아 11월 액션팩 프로모션 행사 이번 프로모션은 단순한 이벤트 수준이 아닌 정말 “이 시기를 기다린 분들만 누릴 수 있는 선물”에 가까운 프로모션인데요! ​ 저도 피엠을 오래 함께 해왔지만, 이 정도 규모의 혜택은 처음입니다. ​ 그래서 오늘은 피엠인터내셔널코리아의 7주년 이벤트 소식과 함께, 전 세계적으로 사랑받는 올인원주스의 비밀을 알려드릴게요 해운대독일피엠 010.5595.7239 ​ 🎁 지금이 아니면 놓치는 7주년 파격 혜택 ​ 올해는 피엠인터내셔널코리아가 국내 진출 7주년을 맞이했습니다. ​ 그동안 피엠을 아껴주신 분들께 정말 놀라운 규모의 고객 감사 이벤트를 준비했는데요. 독일피엠 11월 7주년 액션팩 행사 ​ 피엠을 처음 접하신 분들은 물론, 이미 꾸준히 이용 중이신 분들도 절대 놓칠수 없는 혜택이니 오늘 포스팅 끝까지 보시기 바랍니다^^ ​ 파워칵테일+리스톨레이트 총 12set구성 = 1,090,000원 한 셋트당 90830원 꼴?!!!! 정말 믿을 수 없는 프로모션 입니다. ​ 피엠인터내셔널코리아 파워칵테일 행사 할인 ​ ​ 아니, 이 엄청난 프로모션이 진행되는 배경을 한 번 볼까요? 💧 한 잔으로 완성되는 영양 밸런스 독일피엠 올인원 주스 ​ 많은 분들이 피엠을 찾는 이유 중 하나는 단연코 이 올인원 주스 때문이에요. ​ 비타민, 미네랄, 식물 영양소 등 우리 몸에 꼭 필요한 성분들을 과학적으로 배합해 한 잔에 모두 담은 말 그대로 ‘건강 농축 엑기스’이죠. 피엠인터내셔널코리아 파워칵테일 할인행사 ​ ​ ​ 매일 아침 한 잔이면 복잡한 영양제 챙길 필요 없이 활력이 다르다는 후기, 정말 많은데요! ​ 야채 과일 몇 가지만 넣어 갈아 먹으려 해도 바쁜 아침엔 몇 번 해먹다가 포기하게 되는데 ​ 피엠인터내셔널코리아의 파워칵테일은 이 모든문제를 한 방에 해결해 준답니다. 피엠인터내셔널 올인원주스 아침 파워칵테일 아휴~ 이 많은 걸 갈아먹으려면 비용은 또 얼마인가요?!! ​ 그래서 전 이 주스를 '아침 활력주스’라 불러요 저희 온가족 아침식사는 이걸로 해결하거든요 그럼 이렇게 유명해진 이유가 뭔지 한 번 살펴보도록 해요 🌍 전 세계가 선택한 이유 ​ 피엠인터내셔널은 독일 본사에서 시작된 글로벌 웰니스 브랜드로, 현재 70개국 이상에서 사랑받고 있습니다. 피엠의 철학은 아주 단순한데요, ‘과학으로 건강을 설계하고, 진심으로 신뢰를 쌓는다.’ ​ ​ 피엠인터내셔널 독일pm ​ 엄격한 품질 관리와 투명한 유통 덕분에 누구나 안심하고 섭취할 수 있습니다. ​ 건강을 다루는 브랜드라면 당연히 지켜야 할 기본을 피엠은 한결같이 지켜왔어요. ​ 32년 된 글로벌 웰니스브랜드 국내 상륙한지는 7년차..고속성장을 멈추지 않는 독일피엠입니다^^ 피엠인터내셔널 롤프소르그 회장 ceo https://blog.naver.com/cheina2/224044631504 피엠인터내셔널 코리아 회원가입 시 반드시 알아야 할 주의사항 3가지 반갑습니다♡ 피엠비즈니스 6년차 식품영양학을 전공한 해운대독일피엠 채이나입니다 피엠인터내셔널 회원... blog.naver.com 🌿 건강은 습관에서 시작... ​ 피엠은 단순히 제품 판매를 넘어서 건강한 삶의 습관을 제안하는 웰니스 파트너라고 보시는게 맞을 것 같아요. ​ 매일 아침 파워칵테일로 하루를 열면 몸이 가볍고 머리가 맑아지는 그 차이를 금세 느낄 수 있습니다. ​ https://blog.naver.com/cheina2/224034098431 피엠인터내셔널 파워칵테일이 장 건강에 좋은 5가지 이유 명절 연휴 잘 보내고 계신가요? 5년 넘게 독일피엠 전문가로 활동하는 해운대독일피엠 채이나입니다~ (상담... blog.naver.com ​ 이건 단순한 체감이 아니라, 실제로 배변이 편해지고, 에너지를 얻게되며, 풍부한 식이섬유로 기분좋은 포만감까지 더해지지요. 이러다보니 꾸준히 섭취로 이어지고 결과적으로 건강 루틴을 얻게 되었네요! 독일피엠 파워칵테일 올인원 아침주스 ​ ✨ 절대 놓치면 안되는 독일피엠 7주년 프로모션 ​ 지금 피엠인터내셔널코리아 7주년 이벤트는 브랜드 역사상 가장 큰 규모의 혜택입니다. ​ 7주년 독일피엠 파격 할인 이벤트 단,,, 유의사항 이 있습니다. 날짜를 다르게해서 주문하시면 프로모션에 해당되지 않습니다. 같은 날, 같은 코드로 한 번에 원하는 수량을 주문하셔야 해요! 주문 한 껀당-프로모션 제공이므로 껀 당 합산되지 않음 을 명심하세요! ​ 고로 월초에 한 번 주문, 행사 종료 전 한 번 더 주문은 주문번호가 달라( 합산되지 않으므로) 프로모션 상품을 받을 수 없어요! 꼬옥 담당에게 문의하세요! 독일피엠 전문가집단 해운대pm블로거 ​ ​ 건강도, 선물도, 타이밍도 모두 한 번에 잡을 수 있는 지금! 이 기회를 절대 놓치지 마세요. 이상 피엠인터내셔널코리아의 비밀, 전 세계가 사랑한 올인원 주스에 대한 포스팅을 마치도록 하겠습니다. ​ 24시간 담당자 없이 바로 주문 원하시는 분은 ​ 1) 아래링크 클릭 -상단 로그인-회원가입 진행 후 (추천인코드: 8367534 최*영) -오토십(정기구매)약정 하신 후 -promotion 제품 구입 하실 수 있습니다. ​ 2)큐알코드로 바로 회원가입하세요. ​ ​ https://blog.naver.com/cheina2/224049218790 [최초 이벤트] 독일pm쥬스 오토십하면 액티바이즈 1개 공짜! 역대급 혜택 캬!....... 하늘은 드높고 공기는 상쾌하기 그지 없습니다~~ 그렇게 끝날 것 같지 않던 더위가 한 풀 꺾이... blog.naver.com ​ 3) 바로 아래이미지 클릭하셔서 문의 하시면 전화연결됩니다. T. 010.5595.7239 해운대독일피엠 부산 채이나 ​",2025-11-01,,,6,6,"#파워칵테일, #파워칵테일할인, #피엠인터내셔널, #피엠인터내셔널코리아","https://blogpfthumb-phinf.pstatic.net/MjAyNTEwMDNfMzcg/MDAxNzU5NDUzNjI1MTcw.osGFpaxRaCdkYgzXsyaYNU-PNWtjIS2BNEo9Sopft5Qg.MHchEDxokWdQ9JDH_ckRKF5_oCHDNROcEW0DzJGfW2Mg.JPEG/KakaoTalk_20251003_100623600.jpg/KakaoTalk_20251003_100623600.jpg?type=s1, https://postfiles.pstatic.net/MjAyNTExMDFfMTM5/MDAxNzYxOTc0OTkxMDY0.1okSNMf--DEGGxyW2ZjNrqCPREXZNfQ3r2wus7Mvr_0g.bjEBAITR5K3llGuzUd7Btzf4EI8X62tQ9l_lbEPabcAg.JPEG/SE-5d9744cd-b51a-45ec-b890-08a100776213.jpg?type=w773, https://storep-phinf.pstatic.net/motion2d_01/original_7.png?type=p100_100, https://postfiles.pstatic.net/MjAyNTExMDFfMTg3/MDAxNzYxOTc5MDczNzk2.mL9YkiUeA-IYF6RrnuyvoChozAdEQ1uBTZJ51I79O34g.Kqrb9HBL0UKYK-L1XbjP0Yc-iq4RTZ3ots4W7D-PsVQg.JPEG/900%EF%BC%BFScreenshot%EF%BC%BF20251101%EF%BC%BF153646%EF%BC%BFPhoto_Editor.jpg?type=w80_blur, https://postfiles.pstatic.net/MjAyNTExMDFfMzEg/MDAxNzYxOTc0OTkxOTQ1.fFTuXiPkliH2U2sqaiLhBZPFk2apXEtfBj2UcpvJrOQg.sc70jWSzPW0M2Yxfmpz2DUQvDX33jU3HECy1MuzTcOUg.JPEG/SE-f5bd874e-a3a8-49d6-ac70-6658c61efcc7.jpg?type=w80_blur, https://storep-phinf.pstatic.net/ogq_5c438b1a7f6ce/original_19.png?type=p100_100, https://postfiles.pstatic.net/MjAyNTExMDFfMiAg/MDAxNzYxOTc0OTkyNzA3.7JWmO-bUx0-3GGJ_UNp7CIneKP8bHevc_Mrz3BTFcykg.J0BALYDiovRZHT8L3AuEn4MO6y8InwIxfCyXGQzrXRYg.JPEG/SE-ee338d78-f25e-4c42-ab58-5dd378afe571.jpg?type=w80_blur, https://postfiles.pstatic.net/MjAyNTExMDFfMjYz/MDAxNzYxOTcyMjQzMTQ4.KoAtIX_0bEj_tqVRpMCjH2q026GwgSbE99pXe6Hg8tMg.PM4Joy5qjEdquGK_dBlNj6pgmqSeOMLkySA72Q8YdBQg.JPEG/KakaoTalk_20250325_215819524.jpg?type=w80_blur, https://postfiles.pstatic.net/MjAyNTExMDFfODgg/MDAxNzYxOTczMjEzOTA1.zEM13U-k1l6Oe8sYh4qS2oZSjQfbHrKtqksT7Rq-Jwgg.GjkdnHSQw9OyAAOVqmmvTCiQuHMboQtIBzWKDyNqyvEg.JPEG/SE-2c70033d-7e72-4172-bba7-b4ed8a068451.jpg?type=w80_blur, https://postfiles.pstatic.net/MjAyNTExMDFfMTUg/MDAxNzYxOTczMjE0Nzkz.DQqjWB7Sx4MFvogocACFL0gueHbFRL7RpKll69tpEtIg.zzhobN_rG7COtKzKxSXAdnV5IPPK2ucAjvgHxaTJsQYg.JPEG/SE-9760df63-722e-4d8f-a87a-9534b5d2131f.jpg?type=w80_blur",,2025-11-06
naver_blog,bbiyou_223466892654,bbiyou,https://blog.naver.com/bbiyou/223466892654,"혼자 유럽 스페인 마드리드 여행 준비, 피엠 인터내셔널 2024 IMM 인센티브","​ 안녕하세요? 영상으로 기록하는 파워J 모험가, 국내 및 해외 여행 전문 크리에이터 봉피디 입니다 ​ 오늘은 아이없이 혼자 떠나는 유럽 스페인 마드리드 여행 준비입니다 ​ ​ ​ 독일 피엠인터내셔날 2024 IMM 인센티브 & 월드 매니지먼트 콩그레스 ​ 놀러 가는 건 아니고, 세미나 일정 있어서 가는거. 회사가 독일 브랜드라 유럽으로 가게 됩니다. ​ ​ 조이그룹 손서영 대표님과 함께 독일에서 2023년 ​ 최종 종착지는 독일 베를린 이지만 원하는 코스를 선택하여 갈 수 있어요. ​ 프랑스, 스페인은 꿈리스트 였는데 PM이 이뤄주네요 :) ​ ​ 자기경영 연구소 3P 바인더 강규형 대표님과 ​ 작년엔 주로 동유럽 코스를 갔고, 올해는 서유럽으로 선택 스페인 마드리드에 가게되었어요. ​ 아무래도 서유럽은 독일과의 거리 때문 일지 일정이 짧은 편입니다. ​ ​ ​ 6월 12월 최소 2번은 가게되고 독일 세미나 앞뒤로 유럽을 투어하는 인센티브 ​ 많은 분들이 이 보상을 보고 정말 좋겠다는 말씀을 많이 하셨다죠 ​ ​ ​ 저도 22년 7월말 PM을 시작하여 독일, 남프랑스, 체코프라하, 미국 라스베가스 뿐 아니라, 모로코등 4번의 여행을  다녀왔네요 ​ ​ 0초 0초 광고 후 계속됩니다. 다음 동영상 subject author 취소 2023 리더십 컨벤션 (피엠 인터내셔널) 재생 20 좋아요 0 좋아요 공유하기 재생 (space/k) 재생 03:52 0:00:00 재생 (space/k) 재생 음소거 (m) 음소거 00:00 / 03:52 실시간 설정 전체 화면 (f) 해상도 HD 720p 자막 사용 안함 재생 속도 1.0x (기본) 해상도 720p HD 480p 270p 144p 자막 설정 사용 안함 옵션 글자 크기 배경색 재생 속도 0.5x 1.0x (기본) 1.5x 2.0x 죄송합니다. 문제가 발생했습니다. 다시 시도해 주세요. 도움말 음소거 상태입니다. 도움말 라이센스 고화질 재생이 가능한 영상입니다. 설정에서 해상도를 변경해보세요. 더 알아보기 00:00 접기/펴기 2023 리더십 컨벤션 (피엠 인터내셔널) 2023 리더십 컨벤션 (피엠 인터내셔널) 피엠 인터내셔널 공식 채널에 올라온 영상, 조이그룹 봉피엠 우리팀 지분 많아요 😍 ​ ​ PT 인정식, 라스베가스에서 조이그룹 리더님들과 함께, ​ 아이와 남편없이 결혼 10년만에 동남아로만 가다가 버킷리스트인 유럽을 친구들과 함께가니 이렇게 좋을수가 ​ ​ 10년지기 워니토퍼랑, 남프랑스 광장에서 에소 한잔! ​ ​ ​ 로마나 바르셀로나, 영국 런던이 가고싶었지만 T.T ​ 이번엔 스페인 마드리드 » 베를린으로 여기서 다시 » 프랑크푸르트로 이동하는 일정 ​ 빡씨다. 런던가고 싶었는데ﻭ ​ ​ 미팅 장소는 인천공항 제2터미널 3층 C카운터앞 6월 4일, 오전 7시반 미팅 ​ 인천 to 마드리드 대한항공 KE913 9시 55분 출발, 저녁 6시 도착 비행시간 15시간 5분 하아....  𐌅𐨛𐌅𐨛 ​ 0초 0초 광고 후 계속됩니다. 다음 동영상 subject author 취소 2024 월드 매니지먼트 콩그레스 재생 11 좋아요 0 좋아요 공유하기 재생 (space/k) 재생 01:51 0:00:00 재생 (space/k) 재생 음소거 (m) 음소거 00:00 / 01:51 실시간 설정 전체 화면 (f) 해상도 HD 720p 자막 사용 안함 재생 속도 1.0x (기본) 해상도 720p HD 480p 270p 144p 자막 설정 사용 안함 옵션 글자 크기 배경색 재생 속도 0.5x 1.0x (기본) 1.5x 2.0x 죄송합니다. 문제가 발생했습니다. 다시 시도해 주세요. 도움말 음소거 상태입니다. 도움말 라이센스 고화질 재생이 가능한 영상입니다. 설정에서 해상도를 변경해보세요. 더 알아보기 00:00 접기/펴기 2024 월드 매니지먼트 콩그레스 2024 월드 매니지먼트 콩그레스 본사 공식채널에 올라온, 보상여행 영상 ​ 관광지, 숙소 및 현지 정보 요약 ​ ​ 스페인 마드리드 시차 -7시간 화폐 유로 환율 언어 스페인어 대중교통 버스와 지하철 날씨 최고 15.7 최저 24.2 항공 14시간 비자 대한민국 여권 소지자 90일 무비자 체류가능 전압 230v 어댑터 불필요 ​ 마드리드 6월 날씨 최저기온15.1  최고기온26.9 평균강수량 25mm 강수일 7.0일 ​ 마드리드의 6월 평균 최저기온 15.1℃,  최고기온 26.9℃로 우리나라 5~6월의 날씨 를 보입니다. ​ 일교차는 평균 12℃로 다소 큰 편 이며, 우리나라 5~6월 날씨와 비슷하므로 다소 큰 일교차에 대비하여 옷을 챙기는 것이 좋습니다. ​ ​ ​ Day2 6/5 수  마드리드 톨레도 관광 ​ 1) 톨레도 2) 그린비아 거리 3) 알무데나 대성당 ​ 톨레도와 마드리드의 그린비아 거리, 알무데나 대성당 세 곳 모두 스페인을 방문하는 관광객들에게 인기 있는 명소 라고합니다. ​ ​ ​ Day3 세고비아 알카사르, 대성당, 시내 등 세고비아 관광 ​ ​ 1일차 6/4 [화] 인천 » 마드리드 Time 스케줄 07:30 인천공항 미팅 09:55 인천공항 출발 18:00 마드리드 도착 21:00 호텔체크인 휴 휴식 (자유식) ​ 2일차 6/5 [수] 마드리드 Time 스케줄 07:00 조식 (호텔식) 09:00 가이드 미팅, 버스탑승 ​ 마드리드, 콜레도 관광 중식 : 자유식 18:00 석식 후 호텔 휴식 석식 : 현지식 PMIK 제공 ​ 3일차 6/6 [목] 마드리드 Time 스케줄 07:00 조식 (호텔식) 09:00 가이드 미팅, 버스탑승 ​ 세고비아 관광 & 아울렛 쇼핑 중식 : 자유식 18:00 석식 후 호텔 휴식 석식 : 한식 PMIK 제공 ​ ​ 숙소 멜리아 카스티야 호텔 (Melia Castilla madrid) ​ 쿠스코 지하철역에서 도보 6 분 거리 현대적인 고층 호텔 Melia Castilla madrid Hotel ​ 대리석 조각상과 분수가있는 시벨레스 광장에서 6km 거리 ​ ​ ​ 대리석 욕실이 딸린 우아한 객실에 미니 바, 평면 TV, 무료 Wi-Fi ​ ​ 업그레이드 객실 투숙 시, 조식과 저녁음료가 제공되는 라운지 이용가능 ​ ​ ​ 야외 식사가 가능한 정원 테마의 식당을 비롯한 레스토랑 3 곳, 세련된 라운지 카페, 풀 사이드 바가 있습니다. ​ ​ ​ 야외 수영장, 헬스장, 비즈니스 센터, 회의실 33 곳이 있고, 공항 셔틀은 유료로 이용할 수 있습니다. ​ C. del Poeta Joan Maragall, 43 C. del Poeta Joan Maragall, 43, Tetuán, 28020 Madrid, 스페인 ​ 6월 2일~4일에 구글기준 ₩500,512 정도, 1박당 5-60만원 정도 하는 4성급 호텔 ​ * 요기 3박 하네요! 조식과 위치에 대한 평이 좋은 숙소입니다. ​ 독일 베를린 시차 -7시간 화폐 유로 환율 언어 독일어, 영어 대중교통 버스와 지하철, 트램 날씨 최고 12.3, 최저 21.6 항공 12시간 비자 대한민국 여권 소지자 90일 무비자 체류가능 전압 220v 어댑터 불필요 ​ 독일 베를린 6월 날씨 최저기온12.3  최고기온21.6 평균강수량 68.7mm 평균강수일 9.8일 ​ 베를린의 6월은 우리나라 5월의 날씨와 비슷 합니다. 일교차는 평균 9.3℃ ​ 옷차림 정보 우리나라 5월과 비슷하므로 이에 맞는 옷차림을 준비해가시는 것이 좋습니다 ​ ​ Hampton by Hilton Berlin City Centre Alexanderplatz Otto-Braun-Straße 69, 10178 Berlin, 독일 ​ ​ 햄프턴 바이 힐튼 베를린 시티 센터 알렉산더 플라츠 ​ Hampton by Hilton Berlin City Centre Alexanderplatz ​ ​ ​ 햄프턴 바이 힐튼 베를린 시티 센터 알렉산더 플라츠 호텔은 도보 거리에 베를린 대성당과 많은 레스토랑이 있다고 해요 ​ ​ ​ 길 건너편에 트램 정류장 있고 베를린 Alexanderplatz Bahhnhof 기차역이 걸어서 10분 거리에 있고요. ​ 테겔 공항과 Schönefeld 공항은 40분 거리.  WiFi, 조식, 피트니스 센터 이용 및 지역 셔틀 포함 ​ ​ 4일차 6/7 [금] 마드리드 » 베를린 Time 스케줄 08:00 조식 및 체크아웃 ( 호텔식, 행사복장 착용) ​ 마드리드 바라하스 공항 이동 11:40 마드리드 출발 이베리아 항공 IB3678 14:45 베를린 도착, 행사장 이동 ( 자유식 ) 17:00 World management Congress 2024 (자유식) WMC 2024 행사 시작 : 2024 345월 신규 imm vp evp 직급 달성자 직급 인정식 진행 ​ ​ 5일차 6/8 [토]  베를린 Time 스케줄 07:00 조식 (호텔식) ​ 버스탑승, 행사장 이동 11:00 World management Congress 2024 ( 중식 : 자유식 | 석식 : PMIK 제공 ) ​ WMC PT 직급 이상 달성자 인정식 진행 20:00 피엠 파티 파티 미참여 시 8시부터 호차별 버스 탑승, 8시반~ 호텔복귀 및 휴식 ​ 파티 참여 시 22시부터 셔틀 탑승 막차 출발시간 01:00 ​ ​ 6일차 6/9 [일]  베를린 » 프랑크푸르트 Time 스케줄 07:30 조식 및 체크아웃 (호텔식) ​ 가이드 미팅, 버스탑승 ​ 프랑크푸르트 국제공항으로 버스이동 (약 8시간 30분 소요) 19:40 프랑크푸르트 국제공항 출발 ​ ​ 7일차 6/10 [월]  프랑크푸르트 » 인천 14:35 인천 국제공항 도착 ​ ​ 공식일정 본사 제공 이미지 ​ 피엠 인터내셔널 2024 IMM 인센티브 여행 자격 조건 저는 작년 6월에 다녀와서, 재인증 조건으로 갑니다. ​ 월요일 짐싸고 화요일 새벽에 떠나요 잇힝 ​ 다녀와서 또 생생한 소식 전해드릴게요! ​ ​ 0초 0초 광고 후 계속됩니다. 다음 동영상 subject author 취소 2023 IMM 인센티브 투어 (피엠 인터내셔날) 재생 13 좋아요 0 좋아요 공유하기 재생 (space/k) 재생 04:18 0:00:00 재생 (space/k) 재생 음소거 (m) 음소거 00:00 / 04:18 실시간 설정 전체 화면 (f) 해상도 HD 720p 자막 사용 안함 재생 속도 1.0x (기본) 해상도 720p HD 480p 270p 144p 자막 설정 사용 안함 옵션 글자 크기 배경색 재생 속도 0.5x 1.0x (기본) 1.5x 2.0x 죄송합니다. 문제가 발생했습니다. 다시 시도해 주세요. 도움말 음소거 상태입니다. 도움말 라이센스 고화질 재생이 가능한 영상입니다. 설정에서 해상도를 변경해보세요. 더 알아보기 00:00 접기/펴기 2023 IMM 인센티브 투어 (피엠 인터내셔날) 2023 IMM 인센티브 투어 (피엠 인터내셔날) 행복하고 감사한 시간 함께보면 좋은 인천공항 스카이 허브라운지 할인, 이용시간, 가격 총정리 안녕하세요 초등학교 3학년 아이와 해외 한달살기 도전중인 여행 인플루언서 주부유튜버 봉피디입니다. 오... blog.naver.com ​ ​ ​ 궁금할 땐 네이버 톡톡하세요! 💌 DM 덧글 환영 개인별 상황에 맞는 솔루션 Q&A 해드려요 :)​ ✅ 피엠 추천인코드 8431526 유희원 PT ​ ​",2024-06-02,,,0,21,"#6월독일날씨, #6월마드리드날씨, #6월베를린날씨, #마드리드날씨, #스페인마드리드, #유럽여행","https://blogpfthumb-phinf.pstatic.net/MjAyNTAzMDNfMTk4/MDAxNzQwOTgwODE3OTQz.q15ubksKpPSSseZoGJqiLIcx7zAcfb6FeTpUuRVDphcg.ZSZE236-65fEBetqeb9jaPPFJmL4oKVQ5Fmt-1rKxDIg.PNG/profileImage.png?type=s1, https://postfiles.pstatic.net/MjAyNDA2MDJfMyAg/MDAxNzE3MzM1MDg5Mjcw.icNfZQgUrChSzb4vJhp5ceVmR2Vf1NFO3XacZVTh4Zog.1mF_WyM3nUTLhmF-ZFQZ50clVvAlEVlkmOQdQhanvmkg.JPEG/P20240528_212737000_C26D8E7D-59EB-4728-939C-5A729F060A0B.JPG?type=w966, https://storep-phinf.pstatic.net/ogq_5c04859e4c1d4/original_1.png?type=p100_100, https://postfiles.pstatic.net/MjAyNDA2MDJfODEg/MDAxNzE3MzMwNjE3MjQx.wDHgHEQ9sdAT4O-hrWqjpWYJXWQaBagr7J5bPCOt3R8g.ESreBZ0S4XBIoDEzLUXgjOePWcFNa0lXmr-Cd48okZMg.JPEG/SE-5994cd0e-360c-4e34-a6e6-29ad43db276a.jpg?type=w966, https://postfiles.pstatic.net/MjAyNDA2MDJfOTMg/MDAxNzE3MzMwNjI5NDk4.wp0-xxjzDmq2K-hJVxCtTn2-Q-44DkXdUuflucICyGQg.X7kRqU7IsFqxSp_PzKBmN9zC4iIoiWgu3gMGBgpNSEwg.JPEG/SE-2324f1a5-14b6-4883-9232-b39b905cf601.jpg?type=w80_blur, https://postfiles.pstatic.net/MjAyNDA2MDJfMTIz/MDAxNzE3MzMwNjA0MzU4.xXz0JURZ7dZdf6z6VPemAprt-7j1DppbpxuuI3tyqLcg.bcgNo5q7abS3sITLZiHk_3bUpz9Btp5WCHGq8Ru4Tswg.JPEG/SE-27a0241d-21af-4433-bf88-0c2d8eb58f69.jpg?type=w80_blur, https://postfiles.pstatic.net/MjAyNDA2MDJfMjk2/MDAxNzE3MzM0MjA0NjQ0.hjFQQJPgsStqU7-Egu4fuUM29Z69VxWzs0T2lOcspjwg.KdTB3aidwQzlgc9WAxO1z_7sxhdbDSfous5pAhFCRxUg.JPEG/P20230625_223848452_9088D31A-3E0F-458B-9277-EA5B62F60641.JPG?type=w80_blur, https://postfiles.pstatic.net/MjAyNDA2MDJfODYg/MDAxNzE3MzM0MjA0NjIz.JyedELQ8_B7o47-ZbFlc57cBj81hHXs7NF10BxklsBQg.oRWtSte9Y4mdIEU4FIX2J8328NkOV2mcUi_AZCium4og.JPEG/P20230624_214317286_5D788199-90C5-490D-910A-E893A235C3D4.jpg?type=w80_blur, https://postfiles.pstatic.net/MjAyMzEyMTNfMTUg/MDAxNzAyNDU0NDIyNDI2.S1ilUfj_KHvjvy799WOVILxZZV42JJzyhrrLN5pB3pMg.zFSF-Tx25A5gusMTyTESjtb6gKokdpqojosaoFAOpS8g.JPEG.bbiyou/P20230626_173026730_C08D625F-8519-4531-9A97-57EF8E10CDA5.jpg?type=w966, https://postfiles.pstatic.net/MjAyNDA2MDJfMTcy/MDAxNzE3MzM0MjA0NjI2.HXSzBxt8ggJGGrjn3FXR-DGXXzN8H1lMOIZbTQjvDwMg.jEmTYpjXfJrETm26Pkq6UpFcCwUxGd2qzQpwiBVZJqIg.JPEG/P20230624_214317028_8BC8C2E9-5A4E-48AC-9B48-B6D3C53622D2.jpg?type=w80_blur",,2025-11-06
naver_blog,emo0503_223994976046,emo0503,https://blog.naver.com/emo0503/223994976046,축구 명문 레알 마드리드보다 큰 매출! 독일 피엠인터내셔널과 함께하는 구미 사업자 모집,"축구명문 레알 마드리드보다, 맨체스터 시티보다 더 많은 매출을 올린 웰니스기업이 있다면 믿으시겠습니까? 2025년 8월2일 DSM기사 내용 ​ ​ “세계 최고의 축구 구단 레알 마드리드보다 더 많은 매출을 올린 기업이 있습니다. 그 주인공은 바로 글로벌 웰니스 기업 피엠인터내셔널 입니다 .” ​ ​ ​ 스포츠가 아닌 웰니스, 건강기능식품 분야에서 말이죠. ​ ​ ​ ⚽ 세계축구 명문 구단 매출 레알 마드리드: 1,045M € (약 11억 유로) ​ 맨체스터 시티: 837M € (약 8.4억 유로) ​ 파리 생제르맹(PSG): 805M € (약 8.0억 유로) ​ 맨체스터 유나이티드: 770M € (약 7.7억 유로) ​ 바이에른 뮌헨: 765M € (약 7.6억 유로) ​ FC 바르셀로나: 760M € (약 7.6억 유로) ​ 피엠(2024 회계연도 매출): 325억 $ (32.5 Billion USD) ​ ​ 피엠이 훨씬 큰 매출 규모를 기록했습니다. 즉, 스포츠 챔피언스리그를 넘어선 직판 업계의 진정한 챔피언이 된 것입니다. ​ ​ ​ ​ ​ 피엠 인터내셔널 성장 기록 ​ ​ PM-International은 1993년 독일에서 설립된 글로벌 웰니스 기업으로, 현재 47개국 이상에서 활동하며 건강기능식품과 화장품을 공급하고 있습니다. ​ ​ 2024 회계연도 매출: 325억 달러 (사상 최고치 달성) ​ 2025 목표: 400억 달러 매출 돌파 예상 ​ ​ 이는 단순한 건강식품 기업의 성과가 아니라, 세계적인 직판 업계 챔피언으로 자리 잡았음을 의미합니다. ​ ​ ​ ​ ​ ​ 피엠 인터내셔널 성공 비결 ​ 1. NTC® 영양소 전달 개념 – 영양소 흡수율 극대화 ​ ​ 2. 도핑프리 인증 (Cologne List®) – 세계 프로선수들이 믿고 섭취 ​ ​ 3. 46개국 이상 진출 – 안정적인 글로벌 성장 네트워크 ​ ​ 4. 비전 있는 리더십 – 창립자 롤프 소르그(Rolf Sorg)의 전략과 글로벌 확장 ​ ​ 5. 공격적인 투자 전략 → 지속 성장을 위해 과감하고 체계적인 투자 진행 ​ 북미 부지 매입 및 2,100만 달러 (약 305억 원) 투자 ​ 아시아·태평양(APAC) 시장에 2,000만 유로(약 300억 원) 투자 ​ 디지털 시스템 구축에 90만 유로 (약 13억 원) 투자 ​ 연구개발(R&D)에 1억 유로 (약 1,505억 원) 투자 ​ ​ 단순히 매출만 늘리는 것이 아니라, 글로벌 시장 확장·디지털 혁신· 연구개발에 공격적인 투자를 이어가고 있다는 점이 피엠인터내셔널의 장기적 성공을 가능하게 합니다. ​ ​ ​ ​ 0초 0초 광고 후 계속됩니다. 다음 동영상 subject author 취소 피엠인터내셔널 아시아1위 조이그룹 재생 0 좋아요 0 좋아요 공유하기 재생 (space/k) 재생 02:56 0:00:00 재생 (space/k) 재생 음소거 (m) 음소거 00:00 / 02:56 실시간 설정 전체 화면 (f) 해상도 자동 480p 자막 사용 안함 재생 속도 1.0x (기본) 해상도 자동 (480p) 720p HD 480p 270p 144p 자막 설정 사용 안함 옵션 글자 크기 배경색 재생 속도 0.5x 1.0x (기본) 1.5x 2.0x 죄송합니다. 문제가 발생했습니다. 다시 시도해 주세요. 도움말 음소거 상태입니다. 도움말 라이센스 고화질 재생이 가능한 영상입니다. 설정에서 해상도를 변경해보세요. 더 알아보기 00:00 접기/펴기 피엠인터내셔널 CEO 롤프소르그 회장님 피엠인터내셔널 아시아1위 조이그룹 ​ ​ ​ ​ ​ 🌍 웰니스 시장 전망 ​ 웰니스 시장은 단순히 건강 보조제 판매를 넘어, 미래 산업의 핵심 성장 동력으로 평가받고 있습니다. ​ ​ 글로벌 웰니스 시장 규모는 이미 8,000조 원 이상으로 추산되며, 매년 꾸준히 성장 중입니다. ​ ​ 특히 건강기능식품· 영양 보충제 시장은 2027년까지 연평균 6~8%의 성장률을 기록할 것으로 예상됩니다. ​ ​ 2030년까지 전 세계인의 70% 이상이 웰니스 관련 제품과 서비스를 정기적으로 소비할 것이라는 전망도 나와 있습니다. ​ ​ 🍀 건강식품 섭취 인구가 늘어나는 이유 ​ 1. 환경 오염 → 미세먼지, 중금속, 미세플라스틱 등으로 체내 해독과 면역 강화 필요성이 커짐. ​ ​ 2. 바이러스·감염병 확산 → 코로나19 이후, 면역력 관리와 예방 차원에서 건강기능식품 소비 급증. ​ ​ 3. 불규칙한 식습관 → 인스턴트·가공식품 중심의 식단으로 필수 영양소 부족 → 보충제 수요 증가. ​ ​ 4. 고령화 사회 진입 → 만성질환 예방, 노화 지연, 활력 유지를 위한 건강 보조제 관심 확대. ​ ​ 5. 웰니스 트렌드 확산 → 단순 치료가 아닌, “예방·셀프케어·건강관리”가 새로운 라이프스타일로 자리 잡음. ​ ​ 6. 수명 연장과 건강 수명에 대한 관심 → 현대인은 단순히 오래 사는 것(Long Life)이 아니라, 아프지 않고 건강하게 오래 사는 것(Healthy Long Life)을 추구. → 질병을 관리하기보다 질병을 예방하는 차원에서 건강식품 섭취 확대. ​ ​ 환경 오염, 바이러스, 식습관 불균형, 고령화, 웰니스 트렌드, 건강하게 오래 살고 싶은 욕구가 맞물리며 전 세계적으로 건강식품 시장은 계속 성장하고 있습니다. ​ ​ ​ ​ ​ ​ 사업자에게 주는 기회 한 가지 직업만으로는 안정적인 삶을 보장받기 어려운 시대에, 여러 가지 일을 동시에 하며 수입원을 다각화하는 추세입니다. ​ ​ 경제 불안, 조기 은퇴, 자기계발, 노후 대비 등의 이유로 투잡·N잡·사이드잡이 필수적인 시대가 되었어요. ​ ​ PM비즈니스는 리스크 없는 창업 모델로, 많은 사람들이 안정적인 수입과 노후 대비를 위해 선택하고 있습니다. ​ ​ 초기 투자 비용 부담 ↓ ​ 글로벌 브랜드 & 제품 신뢰도 ↑ ​ 단계별 교육과 지원 제공 ​ 소비자에서 사업자로 성장 시스템 소득을 통한 경제적 자유를 누릴 수 있습니다. ​ ​ 피엠은 건강기능식품 회사를 넘어, 세계적인 스포츠 구단보다 큰 매출을 올리는 글로벌 직판 챔피언입니다. ​ ​ 2025년, 400억 달러라는 새로운 역사를 앞두고 있는 지금이 가장 좋은 시작점입니다. ​ ​ ​ ​ ✨ 피엠 전국사업자 모집 ✨ ​ ​ 많은 사람들이 열심히 살아왔습니다. 직장에서, 가정에서, 혹은 여러 부업을 시도하며 성공과 부자 되는 길을 찾으려 애써왔죠. ​ 저역시 그랬습니다. ​ 하지만 방법을 몰라서, 혹은 확실한 기회를 만나지 못해서 좌절한 분들이 많습니다. ​ ​ ​ ✔️ 직장에서 성실하게 일했지만, 경제적 자유와는 거리가 멀었던 분 ​ ✔️ 다른 네트워크에서 직급은 올랐지만, 안정적인 수익 구조를 만들지 못했던 분 ​ ✔️ 창업을 하고 싶지만 리스크와 자본 때문에 망설였던 분 ​ ✔️ 부업이나 투잡을 찾고 있지만, 확실한 시스템을 만나지 못한 분 ​ ​ 피엠은 전 세계 47개국 이상에 진출하며, 2024년 325억 달러 매출을 달성한 글로벌 직판 챔피언입니다. ​ ​ 이는 레알 마드리드, 맨체스터 시티, PSG 같은 명문 구단보다 훨씬 큰 매출 규모입니다. ​ ​ “성공 방법을 몰라서 막막했던 분들, 지금이 바로 새로운 기회를 잡을 시간입니다.” ​ ​ ​ ​ 📌 구미 지역 피엠 사업자 모집 ​ ​ 피엠은 단순히 제품만 전하는 기업이 아닙니다. 함께하는 모든 분들의 성공과 성장을 돕는 든든한 파트너입니다. ​ ​ 조이그룹은 여러분이 건강을 지키고, 경제적 자유를 누리며, 스스로의 가능성을 펼칠 수 있도록 끝까지 함께하겠습니다. ​ ​ 👉 이제 혼자가 아닌, 함께 성장하는 길을 선택해 보세요.” ​ 저와함께 조이그룹에서 건강, 성공, 경제적 자유를 향해 달려갈 구미 지역 사업자를 모집합니다. ​ ​ ​ ​ ​ ​ 🔖  해시태그 ​ #피엠인터내셔널 #FitLine #독일피엠율라 #팀파트너20967605 #조이그룹 #구미피엠 #피엠구미사업자모집 #웰니스비즈니스 #네트워크마케팅 #블루오션창업 #멀티잡 #경제적자유 #맨체스터시티 #뮌헨 #레알마드리드 #파리생제르망 #바르셀로나 #PM비즈니스 #웰니스기업 ​ ​ ​",2025-09-04,,20967605,0,9,"#FitLine, #PM비즈니스, #경제적자유, #구미피엠, #네트워크마케팅, #독일피엠율라, #레알마드리드, #맨체스터시티, #멀티잡, #뮌헨, #바르셀로나, #블루오션창업, #웰니스기업, #웰니스비즈니스, #조이그룹, #팀파트너20967605, #파리생제르망, #피엠구미사업자모집, #피엠인터내셔널","https://blogpfthumb-phinf.pstatic.net/MjAyNTA1MDRfMjIw/MDAxNzQ2MzUzNjg5OTA0.ci5nRu-UrPgA4f4_yORRZJOI1IgTN9GFnRbkllwpfVkg.St7l5c7DZpI-qswvgKZuSJSmQco2JOifWJF-HB5KViIg.JPEG/profileImage.jpg?type=s1, https://postfiles.pstatic.net/MjAyNTA5MDRfNTYg/MDAxNzU2OTQ5MzYxMDE1.92cldm_3JHBrfsjnYzVbjOzmPz1BB6iX_UP20Vngqv8g.sCJ_4vdO-nPBZLBfx0QRgxRgcdo0UeNUtkdni6NbkWAg.JPEG/900%EF%BC%BF1756949329616.jpg?type=w773, https://postfiles.pstatic.net/MjAyNTA5MDRfMTk0/MDAxNzU2OTQ5MzYxMDI2.3CuTbJnJMvxcXCry61KbwQ7MwxxTG2KyyaTgj6eoIa4g.qbWL7ag7_LAkqArHiJtNtnx7bg3zTwnYyszGl41A-W8g.JPEG/900%EF%BC%BF1756949355087.jpg?type=w80_blur, https://postfiles.pstatic.net/MjAyNTA5MDRfNTIg/MDAxNzU2OTU3Mjc5MTAx.RoYiBIcLytZCgvufLzROMqdU_rUst5R-Ng9-HK6vm8kg.h-wtTW-cuQQ554Fux2SdCsCJ5YIcw2rKDXd5Cg7ZNcUg.PNG/900%EF%BC%BFfile%EF%BC%BF0000000065506230a4570631ea26d760.png?type=w80_blur, https://postfiles.pstatic.net/MjAyNTA5MDRfMTEw/MDAxNzU2OTUxNDU1MTQ2.TwIUHpBPdCXFbyU_4GoXVtx_HfdbIKCLzmVrhD5HlGkg.S-FSCxgp2ctfIn0N11CgIaGLIKW-n3Gaz2AGR_MSzyQg.JPEG/900%EF%BC%BF1754904516931.jpg?type=w80_blur, https://postfiles.pstatic.net/MjAyNTA5MDRfMjYx/MDAxNzU2OTUyMjgyODg5.QvKCpQTEPGkphRdvJwQRwiq63mjJrt5UrG3lf7YFh6Mg.FN8gjxt1wB7WkmVG0J0atsP6ZnkI8vygJKpkn_tgdYkg.JPEG/900%EF%BC%BF1754644811315.jpg?type=w80_blur, https://postfiles.pstatic.net/MjAyNTA5MDRfMTM3/MDAxNzU2OTU4ODQxODcy.3Li5T-Pr0ovm0yo5PwE4mpFC2FG7AXJJkqcUODaERNgg.UHTdr_MaHeoeE3Y_q9rt3eQnkRzvpEafeSyVvIUDY3Ug.JPEG/900%EF%BC%BFScreenshot%EF%BC%BF20250904%EF%BC%BF130712%EF%BC%BFChatGPT.jpg?type=w80_blur, https://postfiles.pstatic.net/MjAyNTA5MDRfMjg4/MDAxNzU2OTU0ODc3NDA3.1NyTrTyjmurOjq-yCu28s5iy9503pECBGiKLkh4pxmQg.ImZPsf-_DPcWoMDgTDCGvdQuSwFfHU0hv-VuLoUgFxog.JPEG/900%EF%BC%BFScreenshot%EF%BC%BF20250802%EF%BC%BF151713%EF%BC%BFAll_PDF_Reader.jpg?type=w80_blur, https://postfiles.pstatic.net/MjAyNTA5MDRfOSAg/MDAxNzU2OTU0ODc3MzY5.jzSbsTD3KNBqmcNWzdRBkf2Berx2pojne3rvDpGouI8g.3-MaEuuqrYmxF7JDsKFwG3wyrjKZX7CYANIBUNEWoOAg.JPEG/900%EF%BC%BFScreenshot%EF%BC%BF20250802%EF%BC%BF151657%EF%BC%BFAll_PDF_Reader.jpg?type=w80_blur, https://postfiles.pstatic.net/MjAyNTA5MDRfOTYg/MDAxNzU2OTU1NDI5ODM5.gfZCIWkXt8SDYuxX76N4w3-LKa4DphpLufaTTZCUAgMg.9m5XLXZuNEN6qOjwwxoN76bSnP_v0gp1YpAUMgkFqlAg.JPEG/900%EF%BC%BF1756955428703.jpg?type=w80_blur",https://www.youtube.com/embed/18ZXjv7S-3Q?feature=oembed,2025-11-06
naver_blog,ttlboy_224021761063,ttlboy,https://blog.naver.com/ttlboy/224021761063,피엠인터내셔널 피엠주스 9월 프로모션 개꿀 할인 꿀팁!,"독일피엠주스 9월 5+1 프로모션 행사 안내 안녕하세요^^ 이제 9월도 얼마 남지 않았는데요. 아침 저녁으로 선선해지면서 계절의 변화가 느껴지는 요즘입니다!! ​ 환절기에 건강관리 활력 보충에 신경을 써주시고! 독일 프리미엄 건강기능식품으로 건강을 위한 루틴을 만들어 보시기바랍니다 !! ​ 건강을 위해서 챙겨 먹어야 할 제품들의 가격이 부담 스러워 망설이시는분들도 계실텐데요. ​ 0초 0초 광고 후 계속됩니다. 다음 동영상 subject author 취소 피엠인터내셔널 피엠주스 9월 프로모션 개꿀 할인 꿀팁! 재생 9 좋아요 0 좋아요 공유하기 재생 (space/k) 재생 00:27 0:00:00 재생 (space/k) 재생 음소거 (m) 음소거 00:00 / 00:27 실시간 설정 전체 화면 (f) 해상도 자동 480p 자막 사용 안함 재생 속도 1.0x (기본) 해상도 자동 (480p) 1080p HD 720p HD 480p 270p 144p 자막 설정 사용 안함 옵션 글자 크기 배경색 재생 속도 0.5x 1.0x (기본) 1.5x 2.0x 죄송합니다. 문제가 발생했습니다. 다시 시도해 주세요. 도움말 음소거 상태입니다. 도움말 라이센스 고화질 재생이 가능한 영상입니다. 설정에서 해상도를 변경해보세요. 더 알아보기 00:00 접기/펴기 피엠인터내셔널 피엠주스 9월 프로모션 개꿀 할인 꿀팁! 오늘은 그런분들을위해서 5+1 프로모션 꿀팁을 모아 알려 드리겠습니다. 이번 달은 진짜!! 개꿀! 할인 찬스라 할 정도로 다양한 프로모션 행사들이 진행을 하고 있는데요. ​ 좋은 기회를 놓치지 마시고 다가올 추석 명절에 사랑하는 가족들에게 건강을 선물해 주시기바랍니다 !! 남성 맞춤 올인원 스킨 솔루션 맨페이스 밸런스 앤 프로텍트 피트라인 맨플러스와 함께 건강한 피부를 가꾸어 보시기바랍니다! ​ 자연 그대로의 무기질과 나이아신이 함유되어 건강한 피부의 균형을 되찾아줍니다! ​ 피부 장벽 개선, 항산화제 함유, 광범위한 자외선 차단으로 밝고 매끄러운 피부결을 선사합니다! 더 아름다운 내일을 위한 피트라인 뷰티 일상의 생기를 더하는 건강한 습관까지 생각한 제품입니다. 건강한 세포를 지키는 피트라인 젤슈츠 유해산소로부터 세포를 보호하는 항산화 영양소의 힘!! 관절연골엔 피트라인 겔링핏 하루 3스푼으로 상큼한 레몬맛으로 관절연골 건강을 챙겨보시기바랍니다! ​ 에너지가 필요한 순간! 피트라인 액티바이즈 에너지 대사에 필요한 8가지 비타민b군과 부성분인 과라나 추출분말, 비트루트분말 등을 새콤 달콤 맛있게 즐길 수 있는 제품입니다! ​ 오렌지맛 젤슈츠와 동일한 성분으로 맛있게 드실 수 있는 사과맛 젤슈츠! ​ 기본 액티바이즈와 성분은 동일! 복숭아맛 피치맛으로 맛있게 섭취 하실 수 있는 제품입니다! 9월 프로모션 5+1 행사로 추석 선물까지 준비해 보시는건 어떠실까요?^^ ​ ​ 독일피엠주스 가품! 짝퉁주의!! 정품 독일피엠주스는 오직!! 피엠인터내셔널 홈페이지에서만 주문을 하실수 있습니다 ! ​ 건강을 위해서 챙겨 드시는건데 정품피엠주스로 건강을 챙기시는걸 적극 추천드립니다 ^^ 피엠인터내셔널 무료회원가입 방법 1.피엠인터내셔널 무료회원가입 2.팀파트너로 가입하기 ! 가장 저렴! 다양한 혜택! 3.추천인아이디 20198945 조민선 4.오토십신청하기! 오토십 신청시 선물 증정! 오토십을 신청해 주시는분들에게는 선물을 보내드리고 있습니다 ^^ 좋은 혜택 많이 받아가시기 바랍니다 !! ​ 궁금하신 부분은 문의 주시면 진심을 담아 상담 도와드리겠습니다 ^^ ​ 궁금할 땐 네이버 톡톡하세요! 0초 0초 광고 후 계속됩니다. 다음 동영상 subject author 취소 피엠주스 재생 7 좋아요 0 좋아요 공유하기 재생 (space/k) 재생 00:18 0:00:00 재생 (space/k) 재생 음소거 (m) 음소거 00:00 / 00:18 실시간 설정 전체 화면 (f) 해상도 자동 480p 자막 사용 안함 재생 속도 1.0x (기본) 해상도 자동 (480p) 720p HD 480p 270p 144p 자막 설정 사용 안함 옵션 글자 크기 배경색 재생 속도 0.5x 1.0x (기본) 1.5x 2.0x 죄송합니다. 문제가 발생했습니다. 다시 시도해 주세요. 도움말 음소거 상태입니다. 도움말 라이센스 고화질 재생이 가능한 영상입니다. 설정에서 해상도를 변경해보세요. 더 알아보기 00:00 접기/펴기 피엠주스 피엠주스",2025-09-25,,20198945,0,7,"#겔링핏행사, #독일피엠9월프로모션행사, #독일피엠프로모션, #뷰티행사, #액티바이즈행사, #피엠9월행사, #피엠인터내셔널행사","https://blogpfthumb-phinf.pstatic.net/MjAyNTA0MDVfMTE2/MDAxNzQzODE0MDY1MjE1.u2JYzAwy6158xOLyES8kUNiZRN_Ne5c1zf6YABcG8gog.v3cFCw8LdmsOPW3rFrTjXRmLo-QLqj0A5fwZC_CHwOog.PNG/profileImage.png?type=s1, https://postfiles.pstatic.net/MjAyNTA5MjVfMjU3/MDAxNzU4Nzk3NzU1OTY1.ZzqgSPdPvvmsNAnuogNJD66TJ7iCo_ju1P_NlV2oDrQg.nxcIV0vHo9YcEhsXMTn77XU18BU4t5XkwuaP4CR0knsg.JPEG/IMG%EF%BC%BF0549.jpg?type=w80_blur, https://postfiles.pstatic.net/MjAyNTA5MjVfMTk3/MDAxNzU4Nzk3NzU1ODk2.HWcaPEnHZ3Kn2tkjMqICS8V2XUz1l9VDCecbQZYqfmIg.3B-54S-eY10_n0baVoL52_vlqdtrxiXO5OOZRPcnImwg.JPEG/IMG%EF%BC%BF0550.jpg?type=w80_blur, https://postfiles.pstatic.net/MjAyNTA5MjVfMTM3/MDAxNzU4Nzk3NzU1OTg1.YeXfn2TUQdVyTay_oI3xVXXqK3G4BI1jLvn-izIOUF8g.70Grnxznydq1OX4b7VL8_UDZr-f6FRZHdavzKeQa3Agg.JPEG/IMG%EF%BC%BF0195.jpg?type=w80_blur, https://postfiles.pstatic.net/MjAyNTA5MjVfMjM3/MDAxNzU4Nzk3NzU2MzQ2.3wFr_kikSjDgN1dejgPDqXbP8_j3WtqMOBGB_DUj2_cg.dif8-SIHCIy0axRHt79CrqeWrQX4HJwazU-6FcAqlB4g.JPEG/IMG%EF%BC%BF0185.jpg?type=w80_blur, https://postfiles.pstatic.net/MjAyNTA5MjVfMjI5/MDAxNzU4Nzk3NzU1OTcz.OLqevutsl_LFNUfNYcSihk5wZqhk034RiXIXz3HnjvEg.k_wh77Kg2RBHzYyovygdRxKs_3BxO0qbuCmOBGzindwg.JPEG/IMG%EF%BC%BF0186.jpg?type=w80_blur, https://postfiles.pstatic.net/MjAyNTA5MjVfMTg1/MDAxNzU4Nzk3NzU1OTkz.Y2xzY9bjQKA4W5Nyrp_lR74R2h8YDAgtZiw3dOxU3Xkg.rbWY85PCiyhCBjCbf0PlNwvUpEpW0Wq9wRMKoytMK90g.JPEG/IMG%EF%BC%BF8444.JPG?type=w80_blur, https://postfiles.pstatic.net/MjAyNTA5MjVfMjEg/MDAxNzU4Nzk4MDA2NjEz.APL71dFPaLcE3GvEtEhpJgAmEUn-juEzqd4EY77RMxYg.EvZ1xrIks_Eg5zu3B9z0J9UWztuKRLpDk-VT9M4GFMYg.PNG/zxczcxczcxc.png?type=w80_blur, https://postfiles.pstatic.net/MjAyNTA5MjVfOTgg/MDAxNzU4Nzk3NzU2MzIx.hA2r2zcxJl5Ac8sWNUxotukR7wb7-OcHZtsMnh1wB6Eg._At_ztHnlPIdPkVXjMDCKjxywVbprOs9vxFPeodGwh8g.JPEG/IMG%EF%BC%BF9840.JPG?type=w80_blur",,2025-11-06
naver_blog,ohjungseok13_224063171370,ohjungseok13,https://blog.naver.com/ohjungseok13/224063171370,피엠인터내셔널 11월 초대박 프로모션 / 딱 한달만 진행 !!,"안녕하세요 독일피엠서기입니다 ! ​ 피엠인터내셔널 회사에서 11월 초대박 프로모션을 딱 한달동안만 진행한다고해서 알려드리겠습니다~ ​ 피엠회사가 7주년을 맞이해 대박 프로모션을 진행합니다. ​ ​ 기존 오토십을 진행 할 시 파워칵테일 3개 리스토레이트 3개 월 137,100원에 드실 수 있는데 이번에 신규로 가입하시면 무려 42,000원 상당의 액티바이즈 를 무료로 드립니다! ​ ​ 11월달에는 액션팩을 구매할 수 있는데 구성으로는 파워칵테일 5개 리스토레이트 5개 입니다. 오토십과 비교해보면 액션팩이 월 27,980원이 더 저렴합니다🤭 그러니 이번기회 꼭 놓치지 말아야겠죠!? ​ ​ 이게끝이면 너무 아쉬울 거같은데 바로 11월에는 액션팩을 두개 구매시 파워칵테일 2박스, 리스토레이트 2박스 이 두가지를 무료로 증정 !! ​ 내건강을 위해서 이왕이면 정가보단 회원가로 더 저렴하게 챙겨보아요~ ​ 제품 및 사업 문의 010.2343.9982 회원번호 21296610 ​ #독일피엠 #쏘해피팀 #야베스그룹 #11월프로모션 #저렴한 #글로벌비즈니스 #역대급프로모션 #오토십 #조기품절주의 #파워칵테일 #리스토레이트 #액티바이즈",2025-11-03,,21296610,0,18,"#11월프로모션, #2박3일국내여행, #경제적자유, #글로벌, #글로벌비즈니스, #글로벌야베스, #네트워크마케팅, #다단계, #독일피엠, #독일피엠인터내셔널, #리스토레이트, #무항생제, #쏘해피팀, #액티바이즈, #야베스그룹, #역대급프로모션, #오토십, #저렴한, #조기품절주의, #파워칵테일","https://blogpfthumb-phinf.pstatic.net/MjAyNTA3MTZfMiAg/MDAxNzUyNjMwMzQzNDQ3.-d3DNuffY59LLZ4MsGGDct2YLd4T5kwEN00NGn82bCMg.FQk-yXZD60hQW6dpGQRCuTv4rt-lyBTo8bIwwEUGX5gg.JPEG/before__after.jpg/before+%26+after.jpg?type=s1, https://postfiles.pstatic.net/MjAyNTExMDJfMjk1/MDAxNzYyMDg1Njk3NDYy.WULRMxuWYH83EFlfUsuo-InLYhnWoxixzTB1CD49RYog.TBtSIxJQhARZeuEhlpe9XxvLIQPDkod3O-mNwQ9arhIg.JPEG/IMG%EF%BC%BF2841.JPG?type=w966, https://postfiles.pstatic.net/MjAyNTExMDJfMjAg/MDAxNzYyMDg2MDYwNDM5.vOM30QhoQWfd2orwIvIJblCNxpKOfbXOt37c9iRNr8wg.y0Bb4wJ7r9OHDRUVX_ccXGiA2bhnwFMIkwW9RYa0ihcg.JPEG/IMG%EF%BC%BF2922.JPG?type=w80_blur, https://postfiles.pstatic.net/MjAyNTExMDJfMjQy/MDAxNzYyMDg2NTgwOTMx.aUY7g9vb6j0mkGwoTEu50J9aH2I_2DKrIE3qw7-BJ04g.o1whX1A5TiCyUjjqYhBsIzIddIaIqsYxZx3gE3wwiG0g.JPEG/IMG%EF%BC%BF2914.JPG?type=w80_blur, https://postfiles.pstatic.net/MjAyNTExMDJfMTEg/MDAxNzYyMDg2NTgxMTk1.pictxNZtDMVfvM646s8-HS0d0P2n7QyWNfPODNrjwakg.4P5s7tWj-e6-cV1ZuwGJc3BSaaYR507aNHiucVhJ4uEg.JPEG/IMG%EF%BC%BF2915.JPG?type=w80_blur, https://postfiles.pstatic.net/MjAyNTExMDJfMjEw/MDAxNzYyMDg2NTgxMjUy.9TJSJvxT-jBodUe_DJGmi7IpXNCpebCc_1kf6eBR1l8g._rHNSiuAdw2Kc6yrnml7yBtmu7wurLHUf1l8Ds-Btowg.JPEG/IMG%EF%BC%BF2916.JPG?type=w80_blur, https://postfiles.pstatic.net/MjAyNTExMDJfMTI4/MDAxNzYyMDg2NTgxMjU4.J41obdRNEPTB3Km-vP4ZoBX6hOTCdGlK83vBz-I3kJQg.woavyrE0UUibXr9vIT-IgRdIUd0d28V-3361_gFZeR0g.JPEG/IMG%EF%BC%BF2917.JPG?type=w80_blur",,2025-11-06
naver_blog,lgm309_223992269595,lgm309,https://blog.naver.com/lgm309/223992269595,피엠인터내셔널 미국회원가입방법,"https://www.pmi-korea.com/ 피엠인터내셔널 독일 직접판매 업체, 건강기능식품, 화장품, 단백질 보충용 식품 등 판매 www.pmi-korea.com 한국 피엠인터내셔널 홈페이지로 접속합니다 본사홈페이지를 클릭합니다 우측상단 지구본 아이콘을 클릭합니다 영어로 그대로 진행하셔도 되고 한글로 페이지를 보고싶으신분들께서는 한국어로 번역해서 진행하셔도 됩니다. ​ ' INT|EN '으로 되어 있는지 확인하시고 'Join us'를 클릭합니다 ​ 추천인 아이디를 입력하고 'Continue'를 클릭해서 계속 진행합니다 ​ 추천인 이름이 정확한지 확인합니다 ​ 태어난 년원일을 입력합니다. ​ 미국 회원가입을 하실때는 Demo Bag(대모백)은 기본으로 구입을 하셔야합니다. 그리고 팀파트너로만 가입을할때는 오른쪽 옵티멀세트만 선택하시면 되는데 매너저로 진입을 하실려면 왼쪽 매니저퀵스타트팩을 선택하셔야합니다. 즉, 매니저퀵스타트팩을 선택하시면 가입첫달 QM을 통과히실수 있고, 다음달부터 매니저 수당지급을 받을수 있는 조건달성이 됩니다. ​ 매니저로 집입할때는 액티바이즈+액티바이즈세럼을 무상으로 받게됩니다. ​ 옵티멀세트외에 다른 팩을 선택하고싶다면 'Alternative Pack'을 클릭하고 위의 다른 팩을 선택하셔도됩니다. ​ 다음으로 액티바이즈세럼을 -50%로 구매할수 있는 기회가 있으며, 다른 제품을 선택할수 있는 메뉴가 있습니다. ​ 이제부터 회원 정보를 입력하실차례입니다. *로 표시된 항목은 필수정보로써 모두 입력하셔야합니다. ​ 배송방법과 지불방법을 선택하시고 계속 진행합니다. ​ 다음페이지에서 비밀번호 결재방법등을 입력하고 신용카드정보를 등록하시면 됩니다. ​ 감사합니다. ​ 독일피엠 탑세일러 ☎ 010-4593-1462 #부산피엠 #서울피엠 #대구피엠 #구미피엠 #광주피엠",2025-09-02,010-4593-1462,,295,299,"#광주피엠, #구미피엠, #대구피엠, #부산피엠, #서울피엠","https://blogpfthumb-phinf.pstatic.net/MjAyNTEwMjhfMTkg/MDAxNzYxNjUyODY3ODAx.N6ocVTk7GVmr8HGl0sFbjgpKvUTyAxSjNDRfaOgeQi4g.GOSJ_REgVmfMfgUQb70MLSLhmCgToE3-krR4fbU2guMg.JPEG/%EC%A0%9C%EB%AA%A9_%EC%97%86%EC%9D%8C.jpg/%25EC%25A0%259C%25EB%25AA%25A9%2B%25EC%2597%2586%25EC%259D%258C.jpg?type=s1, https://dthumb-phinf.pstatic.net/?src=%22http%3A%2F%2Fwww.pmi-korea.com%2Fresources%2Fimage%2Fcommon%2Fsns_logo.png%22&type=ff500_300, https://postfiles.pstatic.net/MjAyNTA5MDJfMTQw/MDAxNzU2NzgxODQ0MzQ0.gMxmqGWDJbcSUpLQEp2RBMmmRWw9UUH3U29xAqAUN58g.nYl-Gf3rcW-Kq-xhM4wPFKbia7svYxWiEVWeuzye2oQg.PNG/image.png?type=w773, https://postfiles.pstatic.net/MjAyNTA5MDJfMTQz/MDAxNzU2NzgxODg4NDA2.ABAEYrpnkg1vFOUwjk3lCM0fP0YsbWkQKzuL_jnU1u8g.AQxktfr23mCazNKFuGGqRI8juKj9FuVSmWMKduQteKUg.PNG/image.png?type=w773, https://postfiles.pstatic.net/MjAyNTA5MDJfMjAy/MDAxNzU2NzgyMDAxMTU5.QKnyo1hdbJmA8czmONYZwvkLMVKhmIEPK4kIX98MFXAg.txtPyKjbZjuJ1uf09t5Jls-ibs0IpoglGeLUpjEOZeEg.PNG/image.png?type=w80_blur, https://postfiles.pstatic.net/MjAyNTA5MDJfMjc1/MDAxNzU2NzgyMzAzNjkx.23St2HyW41Qt-WDoHHnYalFdZPnHeHBYErJH0HnfuOsg.J-RAn7dyAFYjT6zYg6vaF4TPyy8Hpa-khR6obzWB1cog.PNG/image.png?type=w80_blur, https://postfiles.pstatic.net/MjAyNTA5MDJfMTA1/MDAxNzU2NzgyNDM3MDAz.N6ClbZsro36ppAJVB5R9m8kauN_Cqf36gPMfzI9Ag7Yg.S1X7TshG0oXUEQV3imdtlUR_zi50OKeIVD--N4G87Rkg.PNG/image.png?type=w80_blur, https://postfiles.pstatic.net/MjAyNTA5MDJfMjAy/MDAxNzU2NzgyNTM0Mzg2.MYFUAvGD_ouS1M_YvMUwMdveXA0bo_o2rjdV0RrTDBMg._Z26bFaoQYIB43NcJ_nzWfHmcr4h9P3IH_mcWHCKoYkg.PNG/image.png?type=w80_blur, https://postfiles.pstatic.net/MjAyNTA5MDJfMjIw/MDAxNzU2NzgyODc3NDY4.S9v1aiE_N8u6XmwRmDoZGyQdcWLeiigunefPapQMqFAg.tWItHCiPLjXSJ4X6iesC8Oyy-fsvRJMOhGZ83EJXvk0g.PNG/image.png?type=w80_blur, https://postfiles.pstatic.net/MjAyNTA5MDJfMTk0/MDAxNzU2NzgyOTQ0Njgw.1pvmYe_tioPkSDSNNVvkrzMudDvUB57WG_GQhLOXkY4g._-SiAtNGhD03A_smkwkaT_gkerERefdqDtuD4buFBkIg.PNG/image.png?type=w80_blur",,2025-11-06
naver_blog,chlehd14_224020526155,chlehd14,https://blog.naver.com/chlehd14/224020526155,피엠인터내셔널 회원가입 방법 총정리 | 정품 구매 가이드,"안녕하세요 😊 ​ 독일 PM 사업가 최동희 입니다. ​ ​ 오늘은 공식 홈페이지에서 정품을 가장 합리적으로 구매 하는 회원가입 절차 를 처음부터 끝까지 깔끔하게 정리했습니다. ​ ​ 먼저, 피엠인터내셔널 공식 사이트에서 시작해 볼게요. ​ ​ 1) 피엠인터내셔널 공식 홈페이지 접속 공식 링크: https://pm.pmi-korea.com/main.do 링크 클릭! ​ ​ ⬇️⬇️⬇️⬇️⬇️⬇️⬇️⬇️⬇️⬇️⬇️ ​ ​ 오른쪽 상단 회원가입 버튼을 눌러주세요. ​ ​ ⬇️⬇️⬇️⬇️⬇️⬇️⬇️⬇️⬇️⬇️⬇️ ​ 많은 혜 택 과 저렴하게 구매하는 방법 을 고려하면 팀 파트너 선택 이 유리합니다 👍 ​ ​ ​ ​ ⬇️⬇️⬇️⬇️⬇️⬇️⬇️⬇️⬇️⬇️⬇️ ​ ​ 2) 약관 동의 & 본인 인증 약관 전체 동의(체크 시 회색 → 파란색) ​ ​ ​ ⬇️⬇️⬇️⬇️⬇️⬇️⬇️⬇️⬇️⬇️⬇️ ​ ​ 통신사 선택 후 휴대폰 본인 인증 이름 · 주민등록번호 · 연락처 · 보안문자 입력 → 확인 ​ 문자인증 번호가 오면 입력 후 다시 확인 을 누르면 됩니다. ​ ​ ​ ⬇️⬇️⬇️⬇️⬇️⬇️⬇️⬇️⬇️⬇️⬇️ ​ ​ ​ 3) 기본정보 / 추천인 코드 입력 회원가입 시 추천인 은 필수입니다. 아래 코드 번호를 입력해 주세요. ​ ​ 추천 코드: 20766344 (최동희) ​ ​ 입력 후 가입 완료 를 누르면 끝! 사진 보시면서 함께 따라 하면 더 쉬워요 📸 ​ ​ ​ 4) 가입 후 혜택 & 오토십 가입이 완료되면 공식몰에서 피엠인터내셔널 정품을 보다 합리적인 가격 으로 구매할 수 있습니다. ​ ​ 아래 링크를 통해서 더 저렴한 가격과 정기 배송을 원하시면 오토십 을 설정해 보세요. ​ ⬇️⬇️⬇️⬇️⬇️ ​ https://blog.naver.com/chlehd14/223953876033 공식 피엠인터내셔널 홈페이지로 정품 쥬스 싸게 먹는 꿀팁 안녕하세요 ^_^ 오늘은 공식 피엠인터내셔널 홈페이지로 정품 쥬스 싸게 먹는 꿀팁에 대해 알려드릴게요~! ... blog.naver.com ​ ​ 저렴함, 편의성은 물론, 안내드리는 ​ 소정의 선물 🎁 혜택도 챙기실 수 있어요. ​ ​ ​ 5) 한눈에 보는 체크리스트 공식 사이트 접속 → 회원가입 클릭 팀 파트너 선택 → 약관 동의 & 본인 인증 추천 코드 입력: 20766344 (최동희) 가입 완료 후 피엠인터내셔널 정품 합리적 구매 저렴한 오토십으로 정기 배송 설정 ​ 함께 성장하는 팀 문화로, 처음부터 끝까지 옆에서 돕겠습니다 ✨ ​ ​ ​ 정품 구매 방법, 오토십 설정, 혹은 사업 시작에 관한 문의는 언제든 편하게 남겨 주세요. ​ ​ ​ 공식몰 이용 팁과 피엠인터내셔널 가입 동선도 필요하시면 추가로 정리해 드릴게요! ​ ​ ​ 마지막으로, 정품 가격 혜택을 꾸준히 누리시려면 피엠인터내셔널 공식 홈페이지를 이용하시면 됩니다 🙌 ​ ​ ​ 궁금한 점이 있으시다면 카톡으로 문의 주세요~! ​ 피엠인터내셔널 관련 실전 팁까지 상세히 안내드리겠습니다 📱 ​ ​ https://blog.naver.com/chlehd14/223727996310 독일 피엠 인터내셔널 제품 및 비즈니스 문의ㅣ최신버전 독일 피엠 인터내셔널 공식 사업가 최동희입니다. 🔽 아래 카톡 프로필로 연락주세요. 🔽 https://open... blog.naver.com ​",2025-09-24,,20766344,3,3,"#PM인터내셔널, #PM쥬스3종, #PM쥬스다이어트, #PM쥬스부작용, #pm, #pm쥬스, #pm쥬스다단계, #독일PM, #독일피엠쥬스, #독일피엠쥬스부작용, #파워칵테일, #피엠, #피엠인터내셔널, #피엠주스, #피엠쥬스, #피엠쥬스액티바이즈, #피엠쥬스효능","https://blogpfthumb-phinf.pstatic.net/MjAyNTA5MDJfMjE5/MDAxNzU2NzgzMDUzOTc0.JCyZc8uUbcdacd3wj5vLppomeEp8j4tr62b99RWf_zEg.EbrKqietNo9-3BLhj5SNAIWBhkALaVO6zz9Xc3Jpj8Eg.JPEG/KakaoTalk_20250902_121706256.jpg/KakaoTalk_20250902_121706256.jpg?type=s1, https://postfiles.pstatic.net/MjAyNTA5MjRfMTQx/MDAxNzU4NjgzNjUxMDkz.DJDVzzbJGVKBJIqf3s1wWfrUaogna_mZawOaZg-NpMYg.y264J84Eqz_slE4tPKDlubIfvHkTzCsNa3qDs-QfOuog.PNG/%ED%94%BC%EC%97%A0%ED%9A%8C%EC%9B%90%EA%B0%80%EC%9E%851.png?type=w773, https://postfiles.pstatic.net/MjAyNTA5MjRfMTE5/MDAxNzU4NjgzNjUxMTMz._3sM2D2GAG4dsIaeoheqeLWxSwaDeUxQU2AALE8dRbcg.O2_bQaQfezxkeHKMVH8e0FFp6tFSSfCsYXyQ6NHUPEgg.PNG/%ED%94%BC%EC%97%A0%ED%9A%8C%EC%9B%90%EA%B0%80%EC%9E%852.png?type=w80_blur, https://postfiles.pstatic.net/MjAyNTA5MjRfMTI4/MDAxNzU4NjgzNjUxMTM3.besPZs-1L3kN2UBrMkkqj4Q9F7CncimqVAC8Sv7zITwg.LA44fJX_XR0FwxCs-p6cVSsP6d2kTXZ6057dMqcHrEYg.PNG/%ED%94%BC%EC%97%A0%ED%9A%8C%EC%9B%90%EA%B0%80%EC%9E%853.png?type=w80_blur, https://postfiles.pstatic.net/MjAyNTA5MjRfMzkg/MDAxNzU4NjgzNjUwOTA3.57BHG2OdewRJ2NE1SGkxmxZ8Ki4PxyxacYZvIgR88Oog.oApwq1XB2SH5x5G_Bow2KfeGLLJNyz7vJ9bFQZLqpTgg.PNG/%ED%94%BC%EC%97%A0%ED%9A%8C%EC%9B%90%EA%B0%80%EC%9E%854.png?type=w80_blur, https://postfiles.pstatic.net/MjAyNTA5MjRfMjcx/MDAxNzU4NjgzNjUwOTA5.6ZXOcjC_mqsPVOD04dKbUrwIew0Ur7CbBK37e8H-rIkg.CaW_OpjZljgSLaR3Sk2Pc73Qum75sxxoX1B-fWERq5Ag.PNG/%ED%94%BC%EC%97%A0%ED%9A%8C%EC%9B%90%EA%B0%80%EC%9E%855.png?type=w80_blur, https://postfiles.pstatic.net/MjAyNTA5MjRfMjk0/MDAxNzU4NjgzNjUwOTA3.XzEAcTNEgbK8kq_s0w4MDhKOH_kqgx4hRX98G85FXoQg.Gt4ZUxGGZjLpEQbvPokt-KjwS43s4btAU67Y9xq5opMg.PNG/%ED%94%BC%EC%97%A0%ED%9A%8C%EC%9B%90%EA%B0%80%EC%9E%856.png?type=w80_blur, https://postfiles.pstatic.net/MjAyNTA5MjRfOTAg/MDAxNzU4NjgzNjUwOTEx.NH0_p9-tgdt_E3gBTCTfBRCY-oSoxZW6pNy72OGrMUAg.c-8AsxFEnd1aDc9aGio_eVIb3ccks8xavTqypeXeYEYg.PNG/%ED%94%BC%EC%97%A0%ED%9A%8C%EC%9B%90%EA%B0%80%EC%9E%857.png?type=w80_blur, https://postfiles.pstatic.net/MjAyNTA5MjRfMTA4/MDAxNzU4NjgzNjUwOTEz.pd0w-Mf0Utg6DWSlaDTSfayhJsnRqGnekC9oHzQ2QQUg.22ZNejKmd9KlKJTOKKT_lKCqpvnK7Ql5fifaeCDYRJwg.PNG/%ED%94%BC%EC%97%A0%ED%9A%8C%EC%9B%90%EA%B0%80%EC%9E%858.png?type=w80_blur, https://postfiles.pstatic.net/MjAyNTA5MjRfNCAg/MDAxNzU4NjgzNjUwOTEz.Gr7kta4mDNui_JeySAo8VHb4ssrdhCcxcYEmTU1PLPgg.2PDdKEa10O0aM3k9ntrBhGyHu_jMd7lSjit-IH0J2EIg.PNG/%ED%94%BC%EC%97%A0%ED%9A%8C%EC%9B%90%EA%B0%80%EC%9E%859.png?type=w80_blur",,2025-11-06
naver_blog,soyong486_224020087399,soyong486,https://blog.naver.com/soyong486/224020087399,"독일 피엠인터내셔널 사업, 온라인으로 가능한 이유 3가지[조이그룹]","건강과 기회를 연결하는 라이프 디자이너 조이그룹 팀리더 이소용 입니다. ​ 독일 피엠인터내셔널 조이그룹 팀리더 이소용 현대 사회는 디지털 네트워크로 연결되어 있습니다. 건강과 웰빙을 추구하는 피엠인터내셔널(PM-International) 사업 역시 온라인 환경과 만나며 더욱 폭발적인 성장을 이루고 있습니다. 특히, 온라인으로 누구나 쉽게 시작하고 확장할 수 있다는 점은 많은 파트너들이 선택하는 이유이기도 합니다. ​ 그렇다면, 피엠인터내셔널 사업이 온라인으로 가능한 이유는 무엇일까요? 지금부터 3가지 핵심 포인트를 살펴보겠습니다. 피엠인터내셔널 글로벌 원 서버 플랫폼 ​ 독일 피엠인터내셔널 사업, 온라인으로 가능한 이유 3가지 1. 글로벌 브랜드와 온라인 플랫폼의 결합 피엠인터내셔널은 전 세계 45개국 이상에 진출한 글로벌 기업입니다. 따라서 온라인을 통해 국경을 넘어 누구와도 연결될 수 있습니다. • 공식 온라인 쇼핑몰과 오토십 시스템을 통해 제품을 손쉽게 주문할 수 있고, • 파트너는 별도의 물류나 재고 관리 없이 웹사이트 링크를 공유하는 것만으로도 사업을 전개할 수 있습니다. ​ 이처럼 디지털 플랫폼이 완벽히 구축되어 있기 때문에 온라인에서도 신뢰성 있게 사업을 운영할 수 있습니다. ​ ​ ​ 독일 피엠인터내셔널 사업, 온라인으로 가능한 이유 3가지 2. 시간과 장소의 제약이 없는 사업 구조 온라인 사업의 가장 큰 장점은 언제 어디서든 가능하다는 것입니다. • 스마트폰 하나로 제품 홍보, 고객 관리, 팀 교육까지 모두 가능합니다. • 줌(Zoom)이나 카카오톡, SNS를 통해 팀원들과 연결되어 교육과 소통을 진행할 수 있고, • 블로그, 인스타그램, 유튜브 같은 채널을 활용하면 24시간 자동 홍보 시스템을 만들 수 있습니다. ​ 즉, 오프라인 미팅에 의존하지 않고도 효율적으로 사업을 운영할 수 있는 환경이 마련되어 있습니다. ​ 0초 0초 광고 후 계속됩니다. 다음 동영상 subject author 취소 시간과 장소의 제약이 없는 사업 구조 재생 2 좋아요 0 좋아요 공유하기 재생 (space/k) 재생 00:10 0:00:00 재생 (space/k) 재생 음소거 (m) 음소거 00:00 / 00:10 실시간 설정 전체 화면 (f) 해상도 자동 480p 자막 사용 안함 재생 속도 1.0x (기본) 해상도 자동 (480p) 1080p HD 720p HD 480p 270p 144p 자막 설정 사용 안함 옵션 글자 크기 배경색 재생 속도 0.5x 1.0x (기본) 1.5x 2.0x 죄송합니다. 문제가 발생했습니다. 다시 시도해 주세요. 도움말 음소거 상태입니다. 도움말 라이센스 고화질 재생이 가능한 영상입니다. 설정에서 해상도를 변경해보세요. 더 알아보기 00:00 접기/펴기 시간과 장소의 제약이 없는 사업 구조 #SNS마케팅 #글로벌원코드 ​ ​ 독일 피엠인터내셔널 사업, 온라인으로 가능한 이유 3가지 3. 웰빙 트렌드와 온라인 콘텐츠의 시너지 요즘 사람들은 건강과 웰빙에 관한 정보를 대부분 온라인에서 찾습니다. 피엠인터내셔널의 제품과 프로그램은 오토파지, 디톡스, 에너지 관리, 면역 강화 등 최신 웰빙 키워드와 잘 맞아떨어집니다. • 블로그 포스팅이나 SNS 콘텐츠로 경험담을 나누면 공감과 신뢰를 얻을 수 있습니다. •‘건강 루틴 만들기’, ‘조이핏 건강 챌린지’ 같은 온라인 커뮤니티 프로그램을 기획하면 사람들의 자발적 참여가 늘어납니다. • 결과적으로 건강을 원하는 사람들이 자연스럽게 온라인을 통해 파트너로 연결되는 선순환이 만들어집니다. ​ 독일 피엠인터내셔널 조이그룹 조이핏 건강챌린지 ​ ​ 독일 피엠인터내셔널 사업, 온라인으로 가능한 이유 3가지 ▪️마무리: 온라인은 선택이 아닌 필수 피엠인터내셔널 사업이 온라인으로 가능한 이유는 단순히 편리함 때문만은 아닙니다. • 글로벌 플랫폼(글로벌 원 서버 - 어느 나라에서든 #8370124 추천인으로 사업 시작 가능 ) • 시간·장소의 자유 • 웰빙(웰니스) 트렌드와 콘텐츠의 시너지 ​ 이 세 가지가 만나 누구나 도전할 수 있는 성공의 기회를 제공합니다. 👉 지금 당신의 스마트폰으로 첫걸음을 내딛어 보세요. 온라인에서 건강과 재정적 성장을 동시에 잡는 기회, 피엠인터내셔널 조이그룹 팀리더 이소용이 함께합니다. 독일 피엠인터내셔널 조이그룹 팀리더 이소용 ⭐️ 인스타 피엠인터내셔널 독일피엠 리쏭 이소용(@ri_ssong_) • Instagram 사진 및 동영상 팔로워 9,394명, 팔로잉 6,182명, 게시물 898개 - 피엠인터내셔널 독일피엠 리쏭 이소용(@ri_ssong_)님의 Instagram 사진 및 동영상 보기 www.instagram.com ⭐️유튜브 독일피엠 리쏭 이소용 [조이그룹] 독일피엠[프리미엄 비타민 미네랄 건강기능식품]을 알리고 있어요. 가치와 문화가 남다른 #조이그룹에서 #정성이 실력이라는 슬로건으로 현장에서 일할 때가 가장 가슴 뛰며 만남을 소중히 여기며 정성으로 잘 이어가려 합니다. 부동산임대업과 중소기업을 운영하며 피엠 비즈니스의 큰 비전을 발견하여 어떤 사업보다 집중하며 또 하나의 파이프라인을 구축하고 있습니다. 이소용팀을 마주하게 되심이 기쁨이 되실수 있도록 섬기며 겸손히 임하겠습니다. 사업/제품/문의 이소용 010 8595 0580 ➡️네이버검색창 🔎독일피엠리쏭 ☑️ 인스타그램 @ri_s... youtube.com ​ ​",2025-09-24,010-8595-0580,,0,6,"#8370124, #SNS마케팅, #글로벌원코드, #정성이, #조이그룹에서, #태그, #피엠인터내셔널 독일피엠 리쏭 이소용(@ri_ssong_) • Instagram 사진 및 동영상팔로워 9,394명, 팔로잉 6,182명, 게시물 898개 - 피엠인터내셔널 독일피엠 리쏭 이소용(@ri_ssong_)님의 Instagram 사진 및 동영상 보기www.instagram.com","https://blogpfthumb-phinf.pstatic.net/MjAyNDA4MTBfMjgx/MDAxNzIzMjQ3NTY0MjU1.MRAyZUGCj41WVMe8C_dCp7XAWTd1dDNMuyPLIyfiq4Mg.58m_qK_GgEgiy4DANMatCgt9HbnWNlm-LaPFwFBtkYQg.PNG/profileImage.png?type=s1, https://storep-phinf.pstatic.net/ogq_5c438b1a7f6ce/original_1.png?type=p100_100, https://postfiles.pstatic.net/MjAyNTA5MjRfMjIx/MDAxNzU4Njc3MTAwMDYy.9X_ib5KIoc4a1oppH538MKZ2bSqHD6mdc6ZqtDM9SyIg.ca6ltPCPZ-eJk0Isa85ZFgQ9K9FHEczyCjPcLHAf98kg.JPEG/SE-C8D115DA-8FB6-42B2-952F-5049123C3481.jpg?type=w773, https://storep-phinf.pstatic.net/ogq_5c438b1a7f6ce/original_4.png?type=p100_100, https://postfiles.pstatic.net/MjAyNTA5MjRfNjgg/MDAxNzU4NjkyMTE2NzA4.BkfOqIjlTOf9w6X68lAGcebAZsGAOYgd50_kG01qXqcg.3XWc9MRd2pZMhhLWCYtwRH4fIQTL1JaLTTFOiL9t5ssg.JPEG/SE-DD13B29E-9FA8-4BD8-AD70-5DC0D3D14E3D.jpg?type=w80_blur, https://storep-phinf.pstatic.net/ogq_5c7a4110e1762/original_23.png?type=p100_100, https://postfiles.pstatic.net/MjAyNTA5MjRfMTE4/MDAxNzU4NjkyNDQ3OTI4.o_f5wAMei0XmKH6er58cMJFMrIvR9IX6k8iuYPxyp5gg.JhZDDo9CuU782NRb2NP18ZPcnLApYhnLRyxM61hEaOcg.JPEG/SE-3F8C3F97-F093-49DF-83F3-8E8E3263915D.jpg?type=w80_blur, https://postfiles.pstatic.net/MjAyNTA5MjRfOTQg/MDAxNzU4NjkyNjI0MTc5.ymy2LyFx6QaQAH7ftJ-DVoJvufWbCOWckt9T50xKhrUg.XqChDGQKJVmasfYivKfQ0SjGcmmf5R_d94rtbw4akbwg.JPEG/SE-68A5F05A-E68A-41A3-AACC-4FF2284D801E.jpg?type=w80_blur, https://storep-phinf.pstatic.net/ogq_5c7a4110e1762/original_6.png?type=p100_100, https://storep-phinf.pstatic.net/ogq_5c7a4110e1762/original_14.png?type=p100_100",,2025-11-06
naver_blog,emo0503_224038436380,emo0503,https://blog.naver.com/emo0503/224038436380,피엠인터내셔널 창립자 롤프 소르그 회장 방한! 2025 내셔널 콩그레스 안내,"롤프 소르그 회장님 방한, 내셔널 콩그레스현장으로 초대합니다 🇩🇪 ​ 피엠코리아에서 매년 단 한 번! 글로벌 리더와 함께하는 최대 규모 리더십 이벤트 ​ ✨ 🌍 KOREA NATIONAL CONGRESS 2025 ​ PM-International 창립자이자 CEO, 롤프 소르그(Rolf Sorg) 회장님이 직접 한국에 오십니다. ​ ​ ​ 1993년 단 한 사람의 철학으로 시작된 PM은 현재 전 세계 46개국에 진출, 유럽 웰니스 시장 1위 기업으로 성장했습니다. ​ ​ 이제 그 놀라운 성공 스토리와 PM의 비전을 한국 무대에서 직접 체험하세요! ​ ​ 네트워크 최초 포브스 표지모델 피엠 롤프소르그회장님 ​ ​ 📅 행사 일정 🗓️ 2025년 10월 14일 (화) 오후 1시~6시30분 (입장 시작: 오전 11시부터) ​ 📍 행사 장소 인스파이어 리조트 아레나 (인천 중구 공항문화로 127) ​ 🎁 도어기프트 FitLine 액티바이즈 + FitLine 젤슈츠 오렌지맛 ​ ​ ​ ​ ​ 💬 이 행사가 특별한 이유! ✔ 유럽 1위 웰니스 기업의 비전 공유 ✔ 글로벌 리더들과의 만남 ✔ 롤프 소르그 회장님과의 미래방향성 ✔ 성공자 인터뷰 & 리더 시상식 ✔ 핏라인 신제품 발표 ​ ​ 이 자리는 단순한 행사가 아니라, 당신의 인생이 바뀌는 전환점이 될 수 있는 순간입니다. ​ ​ ​ ​ ​ 🌟 ​ PM은 ‘꿈을 현실로 만드는 시스템’입니다. 아무런 리스크 없이, 글로벌 시장과 연결되는 가장 스마트한 비즈니스 모델. ​ ​ 지금 이 초대장을 보셨다면, 당신은 이미 변화의 중심에 서 있습니다. ​ ​ ✨ 보는 만큼 확신하고, 경험하는 만큼 성장합니다. 2025년 10월,14일 그 현장에 함께하세요! ​ ​ 0초 0초 광고 후 계속됩니다. 다음 동영상 subject author 취소 2025 한국 내셔널콩그레스 재생 8 좋아요 0 좋아요 공유하기 재생 (space/k) 재생 00:58 0:00:00 재생 (space/k) 재생 음소거 (m) 음소거 00:00 / 00:58 실시간 설정 전체 화면 (f) 해상도 자동 480p 자막 사용 안함 재생 속도 1.0x (기본) 해상도 자동 (480p) 720p HD 480p 270p 144p 자막 설정 사용 안함 옵션 글자 크기 배경색 재생 속도 0.5x 1.0x (기본) 1.5x 2.0x 죄송합니다. 문제가 발생했습니다. 다시 시도해 주세요. 도움말 음소거 상태입니다. 도움말 라이센스 고화질 재생이 가능한 영상입니다. 설정에서 해상도를 변경해보세요. 더 알아보기 00:00 접기/펴기 2025년 10월14일 인천 인스파이어 아레나 2025 한국 내셔널콩그레스 ​ ​ ​ ​ ​ #피엠코리아 #피엠인터내셔널 #FitLine #피엠행사 #내셔널콩그레스 #롤프소르그회장님 #블루오션 #글로벌리더십 #인스파이어리조트 #피엠세미나 #조이그룹 #조이핏 #독일피엠율라 #구미피엠 #팀파트너20967605 #웰니스비즈니스 #PM사업자 #리더십성장 #글로벌성공 ​",2025-10-12,,20967605,0,7,"#FitLine, #PM사업자, #구미피엠, #글로벌리더십, #글로벌성공, #내셔널콩그레스, #독일피엠율라, #롤프소르그회장님, #리더십성장, #블루오션, #웰니스비즈니스, #인스파이어리조트, #조이그룹, #조이핏, #팀파트너20967605, #피엠세미나, #피엠인터내셔널, #피엠코리아, #피엠행사","https://blogpfthumb-phinf.pstatic.net/MjAyNTA1MDRfMjIw/MDAxNzQ2MzUzNjg5OTA0.ci5nRu-UrPgA4f4_yORRZJOI1IgTN9GFnRbkllwpfVkg.St7l5c7DZpI-qswvgKZuSJSmQco2JOifWJF-HB5KViIg.JPEG/profileImage.jpg?type=s1, https://postfiles.pstatic.net/MjAyNTEwMTJfMjAz/MDAxNzYwMjQxMTcyMzAx.7opAhUcra3WT9P801_Dz66ZJcraF0D7nHm5dvr34PZwg.vrta0lbPjTeYH0EjtHkwooXaEHHpBn2VZLl046nkE_Ag.PNG/900%EF%BC%BFfile%EF%BC%BF00000000935861fa87291cdac9b25c81.png?type=w773, https://postfiles.pstatic.net/MjAyNTEwMTBfMTMx/MDAxNzYwMDU4MzIxMzg2.u0zxEBWYy3dIz85VtTFhciKa6ZfRhMHXF7c87s_fzNgg.t6D9Spv_VdIhdKs7Ru35PR87RA8ZqVQSZOuxo94wfmwg.JPEG/900%EF%BC%BF1754644891504.jpg?type=w80_blur, https://postfiles.pstatic.net/MjAyNTEwMTBfMjE2/MDAxNzYwMDU4MzYxODU0.fW5_r7t3RVElpxqesKPpnFY76a7C_v3YfV8UR2AgNSEg.dmnsmmPK-ZfCv53HgBamAgmLrouU98eEiPQQCLiQ61sg.JPEG/900%EF%BC%BF1760058360753.jpg?type=w80_blur, https://postfiles.pstatic.net/MjAyNTEwMTBfNjMg/MDAxNzYwMDU4MDc5NjIz.Lq7YcsoE82ji6-WQpNvxoYItVzj19CFaoF9-Yk3vI2wg.bSGErhh7i0n4DKx-yQA5XO1t6X2UXf5B7xwrGmFlplIg.JPEG/900%EF%BC%BFScreenshot%EF%BC%BF20251010%EF%BC%BF095720%EF%BC%BFGallery.jpg?type=w80_blur, https://postfiles.pstatic.net/MjAyNTEwMTJfNTEg/MDAxNzYwMjQwNjYwMjg3.pGwxDOIEUNk4lozWOTxJKdqJWbeSD-2qNKRmTrQkAMsg.VYXKwnAxFln3gfwmFYRU32c61IsPp5XW6Suwlc-g9Ygg.JPEG/900%EF%BC%BFScreenshot%EF%BC%BF20251012%EF%BC%BF101011%EF%BC%BFNaver_Blog.jpg?type=w80_blur, https://postfiles.pstatic.net/MjAyNTEwMTJfMTQg/MDAxNzYwMjQwNjYwMzA0.De3uZBftzizHO3mCxQlpa8LTmO4QSia7yxiHejxWBZEg.x3Z-SjCjyRLloYMCTSSvANx6pKQnhQxzwh2UH_q5GT4g.JPEG/900%EF%BC%BFScreenshot%EF%BC%BF20251012%EF%BC%BF095522%EF%BC%BFGallery.jpg?type=w80_blur, https://postfiles.pstatic.net/MjAyNTEwMTJfODUg/MDAxNzYwMjQwNjYwMjQ3.2iqTIxODq-On4JJbvsTd4jvVY4bHleJr9upjSCq4yV8g.wn8vFn--j4EGoixwOIu4B4pcxJBmZWij6L8RNRmfgtUg.JPEG/900%EF%BC%BFScreenshot%EF%BC%BF20250919%EF%BC%BF094545%EF%BC%BFGallery.jpg?type=w80_blur",,2025-11-06
naver_blog,ttlboy_223980652649,ttlboy,https://blog.naver.com/ttlboy/223980652649,피엠인터내셔널 8월 월말 추가 5+1프로모션 행사 안내,"독일pm주스 8월 프로모션 안내 안녕하세요^^ 8월 한여름 무더위 속에서 건강관리는 선택이 아닌, 필수가 되어버렸습니다! 하지만 바쁜 일상 속에서 제대로 된 ​ 영양소를 챙기기는 쉽지가 않은데요. 그래서 많은분들이 간편하게 물이랑 타서 맛있게 드실 수 있는 독일pm주스를 찾고 계시는 것 같습니다 !! ​ ​ 이번 8월달은 더 특별하게 한정으로 5+1프로모션이 진행되기 때문에 건강을 챙기면서 합리적인 가격 혜택까지 누릴 수 있는 절호의 기회가 되실겁니다! 왜 독일 피엠주스 프로모션에 주목해야 할까요? 고금리, 계속 오르는 물가.. 경지침체...  정말 많은 이유들이 있는데요. 건강기능식품 가격도 예외는 아닙니다! ​ 하지만 이번 8월 피엠은 정품 피트라인 제품을 가장 합리적인 조건으로 만나 보실 수 있게 준비를 하였습니다 ! ​ 여름철 무더위로 지치기 쉬운 몸! 수분과 영양 밸런스를 지키는 게 무엇보다 중요합니다 !! ​ 단순 할인! 5+1프로모션이 아닌, 사랑하는 내 가족들과 같이 챙겨 드실 수 있는 프리미엄! 건강기능식품! 제품입니다 ! ​ 독일피엠주스 3종 독일피엠주스는 가루분말 형태로 되어 있어서 물과 함께 언제 어디서나 챙겨 드실 수 있는 건강기능식품입니다. ​ 풍부한 영양소와 타 먹는 재미!! 그리고 맛까지 있는 독일pm주스입니다 ! 평소에 잘 챙겨 드시지 못했던 ​ 과일, 야채, 식이섬유, 유산균, 비타민, 무기질 등등 필요한 영양소를 간편하게 챙겨 드시면서 건강한 루틴을 만들어 보시는걸 추천드립니다 !! 건강은 미뤄 둘수 있는게 아닙니다! 지금부터 바로 챙겨야 할 가장 큰 자산입니다! ​ 먹는 습관이 곧 ~ 건강한 내 몸을 만들고 좋은 것을 선택하면 몸은 반드시 반응을 합니다. 저 또한 독일피엠주스를 꾸준히 섭취하면서 정말 많은 효과를 보면서 피트라인 제품을 수시로 챙겨 먹고 있는데요. ​ 앞으로 평생 pm주스를 섭취하려고합니다 ! 건강만큼 중요 한 것은 없다고생각합니다^^ ​ 좋은 제품! 섭취하면서~ 시너지 효과를 보기위해! 운동도 꾸준히 하고 있는데요. 피엠주스 덕분에 지치지 않고 ​ 빠른 회복과 포퍼먼스로 운동 할 맛 나는 요즘입니다! 여러분들도 피엠주스로 결과를 경험해 보시기바랍니다 !! 운동 전, 중, 후에도 항상 피트라인을 챙겨 먹고 있습니다 ^^ 지금 챙기는 한잔이 앞으로의 저를 건강하고! 활력있게 바꿔 주는 것 같습니다 ! ​ 가품주의!! 짝퉁주의!! 피엠주스가 최근 인기가 많아지면서 가품! 짝퉁 제품들이 판을 치고 있는데요. 우리가 건강을 위해서 챙겨 먹는 것인데 ​ 정품 피엠주스로 세상에서 가장 소중한 나에게 그리고 사랑하는 내 가족들에게 정품으로 건강을 선물해 주시는 걸 적극 추천드립니다 !! 정품 피엠주스는 독일에서 제조 생산하여 비행기로 한국으로 도착을 합니다! 피엠인터내셔널 홈페이지에서만 정품 제품을 주문을 하실 수 있는데요. ​ 무료로 회원가입이 가능하여 ~ 정품 제품으로 건강을 챙겨 보시는 걸 적극 강력 추천드립니다! ​ 피엠인터내셔널 무료회원가입 방법 피엠인터내셔널 홈페이지에서 무료로 회원가입을 하시고, 팀파트너로 가장 저렴하게 ! 다양한 혜택까지 받아 보시는 걸 추천드립니다 ! 추천인아이디는 21458216 CUI MEIZI 입력을 하신 후 오토십을 신청해 주시는 분들에게는 ~ 선물을 보내드리고 있습니다 ^^ 좋은 혜택 많이 받아 가시기바랍니다 !! ​ 궁금할 땐 네이버 톡톡하세요! 제품 문의와 궁금하신 부분은 문의 주시면 진심을 담아 답변드리겠습니다 ! 감사합니다 ♥ ​ ​ ​ ​ ​ 0초 0초 광고 후 계속됩니다. 다음 동영상 subject author 취소 피엠프로모션 재생 0 좋아요 0 좋아요 공유하기 재생 (space/k) 재생 00:20 0:00:00 재생 (space/k) 재생 음소거 (m) 음소거 00:00 / 00:20 실시간 설정 전체 화면 (f) 해상도 자동 480p 자막 사용 안함 재생 속도 1.0x (기본) 해상도 자동 (480p) 1080p HD 720p HD 480p 270p 144p 자막 설정 사용 안함 옵션 글자 크기 배경색 재생 속도 0.5x 1.0x (기본) 1.5x 2.0x 죄송합니다. 문제가 발생했습니다. 다시 시도해 주세요. 도움말 음소거 상태입니다. 도움말 라이센스 고화질 재생이 가능한 영상입니다. 설정에서 해상도를 변경해보세요. 더 알아보기 00:00 접기/펴기 피엠프로모션 피엠프로모션 0초 0초 광고 후 계속됩니다. 다음 동영상 subject author 취소 피엠인터내셔널 8월 월말 추가 5+1프로모션 행사 안내 재생 0 좋아요 0 좋아요 공유하기 재생 (space/k) 재생 00:11 0:00:00 재생 (space/k) 재생 음소거 (m) 음소거 00:00 / 00:11 실시간 설정 전체 화면 (f) 해상도 자동 480p 자막 사용 안함 재생 속도 1.0x (기본) 해상도 자동 (480p) 1080p HD 720p HD 480p 270p 144p 자막 설정 사용 안함 옵션 글자 크기 배경색 재생 속도 0.5x 1.0x (기본) 1.5x 2.0x 죄송합니다. 문제가 발생했습니다. 다시 시도해 주세요. 도움말 음소거 상태입니다. 도움말 라이센스 고화질 재생이 가능한 영상입니다. 설정에서 해상도를 변경해보세요. 더 알아보기 00:00 접기/펴기 피엠인터내셔널 8월 월말 추가 5+1프로모션 행사 안내",2025-08-23,,21458216,0,7,"#PM프로모션, #독일피엠주스, #독일피엠주스프로모션, #피엠8월프로모션, #피엠인터내셔널프로모션, #피엠주스","https://blogpfthumb-phinf.pstatic.net/MjAyNTA0MDVfMTE2/MDAxNzQzODE0MDY1MjE1.u2JYzAwy6158xOLyES8kUNiZRN_Ne5c1zf6YABcG8gog.v3cFCw8LdmsOPW3rFrTjXRmLo-QLqj0A5fwZC_CHwOog.PNG/profileImage.png?type=s1, https://postfiles.pstatic.net/MjAyNTA4MjJfMjM0/MDAxNzU1ODUyODExMDk1.ZywDGMypEDjbjMIFj5c-fE8dPe0WfwlwTrGvYPvPtuEg.5Cx9p0Y7ifqJPIQOgbcN9wPwjeG08OL3xpDTWUZtnGQg.JPEG/IMG%EF%BC%BF9399.jpg?type=w773, https://postfiles.pstatic.net/MjAyNTA4MjJfMjgy/MDAxNzU1ODUyNzkyNjE0.YI9ZsOaKoZ1yDSpaaZgAfszfaRUW0COf4XbFhxw0SHgg.oHzLP_V55kxkSFecBwMPsXLK9naXyGxgLUT_IxoiWp4g.JPEG/IMG%EF%BC%BF9400.jpg?type=w80_blur, https://postfiles.pstatic.net/MjAyNTA4MjJfMTA4/MDAxNzU1ODUyNzkwODQ0.IlJObMcDhqPrVUQgXKaJomoEdrfNQvPzONRxH7zWIrUg.OPfLeB-uFe7HCX--TUAnfdEjJ2_XBKhJZo7_eECqGPsg.JPEG/IMG%EF%BC%BF9405.jpg?type=w80_blur, https://postfiles.pstatic.net/MjAyNTA4MjJfMTMx/MDAxNzU1ODUyNzk1NjQw.lq6wcrE-u7qnPlWGZHON9zoCWqcLTsWwVpYhmBlhIukg.ptQM62V38HknULNOhyiH1yRfHK0KQ1zVnFpEqbYqVWog.JPEG/IMG%EF%BC%BF9362.JPG?type=w80_blur, https://postfiles.pstatic.net/MjAyNTA4MjJfMTYy/MDAxNzU1ODUyNzk1NjQy.i3izdUdbLt5PaNkNIrjBEYeQqozH4kVDU433AwOJdSMg.uZLqEWSLm_wBrEUzIJllJXjMfC_SDK0Vx_6qMAaS3OUg.JPEG/IMG%EF%BC%BF9361.JPG?type=w80_blur, https://postfiles.pstatic.net/MjAyNTA4MjJfMjg3/MDAxNzU1ODUyNzkyMjEx.YjbD-ajrrPFQV46Spa3PXuMRgmvTgOKsdHOnsX54r2kg.YwaYqXbr0tt185g2DHUBhMYU9ujdsBeYWb0b59nI9XUg.JPEG/IMG%EF%BC%BF8534.JPG?type=w80_blur, https://postfiles.pstatic.net/MjAyNTA4MjJfMTc1/MDAxNzU1ODUyNzkxMjE3.I6pvYxQ2u30V60tgciERecj_qsDEXNSgc1ToDGFLKHQg.DrSezAmd3GAHFvJ-hCdy0bBIHXbylgvyrOh97yY_I70g.JPEG/IMG%EF%BC%BF9367.jpg?type=w80_blur, https://postfiles.pstatic.net/MjAyNTA4MjJfMjMg/MDAxNzU1ODUyNzkyNTAy.VIVJj0m-zKqfBASP3g46vakYYfpNL1l32v2SmcfUjwQg.C-6qOH6FYRrQh36xlvqrWwVRJ0orzdO1hVvnyCPsRKcg.JPEG/IMG%EF%BC%BF9369.jpg?type=w80_blur, https://postfiles.pstatic.net/MjAyNTA4MjJfMjcz/MDAxNzU1ODUyNzkxMjc2.2cIW8STV8WPHDSdSk31epstL4nJij3YezZ1Nh_irC08g.5mcKa02ScWHq0GCfUJvXatg196rmGyekXVIbVS7xiPAg.JPEG/IMG%EF%BC%BF8539.JPG?type=w80_blur",,2025-11-06
naver_blog,mct_cnc__224006733964,mct_cnc_,https://blog.naver.com/mct_cnc_/224006733964,피엠인터내셔널 추천인 코드,"피엠인터내셔널 가입시 추천인 코드 넣게 되어 있습니다. 21529313 넣어주세요.  팀가격으로 저렴하게 구매하실수 있습니다. PM인터내셔널 은 네트웍마케팅 으로 판매되고 내 추천인 코드를 상대에게 알려주면 상대가 제품 구매시  나에게 후원금이 쌓이게 됩니다. ​ 피엠인터내셔널 제품을 먹어보고 내 몸의 변화에 만족하신다면, 지인에게 추천하고, 그 노력의 댓가를 지불받게 되는 시스템입니다. 이걸 흔히  다단계라 합니다. ^^ 왜그런지 모르겠지만  다단계 에 대해 안좋은 시선으로 보는 사람들이 많습니다. 저도 그중 하나였는데요. ​ 건강식품 판매회사에겐  이 보다 획기적인 마케팅 방법이 없습니다. 자사제품으로 직접 효과본 사람들이 지인들에게 소개하고 , 그 보상을 받으니, 그 경로가  몇번 반복하면  기하급수적으로 홍보가 됩니다.  국내에 수많은 다단계 회사가 있습니다. 제품력이 뛰어난 회사는  시간이 갈수록  매출이 늘고 회원이 늡니다. ​ 피엠인터내셔널 제품군은 단순하지만,  짧은 시간내에 많은 판매량을 자랑합니다. 피엠인터내셔널 제품을 체험하고, 같이 공부해 보실까요.? ​ ​ 전 공복혈당이 높아 당뇨 판정을 받았고,  PM인터내셔널 제품군중  당관리 제품을 선택하여, 섭취해 보고  변화를 기록할 생각입니다. 지방간도 좀 있습니다. 곧있으면 간 관련 제품이 라인업 된다는데 기대가 큽니다. ​",2025-09-13,,21529313,5,7,"#PM인터내셔널추천인코드, #tag, #피엠인터내셔널추천인번호, #피엠인터내셔널추천인코드","https://blogpfthumb-phinf.pstatic.net/MjAyNDA1MTBfMjAg/MDAxNzE1MzIzMTMxOTI5.HvMCY88v_ZC68MktzK0gRsPOLYEtgPaG2abxp0R2Hiog.SeFsZigpJpI5ioyCnksxhR3r7wPYnsFXY4e3w5hBTYcg.JPEG/%EC%9A%B0.jpg/%25EC%259A%25B0.jpg?type=s1, https://postfiles.pstatic.net/MjAyNTA5MTNfMTg1/MDAxNzU3NzYxMDg5NzMw.ABg_B9J2mJV_t7bXzP05m4GuIjXDMXCcy35p-J7WV_og.ubYy-zPIDLHhrfAJ-f0nVD7vkK8bYnroD11NDVVwd_0g.JPEG/%ED%94%BC%EC%97%A0%EC%9D%B8%ED%84%B0%EB%82%B4%EC%85%94%EB%84%90_%EC%B6%94%EC%B2%9C%EC%9D%B8%EC%BD%94%EB%93%9C.jpg?type=w966, https://postfiles.pstatic.net/MjAyNTA5MTNfNDgg/MDAxNzU3NzYyMDU0MjQ0.OEOMqSsIoDvdXS7s-zbfZzx8hHdHje4f9QoVMQMQI58g.nACUrCJAKa8eai7X6x95jZKySXfD8qPSA-dL4OMkHCgg.PNG/image.png?type=w80_blur",,2025-11-06
naver_blog,mchanna_224061457232,mchanna,https://blog.naver.com/mchanna/224061457232,피엠코리아 7주년 역대급 피트라인 액션팩 프로모션! 지금이 1년 중 가장 저렴한 기회🔥,"안녕하세요~아시아 1위 조이그룹, 건강을 전달하는 다이어트코치 속초pm입니다. 오늘은 11월에 특급 액션팩 프로모션 안내를 해드리겠습니다!!!! ​ ​ “ 11월, 다시 없을 혜택 💥 PM코리아 7주년 액션팩 최저가 행사! 2세트 구매 시 2개월치 추가 증정🎁” 추천인21122717조한라 ​ ​ ​ --- ​ 💎 PM코리아 7주년, ​ 단 한 번의 초특가  액션팩 프로모션 ! ​ 🎉 11월 단 한 달, 다시 없을 기회! ​ 11월 1일부터 11월 30일까지 진행되는 PM코리아 7주년 액션팩 프로모션은 올해 단 한 번, 가장 큰 혜택으로 진행되는 특별 행사입니다. ​ 이번 행사에서는 액션팩 2세트 구매 시, 2개월 분 제품을 추가 증정 받아 총 12개월 분량을 훨씬 합리적인 가격에 만나볼 수 있습니다. ​ ​ --- ​ 💪 PM 액션팩 구성: 하루 에너지를 완성하는 콤보 파워칵테일(Power Cocktail) : 아침 활력을 채워주는 비타민·미네랄·식이섬유 밸런스 영양음료 ​ 리스토레이트(Restorate) : 하루 끝, 피로회복과 미네랄 보충을 돕는 저녁 필수 영양음료 ​ ​ 이 두 제품이 결합된 ‘액션팩’은 균형 잡힌 영양보충 + 활력 회복 + 숙면 지원을 한번에 챙길 수 있는 PM의 대표 베스트셀러 세트입니다. ​ 추천인21122717조한라 ​ --- ​ ​ 📉 가격 비교: 지금이 진짜 💰 최저가인 이유! ​ ​ 구매 방식	1개월분 기준 가격	비고 ​ 일반 소비자	198,375 원 기본가 오토십 가입	137,100원 정기구독가 BA 스페셜	119,040원 파트너가 7주년 행사 회원가	91,000원 🔥 역대 최저가 액션팩(5월·11월 한정)	109,120원 🎯 행사 특별가 추천인21122717조한라 ​ ​ 👉 액션팩 2세트(12개월분) 기준 정상가 1,091,200원 → 7주년 특가 + 2개월 증정 실질가치는 약 1,300,000원 이상 상당! 추천인21122717조한라 ​ ​ ​ --- ​ 💡 💳 결제 혜택 & 구매 조건 카드 무이자 3~6개월 적용 가능 ​ 인당 최대 5세트 구매 가능 ​ 팀파트너 정기구독 시 자동 혜택 반영 ​ ​ ​ --- 🌿 전문가 시선에서 본 PM 액션팩의 가치 PM코리아의 제품은 독일 본사 FitLine® 기술로 개발되어, NTC®(Nutrient Transport Concept) 기술이 적용되어 있습니다. 이는 단순한 영양보충을 넘어, 영양소가 필요한 곳까지 정확히 전달되어 체내 활성도와 회복력을 높이는 과학적 시스템으로 인정받고 있습니다. ​ ​ --- 📦 이렇게만 구매해도 혜택이 두 배! ​ ​ > ✅ 액션팩 2세트 구매 → 2개월치 추가 증정 ✅ 정기구독 시 추가 할인 ✅ 7주년 한정가로 구매 가능 ​ ​ ​ 💬 “건강은 챙기고, 가격 부담은 낮추는” 지금이 1년 중 가장 현명한 선택 시점입니다. ​ ​ --- ​ ​ ✔️ 11월 30일까지 단 30일 한정 ✔️ 품절 시 조기 종료 가능 ​ 궁굼하신 사항은 톡톡주세요. ​ ​ ​ #추천인21122717조한라 #속초피엠 #양양피엠 #고성피엠#pm.hanla #조이그룹 #조이핏 #PM코리아 #7주년프로모션 #액션팩 #파워칵테일 #리스토레이트 #최저가행사 #건강보조식품 #독일PM #에너지회복 #11월이벤트 ​ 궁금할 땐 네이버 톡톡하세요! ​ ​ https://m.blog.naver.com/mchanna/224054216206 독일 피엠- 가입절차 완벽정리 | 우대회원 & 팀파트너 안내 🌍 독일 피엠- 회원가입 절차 & 회사 소개 총정리 --- 💡 독일 pm 이란? 추천인21122717조한라 P... m.blog.naver.com ​",2025-11-01,,21122717,6,6,"#11월이벤트, #7주년프로모션, #PM코리아, #pm, #pm.hanla, #건강보조식품, #고성피엠, #독일PM, #리스토레이트, #속초피엠, #액션팩, #양양피엠, #에너지회복, #조이그룹, #조이핏, #최저가행사, #추천인21122717조한라, #태그, #파워칵테일","https://blogpfthumb-phinf.pstatic.net/MjAyNTEwMjNfMTU4/MDAxNzYxMjA1NDk5NzA3.9Pk1niHcLfw87PIqlQ1YNzmGZ36I2BdOP4t7bG6N9dog.6geQ-dLSjWf8RgNKoZ0S2tdjXtb4Fe6KwgAOxnlNumog.JPEG/profileImage.jpg?type=s1, https://postfiles.pstatic.net/MjAyNTExMDFfMjEy/MDAxNzYyMDA1MjMwMzc4.kbWaxhZYRDcr6lN63ZdBB2xdiupeFgfrep7WznFfwEYg.2ikC-ZvlgZ-3CwAQkafAjeLShm8X_r6jcotrnP8GLykg.JPEG/900%EF%BC%BFScreenshot%EF%BC%BF20251101%EF%BC%BF112659%EF%BC%BFInstagram.jpg?type=w773, https://postfiles.pstatic.net/MjAyNTExMDFfMTA4/MDAxNzYyMDA1MjMwMzkw.LddM6L5qcQIcImhzEr2x3blRLYoOlc-XjgGPY0Kn9Dsg.mYls8z9AkSwPkzzPQeHivqkHtAQt0D7dcwalC3ZKfmEg.JPEG/900%EF%BC%BFScreenshot%EF%BC%BF20251101%EF%BC%BF223007%EF%BC%BFNAVER.jpg?type=w80_blur, https://postfiles.pstatic.net/MjAyNTExMDFfMTEg/MDAxNzYyMDA1MjMwMjY0.3WK7zC54CCAKsyGnmByOKx8VhhRlhPtjliQxiDWuDD8g.IKvVnrIfzj2hk0uKSgqKYvcjUyv1gOZ9Qg4KFOa2i6Qg.JPEG/900%EF%BC%BFScreenshot%EF%BC%BF20251101%EF%BC%BF222949%EF%BC%BFNAVER.jpg?type=w80_blur, https://postfiles.pstatic.net/MjAyNTExMDFfNTcg/MDAxNzYyMDA1MjMwMjY3.3KfYAcY5d1HiF-nN4uINkY5wuWiF-hU0KEPnFgLiOpMg.jOQ_1xHvnRTrC96eY7Yxt32VetqSPrJivK5M5E9_1tgg.JPEG/900%EF%BC%BF1762004122855.jpg?type=w80_blur, https://dthumb-phinf.pstatic.net/?src=%22https%3A%2F%2Fblogthumb.pstatic.net%2FMjAyNTEwMjRfMjA1%2FMDAxNzYxMjkyNDA3MzYz.RK3p5O6k1KEXVmyYgASnVArVeQ_1qD0C6dM-vB2ZP9Eg.qPjTyOS0LN5PVQWu3lqUAjt3h0hmqN4JIeaTqtIO46Eg.JPEG%2F900%25A3%25DFScreenshot%25A3%25DF20251024%25A3%25DF034959%25A3%25DFInstagram%25A3%25A81%25A3%25A9.jpg%3Ftype%3Dw2%22&type=ff500_300",,2025-11-06
naver_blog,tjdgml8175_224061863089,tjdgml8175,https://blog.naver.com/tjdgml8175/224061863089,🩵 이번 달 피엠 혜택 총정리 피엠코리아 7주년 기념 액션팩 초특가 프로모션 (11월 한정),"안녕하세요 :) 피엠(PM International) 제품으로 꾸준히 건강 루틴을 관리하시는 분들이라면 이번 소식을 꼭 확인하셔야 해요. ​ 2025년 11월은 피엠코리아 7주년 기념 달로, 그동안 꾸준히 사랑받아온 대표 세트 액션팩(파워칵테일 + 리스토레이트) 을 한정 기간 동안 특별한 가격으로 만나볼 수 있는 기회가 열렸습니다. ​ 이번 글에서는 📦 액션팩 구성부터 💰 할인 혜택, 🎁 추가 증정 조건까지 한눈에 보기 쉽게 정리해드릴게요. ​ 🔹 액션팩이란? ​ 액션팩은 피엠의 대표 제품 두 가지가 함께 들어있는 세트입니다. •	파워칵테일 (Power Cocktail) •	리스토레이트 (Restorate) ​ 아침과 저녁의 루틴에 맞춰 구성되어 있으며, 균형 잡힌 영양 섭취를 간편하게 챙기고 싶은 분들에게 꾸준히 선택받고 있는 제품이에요. (※ 제품의 체감은 개인의 식습관 및 생활환경에 따라 달라질 수 있습니다.) ​ 💰 피엠코리아 7주년 초특가 이벤트 안내 ​ 이번 행사는 11월 1일 ~ 11월 30일까지 진행되며, 소진 시 조기 종료될 수 있습니다. ✅ 피엠 오토십회원 참여 가능 ✅ 카드 무이자 3~6개월 적용 가능 ✅ 11월 한 달간만 진행되는 한정가 ​ * 오토십 미보유시 ,대리 주문 가능합니다. 댓글이나, 톡톡, 오픈채팅 주세요. ​ 💡 예를 들어, 액션팩 2세트를 구매하면 총 12개월 분으로 구성되어 1년 동안 여유 있게 사용할 수 있습니다. ​ 🌿 액션팩, 이런 분들께 추천드려요 •	바쁜 일정 속에서 규칙적인 식사 관리가 어려운 분 •	간편하게 영양 밸런스를 챙기고 싶은 분 •	가족과 함께 건강 루틴을 만들어가고 싶은 분 •	피엠 제품을 처음 체험해보고 싶은 분 ​ 액션팩은 일상 속 영양 밸런스 관리용 세트로, 피엠 회원들 사이에서도 가장 인기가 높은 조합이에요. ​ ​ 올해 11월은 피엠코리아가 함께 걸어온 7년의 여정을 기념하는 뜻깊은 달이에요. ​ 평소 액션팩을 알아보셨던 분들이라면 이번 7주년 초특가 프로모션을 통해 더 합리적인 가격으로 구성된 세트를 만나보시길 추천드립니다. ​ 필요한 기간만큼 여유롭게 준비해서 나와 가족의 건강 루틴을 꾸준히 관리해보세요 🌿 ​ 독일 피엠 이성희 10074999 ​ http://talk.naver.com/W43LSW ​ ​ ​ 독일PM이성희 - 네이버톡톡 PM international / 독일PM사업 후원인코드 10074999 이성희 talk.naver.com https://open.kakao.com/me/tjdgml8175 ​ 이성희(매니저)님의 오픈프로필 open.kakao.com ​",2025-11-02,,10074999,1,1,"#2025블로그챌린지, #독일피엠이성희, #리스토레이트, #액션팩, #액티바이즈, #영양제추천, #왓츠인마이블로그, #파워칵테일, #피엠인터네셔널, #피엠주스가장싸게먹는방법, #피엠주스최저가, #한달최저가","https://blogpfthumb-phinf.pstatic.net/MjAyMzA3MDNfMTcg/MDAxNjg4MzkyODE2NDA3.vpB4hoarDnzAKDPEO22kOGupazlU5umyLwv2G99xp70g.GN7cR_Xa1EoMIf11eyUNtN3aNPCxTfQSaUwt0GCevKMg.PNG.tjdgml8175/profileImage.png?type=s1, https://postfiles.pstatic.net/MjAyNTExMDJfMTk0/MDAxNzYyMDU0NTMzMDIz.I5yOKM6Cue8VoU6JXEFc8UpJu_1QqVpg62pwmAtzvvwg.IBWa3P0QyeVffgYr8dRW-H6nY1lxImeivVKNZQwTm_Mg.JPEG/IMG%EF%BC%BF0639.jpg?type=w80_blur, https://postfiles.pstatic.net/MjAyNTExMDJfNTcg/MDAxNzYyMDU0NTY0NDgx.zs_UfKbNc5OzQet7bsMRtZSyRy-Y5_8Ys-lJCO0eMcMg.50kfcpsv9AwyOUrjgLyWjPPofZWFmb1l9UgJb_f59GIg.JPEG/IMG%EF%BC%BF0635.jpg?type=w80_blur, https://postfiles.pstatic.net/MjAyNTExMDJfNTEg/MDAxNzYyMDU0ODAzMDkx.CbuSOecKj1d38p4ppVZMUyNIO0DZ_0A4Ya2vtHD6zgAg.NLFugzDwzwBTz2vGjGfRnAWBxAITgvPyc1K52r8lU90g.JPEG/67FE4AEE%EF%BC%8D9941%EF%BC%8D449D%EF%BC%8D990B%EF%BC%8DCFE61B90938A.jpg?type=w80_blur, https://postfiles.pstatic.net/MjAyNTExMDJfMjIy/MDAxNzYyMDU0ODAzMDcx.MDwKHqaLkrNxqqogM0S-S_kQhoUVLOQ-ohKX9p8AY64g.ijjB1YlLx537029cWNG39qfFM4t6i3UmOKIFFZWdkP0g.JPEG/9D16252D%EF%BC%8D1285%EF%BC%8D4CA0%EF%BC%8D8B9F%EF%BC%8D75E115D14B20.jpg?type=w80_blur, https://postfiles.pstatic.net/MjAyNTExMDJfMTg0/MDAxNzYyMDU0ODAzMDg5.znDPD8vfpZ1NfTl11UyRNL5HjBqpusRs3UNeZMccoNgg.hS7ZFalhpvIm5KvpPj5ng9CW5mWIRjb6T4DW0rKyppwg.JPEG/6E0FFA98%EF%BC%8DA76B%EF%BC%8D4883%EF%BC%8DA5F5%EF%BC%8DAAB852C06834.jpg?type=w80_blur, https://postfiles.pstatic.net/MjAyNTExMDJfMTA5/MDAxNzYyMDU0ODAyOTQy.VbEZkSKtTNy-BW2H6ndUKqxr1JT3HdlVMvz9Xz9fg2og.aK5yGTTk0wsNDURk3Myrfsf5TmwDh2UbupeeEoWwYQ8g.JPEG/74AA9A79%EF%BC%8D24DC%EF%BC%8D4608%EF%BC%8D95CF%EF%BC%8D5FDD3694C274.jpg?type=w80_blur, https://postfiles.pstatic.net/MjAyNTExMDJfNTIg/MDAxNzYyMDU0ODAzMTI0.ezgH00rxXwUgPkR0kyFcuh4GWum3qcT7iUXYgIjaFFog.ykHa860PGQIZIo9CNB42p9FYDHcFR7JgnWwb-HnkOfMg.JPEG/5A867E18%EF%BC%8D7E11%EF%BC%8D433B%EF%BC%8D8EF4%EF%BC%8DE40EB6F1CCB9.jpg?type=w80_blur, https://postfiles.pstatic.net/MjAyNTExMDJfMTUw/MDAxNzYyMDU0ODAzNDIx.8hf2n_LzzAx-V4mfI8JdVpW5YVPDmvjVmZSyqGT8wRUg.mx4bKTtVZaO1X4oVqJv1EiaGOiaM0vxgM8g_TR-E6KEg.JPEG/7EA51810%EF%BC%8DE88B%EF%BC%8D41C8%EF%BC%8DABF9%EF%BC%8D36F671E019AE.jpg?type=w80_blur, https://postfiles.pstatic.net/MjAyNTExMDJfMjMg/MDAxNzYyMDU0ODAzMDI2.vxVUt8Icg9y0rk3J-7L7-EirVT8ejs1NdxDKdGgTUWwg.Hg0Q8AOzCaFcSEw9IDqz3M_pBOsTX7L0PPotBDvBA0kg.JPEG/7B05D970%EF%BC%8D6DD3%EF%BC%8D435F%EF%BC%8DAD1C%EF%BC%8D815D5D9A951F.jpg?type=w80_blur",,2025-11-06
naver_blog,jungvelylife_223694286007,jungvelylife,https://blog.naver.com/jungvelylife/223694286007,피엠 인터내셔널 코리아 정기구독 오토십 회원 가입 방법 ABO 혜택,"​ 안녕하세요 독일 피엠 공식 사업자 정블리입니다 오늘은 피엠 인터내셔널 코리아 회원 가입 방법과 ABO 혜택에 대해 안내드릴게요 피엠 코리아 정기구독 오토십 ​ 피엠 인터내셔널 코리아 피엠 주스 정품구매 해야하는 이유 온라인 플랫폼 제품 구매 시 불이익 ​ 요즘 핫한 피엠 주스 정품은 피엠 인터내셔널 코리아 홈페이지에서 구매 한 것만이 정품입니다 ​ 온라인 플랫폼 쿠* 네*버 등에서 판매되는 제품은 리셀러 제품 즉 중고 제품 누군가가 구매 후 재판매하는 경우죠 ​ 피엠 인터내셔널 코리아 물류 센터/항온항습실 피엠 주스는 아시다시피 천연감미료 천연향료 무방부제 제품으로 유통기한이 1년 이내이고 보관이 엄청 중요해요~!! ​ 내 몸 건강을 위해 먹는 건강기능식품 저렴하다고 불법 유통되는 제품을 섭취하는 건 비추입니다~!! ​ 본사에서도 제품 불법 유통 근절을 위해 규정 위반 회원들을 회원자격정지의 강력한 제재를 하고 있습니다 ​ 최근 스타** 텀블러 불법 유통 공장 한편에 가득 쌓여있는 피엠 제품 박스를 보고 경악했던 기억이 떠오르네요 피엠 주스 짝퉁 유통 ​ 공장 바닥에 막.... 널 부려져 있더라고요 요렇게 가품들이 유통되기도 해요... ​ ​ ​ 피엠 인터내셔널 코리아 오토십 회원 가입방법 독일 피엠 오토십 회원 가입 방법 ​ 불법 유통 제품 가격보다 더 저렴하게 섭취 가능한 피엠 정기구독 서비스 오토십 회원 가입 순서는 ​ 1번 네이버에서 피엠 인터내셔널 검색 ​ ​ 2번 본사 홈페이지 클릭 팝업창 뜨면 닫기 하고 오른쪽 우측 상단 삼선 클릭하세요 ​ ​ 3번 우측 상단 회원가입 클릭 회원은 반드시 팀파트너로 클릭 (공무원이나 미성년자 기초생활수급자는 문의하세요) ​ ​ 4번 약관 꼼꼼히 살펴보시고 체크 피엠 인터내셔널 코리아는 직접판매 공제조합 등록 회사입니다 ​ ​ 5번 휴대폰 인증 후 추천인 번호 입력창이 나오면 추천인 검색 클릭하시고 10054287 입력 ​ 추천인 김정혜가 뜨면 완료 피엠 인터내셔널 코리아 팀 파트너 회원이 되심을 환영합니다 ​ ​ 6번 이제 오토십 가입해 볼까요 홈페이지 메인창에 오토십 클릭 ​ ​ 7번 필수 입력 사항 기입하고 오토십 신청하기 누르심 피엠 정기구독 서비스 오토십 회원이 됩니다 ​ ​ 8번 오토십 신청 후 2~5일 사이 3개월치 제품 파워칵테일 3박스 리스토레이트 3박스가 택배 배송되고요 결제는 가입일에 1회차 다음 달 2회차 다다음 달 3회차 결제되고 자동 연장 신청 시 3개월마다 제품 선배송 후 결제가 진행됩니다 ​ ​ 피엠 인터내셔널 코리아 정기구독 오토십회원 혜택 정기구독 오토십 혜택 ​ 요즘 정기구독 많이 하는데 왜일까요~? 제 생각엔 일단 가격이 저렴하고 한번 가입하면 매달 신경 쓰지 않아도 서비스가 제공되는 편리함 때문인 거 같아요 ​ 피엠 코리아 정기구독 서비스 오토십 혜택은 ​ 1) 할인율이 높다 독일 PM 주스 오토십 가격은 소비자가 보다 30% 이상 할인이 적용 오토십 회원가 137,100원 ​ 팀 파트너가 158,780원 소비자가 198375원 ​ 2) 소비가 소득이 된다 내가 오토십회원일때 나를 추천한 사람들의 주문금액의 11%를 캐시백 받을 수 있다. 예를 들어 내가 오토십으로  피엠 주스를 먹고 있고 내 동생이 나를 추천인으로 가입하여 오토십회원 등록하거나 제품 구매 시 동생이 결제하는 제품 금액(GV)의 11%가 매달 등록된 나의 계좌로 캐시백 됩니다 ​ ​ 3) 자동 배송의 편리함 매번 별도의 주문 없이 3개월마다 집으로 배송이 되어 편리합니다 결제는 매달(137,100원) 되지만 배송은 3개월에 한 번씩 3개월치 제품이 선배송 되어요 ​ ​ 최대한 쉽게 안내드린다고 했는데 여기까지 봤는데 모르겠다... 그럼 바로 톡톡 문의하세요 궁금할 땐 네이버 톡톡하세요! ​ ​ 톡보다 바로 전화연결이 편하다 하심 아래 사진 클릭하심 바로 연결되어요 독일 피엠 공식 사업자 김정혜 ​",2024-12-15,,10054287,6,6,"#독일피엠김정혜, #독일피엠정블리, #독일피엠회원가입방법, #오토십가입방법, #오토십혜택, #정기구독오토십, #피엠인터내셔널, #피엠주스","https://blogpfthumb-phinf.pstatic.net/MjAyMzAzMTJfODUg/MDAxNjc4NjExNDcwNTQw.oDgpqQssJBcB1IE-YsWzMZdyOjsQuSMe1HyhaZ-ChDcg.P_0u5R7JCvIivbIcsdg56lc95vIXLyPDJwm8eg3WGzIg.JPEG.jungvely8958/profileImage.jpg?type=s1, https://storep-phinf.pstatic.net/ogq_6062ac7244514/original_2.png?type=p100_100, https://postfiles.pstatic.net/MjAyNDEyMTVfNiAg/MDAxNzM0MjQ0MzYyNzU0.amEatZ0T6cUmH89KZX2qkLscUJ-rrAt-mUonLGqiq9wg.E5rijeqgmv_zzG7kj9_6S5oeExwdiI-ZtAW-7BsgoCog.JPEG/900%EF%BC%BF1734244361658.jpg?type=w773, https://postfiles.pstatic.net/MjAyNDEyMTVfMTQ2/MDAxNzM0MjQ0Mzg5MTcw.Ar2yALMcSRmWnXe21uXWorChjy0RfvUNyHPpmV4dnNYg.TqpGsarrRxz1eX2oh_PM9IRxTmCuDXshh-BQiDItvDIg.JPEG/900%EF%BC%BFScreenshot%EF%BC%BF20241215%EF%BC%BF152924%EF%BC%BFNAVER.jpg?type=w80_blur, https://postfiles.pstatic.net/MjAyNDEyMTVfMTY3/MDAxNzM0MjUxMDY1NTY0.vPLTh-ApDCEceToJ3XQfap3_BgiTRn6D2drakt0hGPIg.GxWKetb6h5EU6-kn1V5fTqahAoLNqj6zJrxRrdUyVBkg.JPEG/900%EF%BC%BFScreenshot%EF%BC%BF20241215%EF%BC%BF172243%EF%BC%BFYouTube.jpg?type=w80_blur, https://postfiles.pstatic.net/MjAyNDEyMTVfNTAg/MDAxNzM0MjUxMDY1NTY5.8F_DaCdlo0Qsjm5sqVj9BhM9ez_TyhyQ_aMVDuvldF4g.-8KeT7jk2kNeBWpv6Z3hPCLtf03mG3I7W-ACTrXMGHkg.JPEG/900%EF%BC%BFScreenshot%EF%BC%BF20241215%EF%BC%BF172316%EF%BC%BFYouTube.jpg?type=w80_blur, https://postfiles.pstatic.net/MjAyNDEyMTVfMjgz/MDAxNzM0MjQ1ODk5MTU0.MM3Qc368LQi98EYq6LxkHKKafpgy7egw0scTn_jt5ZAg.7EO2FnhFXaUpk5jwYq1ihZY0R71g3Ps_eLd0QfnA7pgg.JPEG/900%EF%BC%BFScreenshot%EF%BC%BF20241215%EF%BC%BF152842%EF%BC%BFNAVER.jpg?type=w80_blur, https://postfiles.pstatic.net/MjAyNDEyMTVfMjAg/MDAxNzM0MjQ1ODk5MjUy.y8fNYAwrQSANDmzyMcIFtAMPG8bJgKeEc51hylxkNTcg.0jrxdaCMHCAYCyrlxgCafFViICklK16Ku1KGNqu6PYEg.JPEG/900%EF%BC%BFScreenshot%EF%BC%BF20241215%EF%BC%BF152818%EF%BC%BFNAVER.jpg?type=w80_blur, https://postfiles.pstatic.net/MjAyNDEyMTVfMjYy/MDAxNzM0MjQ0NDMwNzYy.mac8zDI-fGLv5YJzUNSX_qD2uC1zzN0g2Y8DnwgCbCEg.IPAEHPhp3jB5IWBc15D8aGjPNL6yAAzgecgNb6IsDVUg.JPEG/900%EF%BC%BFScreenshot%EF%BC%BF20241215%EF%BC%BF152552%EF%BC%BFYouTube.jpg?type=w80_blur, https://postfiles.pstatic.net/MjAyNDEyMTVfMjYy/MDAxNzM0MjQ0NTI1Njk2.9_fVMCpL__gyISQuSJ65t9YynexKS41E8ykmjKQevnQg.LMtx46hoArA-6Z721s1dHBytt5vGcCIW4s8mlv-zUM0g.JPEG/900%EF%BC%BFScreenshot%EF%BC%BF20241215%EF%BC%BF153117%EF%BC%BFNAVER.jpg?type=w80_blur",,2025-11-06
