platform,post_id,blog_id,url,title,content,published_datetime,sponsor_phone,sponsor_partner_id,like_count,comment_count,hashtags,image_urls,video_urls,collected_date
naver_blog,223917601748,secretline1,https://blog.naver.com/secretline1/223917601748,피엠 인터내셔널 독일 피엠주스 피트라인 탑쉐이프 다이어트후기,"피엠 인터내셔널 독일피엠주스 피트라인 탑쉐이트다이어트 3주 후기 유럽에서 출시 하자마자 10분만에 완판되었고,한국에서도 6월에 출시되자마자 완판되었어요.11시 open 에 맞춰들어갔는데도,대기시간이...🤣 전 세계적으로 관심있고, 남녀노소 불문하고 평생숙제인 #다이어트 요즘은 잘못된 식습관으로 인해 과체중, 비만, 대사 질환 등이 점점 증가하고 있어요. 단순히 체중감량이 목표가 아니라 건강을 위해다이어트에대한 관심이 점점 높아지면서 국내다이어트 시장은 7조 6천억원, 세계다이어트 시장은 100조에 이르렀어요. 전 세계 480명의 대상자 포커스그룹이 섭취해본 결과88% 사람들이 포만감 증가와 간식섭취가 감소하였다고 했고,86%는 식욕이 감소되었다고해요. 3주동안 섭취해본결과,#다이어트 에 효과가 있었을까요?​​답변은 yes!!고객님들이 올때마다 왜이렇게살이 빠졌냐고 물어보셔요!!🤣저는 통통한편이아니었어서, bmi를 측정하거나하지는않았는데, 옷을입어보면, 허리가 커졌어요.식욕억제부분에대한 평가도 효과있다고 얘기할수있어요!!바쁜 현대사회에, 밥먹을 시간도없어서 배부른 알약 나왔으면 하잖아요! 정말 배가안고파요! 탑쉐이프 섭취기간에는 뭐가다른가 싶었는데, 살이너무빠져서 중단하니까 배고픔이 느껴지더라구요!! 그리고, 저 누베베, 다이어트한약, 삭센다 다 해봤는데, 우울감, 불면증때문에 다 실패했는데,그런 현상이 너무 없어서 지속할 수 있으니 좋더라구요!! 탑쉐이프 다이어트 부작용? 탑쉐이프 부작용은없지만 두통, 변비, 피곤함등이 일시적으로 나타날수는 있어요!​ 이 부분은 탑쉐이프와 맞춰가는 과정에서 나타날 수 있는 현상이예요!나타나는 현상들이 못버틸만한 정도는 아니고 약간의 불편감 정도 였습니다! 이런부분을 개선하기위해 섭취하면서 개인적으로 상담이 필요해요❤️그래서 파트너가 필요한거죠!!ㅎ. 구입경로는❤️피엠인터내셔널- https://naver.me/5k724HMT​팀파트너로 가입하셔야해요!(매우중요!!)팀 파트너 [21003576]카톡주시면 자세히 안내드릴게요!!예쁨.onhttps://open.kakao.com/o/sbB8lzTf​​건강한 선택으로 더 활기찬 내일을 맞이하세요!​",,,21003576,8,5,"#다이어트, #다이어트후기, #독일피엠다이어트, #독일피엠주스추천인아이디, #독일피엠쥬스, #독일피엠쥬스추천인, #식욕억제제후기, #탑쉐이프효과, #탑쉐이프후기","https://blogimgs.pstatic.net/nblog/mylog/post/btn_confirm.gif, https://ssl.pstatic.net/static/blog/profile/img_profile_preset_07.png, https://ssl.pstatic.net/static/blog/profile/img_profile_preset_01.png, https://ssl.pstatic.net/static/blog/img_ani_blogid2.gif, https://postfiles.pstatic.net/MjAyNTA2MzBfMjMy/MDAxNzUxMjQ3MjA2Nzc5.qVx-QWUB9w87OYgVRVi8K_5xqqD2qBHsS2ZWsWMSYVMg.ZVZxjzECRgJ-0qtmAbpHOaUxeGbuyGB3RLgJr8uRpQ0g.JPEG/output%EF%BC%BF1506377413.jpg_blur, https://ssl.pstatic.net/static/blog/profile/img_profile_preset_08.png, https://blogimgs.pstatic.net/nblog/quickeditor/btn_qk_set.gif, https://blogimgs.pstatic.net/nblog/mylog/post/btn_close5.gif, https://postfiles.pstatic.net/MjAyNTA2MzBfMTAx/MDAxNzUxMjQ3MTA0MjI4.zAFZ5lxugBL9Qh4CuW3UH5YU3IT2PJJrXD9b7MAtD4Ug.YwxGqZ27am9s-opfea_WRGn8MBzWjc0trbW9WXkf6G0g.PNG/White_Minimalist_Eat_Well_Healthy_Food_Nutrition_Instagram_Post.png.png, https://blogimgs.pstatic.net/nblog/mylog/post/btn_download2.gif",,2025-11-07 15:10:55
naver_blog,224064593111,cheina2,https://blog.naver.com/cheina2/224064593111,"피엠인터내셔널코리아, New 보상플랜 중 반드시 알아야 할 2가지","피엠인터내셔널코리아 New보상플랜 , 이것만큼은 꼭 알고 넘어가세요!​안녕하세요 🌿독일피엠 전문가로 활동한지 6년차부산 조이그룹 채이나입니다. 부산 조이 해운대독일피엠 pm사업 오늘은 정말 중요한 소식이에요.​피엠인터내셔널코리아의 보상플랜이 2026년 2월 1일부로 업그레이드됩니다.​이건 단순한 ‘수당표 변경’이 아니라,사업자분들의 수익 구조와 성장 속도에 직접적인 영향을 주는 핵심 내용이에요.​ 피엠인터내셔널코리아 new보상플랜 2026.02 ​그러니까 내년 1월 말까지 지금의 보상제도 2026년 2월 1일부터 New 보상지금부터 숙지하시면 향후 비즈니스 플랜에 도움 되시겠죠?​ 새 보상플랜의 핵심 포인트​이번 개편의 주제는 딱 두 가지!“Simple, Successful with SPEED”이제부터는 속도전 입니다!​즉, 더 단순하고 빠르게 성장할 수 있는 구조로 바뀐다는 거예요.​​피엠인터내셔널코리아new보상플랜 중반드시 알아야 할 2가지 중 첫번째는1. 온보딩 트레이닝 보너스 신설기존의 풀 보너스를 대신해서,새롭게 ‘온보딩 트레이닝 보너스’가 도입 피엠인터내셔널코리아 new보상 온보딩 보너스 신설 ​​퍼스트라인에서 매니저 퀵스타트 세트 구매 시,직대 스폰서에게 78,000원이 지급돼요.기존 풀세트 보너스(최대 156,000원) 대비 절반 수준이지만,대신 보상 구조가 단순해지고, 팀 성장 속도는 빨라집니다.즉, *“빠르게 시작하고, 빠르게 수익을 올릴 수 있는 시스템”*으로 바뀐 거예요. 매니저 퀵스타트 세트 구성​이번 변경의 중심이 되는 상품이 바로 매니저 퀵스타트 세트(854,000원, 500P) 입니다.구성품은 다음과 같아요. 피엠인터내셔널코리아 new 매니저 퀵스타트 세트 ​FitLine 파워칵테일 6개+FitLine 리스토레이트 6개+FitLine 액티바이즈(스테비아) 1개+FitLine Skin 액티바이즈 세럼 1개​기존 풀세트는 2026년 1월 말까지만 판매그 이후에는 매니저 퀵스타트 세트로 대체​즉, 앞으로 여행 자격이나 재달성 조건 등 모든 플랜이 퀵스타트 세트 중심으로 변경 ​피엠인터내셔널코리아new보상플랜 중반드시 알아야 할 2가지 중 두번째는2. 매니저 직급 달성- ‘간소화’​이 부분도 정말 중요!매니저(신규)직급을 위해​기존에는 본인 구매 1000P, 혹은본인+ 산하 구매 (합산) 1000P 에서▼New▼ 본인 600p 혹은 본인+산하구매 (합산) 1200p 이제 이렇게 정리됩니다.구분 기존 변경 독일피엠 보상플랜 변화 매니저 간소화 ​본인 구매 1000P 이상 ▶▶ 600P 본인+산하 구매 1000P 이상 ▶▶1200P (매니저 그룹 제외)필수 조건 없음 직대 2명 퀵스타트 구매 ▶ 매니저 달성유예기간 1개월 없음 즉시 적용 피엠인터내셔널코리아 보상플랜 2026 2월 적용 ​결국, “일을 시작하면 바로 성과가 보이게끔”구조가 단순화된 거예요.​ 제가 느낀 변화 포인트 부산 조이 해운대독일피엠 pm 사업 기존 독일피엠 보상 설명을 하면이해하기 어렵다는 반응이 많았는데▼▼ 변경 후 ▼▼ 신규매니저 달성이 대폭 쉬워졌고1개월의 유예기간 사라짐.(QM-예비매니저) 과정없이 바로 매니저​이번 New 보상 개편으로 인해 신규 사업자가 빠르게 자리 잡고, 효율적인 파트너쉽 비즈니스 가능해짐​보너스 규모가 조정된 만큼,단기 수당보다는 장기 성장 중심으로 재편성됐다고 보시면 됩니다. ​즉, 그동안은 “많이 복잡했지만, 이제는 누구나 쉽게 이해할 수 있는 플랜.”이게 바로 이번 보상플랜 업그레이드의 핵심이에요. ​✅ 정리하자면 1. 2026년 2월 1일부터 새 보상플랜 ​2. 기존 풀세트 단종​3. 퀵스타트 세트로 통합​4. 온보딩 트레이닝 보너스 신설​5. 매니저 달성 조건 간소화 ​피엠인터내셔널코리아 공지사항 참조 ​이상으로 좀 빠르게 만나보는 독일피엠 new보상플랜 이었습니다. ​네트워크 비즈니스 경험없이도블로그, 인스타로 파이프라인 소득을 창출하실 여성 리더분들을 환영합니다. 이미지를 클릭하시면 자동연결됩니다 ​​",,,,6,0,#피엠인터내셔널코리아,"https://blogimgs.pstatic.net/nblog/mylog/post/btn_confirm.gif, https://storep-phinf.pstatic.net/cafe_001/original_11.gif?type=pa50_50, https://ssl.pstatic.net/static/blog/profile/img_profile_preset_07.png, https://ssl.pstatic.net/static/blog/profile/img_profile_preset_01.png, https://ssl.pstatic.net/static/blog/img_ani_blogid2.gif, https://storep-phinf.pstatic.net/cafe_001/original_12.gif?type=pa50_50, https://ssl.pstatic.net/static/blog/profile/img_profile_preset_08.png, https://blogimgs.pstatic.net/nblog/quickeditor/btn_qk_set.gif, https://postfiles.pstatic.net/MjAyNTExMDRfMTIw/MDAxNzYyMjQ0NTQyNDEz.ffasbv5ctAsYlFNsR5cmIlt_cFjEpLLkm6tW_LGeeMIg.MqlNZHViCcR7ijnmTftueMxWgPTZI0Bkc2i-mJ8ehXMg.JPEG/SE-f681ab4a-a5ff-467e-af0a-a48d2ddc4b4d.jpg_blur, https://blogimgs.pstatic.net/nblog/mylog/post/btn_close5.gif",,2025-11-07 15:11:01
naver_blog,223988368584,bbiyou,https://blog.naver.com/bbiyou/223988368584,"피엠인터내셔널 회원가입, 우대회원 vs 팀파트너 차이점 완벽 정리","안녕하세요 피엠 인터내셔널 조이그룹 유희원PT 입니다. 오늘은 독일 피엠 회원가입 : 우대회원 팀파트너 차이점, 재가입 방법정리해요​ 피엠 회원가입 시 선택 가능한 2가지 유형 1️⃣ 우대회원단순 소비자 개념으로 제품을 구매 시 할인 없이 소비자가로만 구매가능한 멤버입니다. ​가격도 높고, 추후 구전이나 유통 시 추천의 계기가 된 나에 대해 보상 혜택도 없답니다. 실제 혜택은 거의 없는 거죠. ​따라서 안전한 정품을 보다 저렴하게 드시려면 팀파트너 회원이 유리합니다.​ ​​2️⃣ 팀파트너 (추천)피트라인 전 제품에 대해 우대회원보다 할인 적용내 회원 ID 를 추천인으로 연결이나 소개가 되면유통 계기가 된 나에게 10% 현금 캐시백을 줍니다. ​팀 파트너는 할인가로 저렴하게 구매 할수 있고, 보너스도 받을 수 있는 기회를 가져 추천드려요. ​ 💰 가격 차이 비교 파워칵테일 + 리스토레이트 (1개월치)​ ​우대회원: 소비자가 19만원대 회원가 (팀파트너) 15만원대 약4만원 할인오토십 신청 시 137,100원 가장 저렴 ​​ 우대회원 → 팀파트너 전환 가능 합니다. 🔄 혹시 우대회원으로 하셨어도팀파트너로 재가입 없이 전환 가능합니다.​재가입 없이 전환방법피엠 인터내셔날 본사로 영업시간 내 전화 📞 우대회원에서 팀파트너로 전환 원한다고 하시면 간단한 본인 확인 후 처리 됩니다. ​​ 본사는 여의도 국회의사당역에 있어요. 50m© NAVER Corp.더보기 /OpenStreetMap지도 데이터x© NAVER Corp. /OpenStreetMap지도 컨트롤러 범례부동산거리읍,면,동시,군,구시,도국가 피엠인터내셔널코리아 서울특별시 영등포구 의사당대로 8 2층 ​​ 🎁 어떤 혜택이 있나요? 공식 홈페이지를 통해 주문 하시면 안전한 본사의 정품을 가장 저렴하게 드실수 있습니다. ​ 온라인으로 비즈니스 하는 40대 영리더 유희원 PT 입니다. ​추천인 코드 8431526 유희원 사이트에서 저를 추천인으로 오토십 ABO를 신청 하신 경우 20% 할인, 가장 저렴하게 드실수 있어요 ​전용 물병과 브로슈어, 기타 샘플등 정성스러운 선물을 보내 드립니다. 🎁​추천이나 소개 시, 구매하신 제품의 10% 현금 캐시백 → 소비자 부터 조건없이 수익화 가능 ​ 피엠 가입 및 오토십 ABO 등록 방법 독일 피엠주스 PM 회원가입 방법 완벽정리 조이그룹 유희원PT 독일 피엠(PM) 주스 회원가입 방법 완벽 정리 안녕하세요? 경기도 부천에서 활동하는 조이그룹 봉피엠 유... blog.naver.com ​ 봉피디만의 특별 혜택 우대회원에서 팀파트너 전환 하신 고객님들 역시 → 특별 사은품 증정합니다. 🎁​네트워크 마케팅 전문가 조이그룹 시스템봉피엠 1:1 맞춤형 밀착 건강 관리 정기적인 프로모션 할인 혜택 알림 서비스 등 노후 준비를 위한 체계적인 교육 시스템 ​효과 보시며 드실 수 있게 정성다해 도와드리겠습니다 💕​​ 함께 보면 좋은 ​ 2025 한국 다단계 회사 순위, 브랜드 특징으로 본 사업전망 안녕하세요? 경기도 부천에서 활동하는 피엠인터내셔날 조이그룹 유희원 PT 입니다 오늘은 2024년 공정거... blog.naver.com 한국 다단계 위기? 암웨이 애터미 화장품이 아닌 피엠인터내셔날을 한 이유 손서영 스피치 안녕하세요? 경기도 부천에서 역동적으로 피트라인 사업 하는 봉피엠 @유희원PT 입니다. 오늘은 네트워크... blog.naver.com ​ 웰니스 산업, 장수 백세 시대를 위한 투자이자 미래 준비 입니다. 👉 저 봉PT와 함께 하신다면 소비자 누구나 13만원대가 아니라 더 저렴하게 드실수 있게안내 드립니다. 제품에 대해 더 궁금하신 내용은 언제든 문의 주세요 :)​ 궁금할 땐 네이버 톡톡하세요! ​​​ 간기능 청소 10일차, 지방간 영양제 추천 : 독일 피엠주스 디드링크 D-drink 안녕하세요, 마흔셋 웰니스에 진심인 여행인플루언서 @봉피디 입니다. 잦은 음주와 고기, 달달구리 단 음료... blog.naver.com ​",,,,9,12,"#조이그룹, #피엠인터내셔널, #피엠회원가입","https://ssl.pstatic.net/static/blog/profile/img_profile_preset_07.png, https://dthumb-phinf.pstatic.net/?src=%22https%3A%2F%2Fblogthumb.pstatic.net%2FMjAyNTAyMjVfMjY1%2FMDAxNzQwNDg1ODQ1MTk5.8cg-vsGlO1vOUJ8mbRKYEZHIs95B_FgXaQXO07uQer8g.En5v3LJpqTKUcuSPsyHd9Fw0MWLOv50fydnWTZdMH3Eg.JPEG%2FP20250224_102201136_2222E421-6F5A-4979-BB97-1F8177BC760E.JPG%3Ftype%3Dw2%22&type=ff500_300, https://blogimgs.pstatic.net/nblog/mylog/post/btn_close5.gif, https://postfiles.pstatic.net/MjAyNTA4MjlfMiAg/MDAxNzU2NDc5MjQ5NTQ5.SLJhVoDbuKsYbE6kvG0o898puQYveOwP9D7CE8Rs31cg.2JdixlgoVwWhbVK7lBH3RxK2iJD_9X4lZfzS5S7HMjAg.JPEG/IMG_3655_(2).JPEG_blur, https://ssl.pstatic.net/static/blog/profile/img_profile_preset_06.png, https://blogimgs.pstatic.net/nblog/mylog/post/btn_viewexif.gif, https://map.pstatic.net/nrb/styles/basic/1761871134/17/111746/50776.png?mt=bg.ol.sw.ar.lko, https://map.pstatic.net/nrb/styles/basic/1761871134/17/111742/50776.png?mt=bg.ol.sw.ar.lko, https://blogpfthumb-phinf.pstatic.net/MjAyNTAzMDNfMTk4/MDAxNzQwOTgwODE3OTQz.q15ubksKpPSSseZoGJqiLIcx7zAcfb6FeTpUuRVDphcg.ZSZE236-65fEBetqeb9jaPPFJmL4oKVQ5Fmt-1rKxDIg.PNG/profileImage.png, https://map.pstatic.net/nrb/styles/basic/1761871134/17/111745/50776.png?mt=bg.ol.sw.ar.lko",,2025-11-07 15:11:07
naver_blog,224044349455,emo0503,https://blog.naver.com/emo0503/224044349455,놓치면 후회! [10/15~11/14 한정] 피엠 인터내셔널 오토십 신규가입 고객 액티바이즈 선물,"안녕하세요 지난 10월 14일, ​ 피엠 내셔널 콩그레스(NC)가인천 인스파이어 리조트 아레나에 개최일년중에 가장큰 행사에 다녀왔습니다 .​​​ ​창립자 롤프 소르그 회장님방한하셔서세계1위를 향한 비젼 발표와 한국 리더들이 한자리에 모여 PM의 놀라운 성장과 건강·웰니스 산업의 미래 방향을 공유하는 뜻깊은 시간이었습니다.​​ 피엠인터내셔널 ceo 롤프소르그 회장님 ​​​그날 현장에서 발표된 한국 파트너들을 위한 ❗“그동안 볼 수 없었던 특별 프로모션!”​​​​ ​​평소 독일피엠에 관심 있었거나,가입을 고민하고 계셨던 분들이라면​👉 지금 아래 내용을 꼭 주목해주세요!​ ​​오토십 신규 가입하시는 분들을 대상으로✔ 건강도 챙기고✔ 오토십 혜택도 누리면서✔ 4만 원 상당의 ‘액티바이즈(Activize)’ 1통을 선물로 받을 수 있는아주 좋은 기회입니다! 🎁​​ ​​🎯 오토십(ABO) 신규 가입자 특별 혜택​​📌 대상: 오토십(ABO) 신규 가입자​📅 기간: 25년 10월 15일 ~ 11월 14일​​위 기간 내에 오토십에 처음 가입하시는 분께​ 액티바이즈 1통(42,600원)을선물로 드립니다.​​ ※ 기존 오토십 이력이 있는 분(해지 후 재등록 포함)은 제외됩니다.또한 주문 취소나 반품 시에는 혜택이 적용되지 않습니다.​​ ​이번에 진행하는 프로모션을 통해PM의 대표적인 제품 3종으로건강한 습관을 만들고,몸과 마음을 회복할 수 있는아주 좋은 기회입니다. 🌿​​​​ 💡 오토십(Autoship)이란?​​피엠인터내셔널의 정기구독 서비스로, 매월 자동 결제와 배송을 통해 꾸준한 건강관리를 돕는 시스템입니다.​​✔ 매달 자동 배송으로 편리하게✔ 할인 및 포인트 적립✔ 이벤트·프로모션 혜택​ABO 회원이라면건강 관리와 소득 활동을 함께할 수 있는똑똑한 시스템이에요 💎 ​ ✅ 오토십이 꼭 필요한 3가지 이유 ​1️⃣ 꾸준한 건강 관리의 시작​​규칙적인 영양 공급:파워칵테일, 리스토레이트 주요 제품이 3개월마다 자동 배송되어, 섭취 중단 없이 건강 루틴을 유지할 수 있습니다.​​NTC 공법의 효과 극대화:영양소를 최적의 타이밍에 전달하는 NTC 기술은 꾸준한 섭취로 효과를 극대화합니다.오토십은 건강 습관을 자동으로 만들어주는 시스템입니다.​​​​2️⃣ 경제적 혜택과 스마트 소비​​가격 혜택:일반 소비보다 약 31% 할인,매월 5+1 행사,10% 캐시백 보너스까지!​합리적 소비:같은 제품을 더 저렴하게, 꾸준하게 섭취하며현명한 소비습관을 만드는 똑똑한 선택입니다.​​​​3️⃣ 사업 파트너에게는 필수 전략​​안정적인 팀 매출:오토십은 자동 매출 발생 시스템으로 팀 실적을 꾸준히 유지시켜 줍니다.​보너스 및 승급 핵심:매월 매출 유지로 보너스 조건을 충족하고,장기적 사업 성장의 기반을 다집니다.단순 구독이 아닌, 지속 가능한 비즈니스 모델입니다.​​ ​🌿 피엠인터내셔널 핵심 3대 제품​파워칵테일 🍹​→ 종합비타민 / 장 건강 / 숙변 케어​리스토레이트 🌙​→ 종합미네랄 / 회복 / 숙면​액티바이즈 ⚡​→ 비타민B군 복합체 / 에너지 충전​​ ​​⚡ 증정 제품 소개: 액티바이즈(Activize)​​피엠의 대표 에너지 부스팅💥비타민 B8 함유되어 있어피로 해소, 집중력 강화, 활력 증진에 도움을 줍니다.(고3쥬스 불려요)​​💪 아침 한 잔으로 활력 충전🏃 운동 전·후 에너지 리셋☕ 커피대용 천연카페인 집중력 UP​​​​✍ 신청 방법 & 추천인 코드 입력​​오토십을 처음 신청하실 때는팀파트너 가입추천인 코드를 함께 입력해야 등록이 완료됩니다.​​​ ​​✅ 추천인 코드: 21033302✅ 추천인 이름: 홍창기​이 코드를 입력하시면건강과 혜택을 동시에 잡을 수 있는 절호의 기회✨​​​ ​이번 10월프로모션건강도 챙기고 선물도 받을 수 있는 절호의 찬스!놓치지 마세요 🎁​ ​​ 0초 0초 광고 후 계속됩니다. 다음 동영상 subject author 취소 오토십 구독하기전 꼭 알아야할3가지 재생 4 좋아요 0 좋아요 공유하기 재생 (space/k) 재생 00:28 0:00:00 재생 (space/k) 재생 음소거 (m) 음소거 00:00 / 00:28 실시간 설정 전체 화면 (f) 해상도 자동 480p 자막 사용 안함 재생 속도 1.0x (기본) 해상도 자동 (480p) 720p HD 480p 270p 144p 자막 설정 사용 안함 옵션 글자 크기 배경색 재생 속도 0.5x 1.0x (기본) 1.5x 2.0x 죄송합니다. 문제가 발생했습니다. 다시 시도해 주세요. 도움말 음소거 상태입니다. 도움말 라이센스 고화질 재생이 가능한 영상입니다. 설정에서 해상도를 변경해보세요. 더 알아보기 00:00 접기/펴기오토십 30초면 충분합니다오토십 구독하기전 꼭 알아야할3가지 ​-----​#독일피엠 #피엠인터내셔날 #피엠액티바이즈 #FitLine #오토십 #정기구독 #조이그룹 #팀파트너20967605 #독일피엠율라 #조이핏라인 #구미피엠#블루오션 #웰니스산업 #피엠비즈니스 #고3쥬스 #피엠프로모션 #내셔널콩그레스 #인스파이어리조트​",,,21033302,8,0,"#FitLine, #PM비즈니스, #PM인터내셔날, #건강습관, #고3쥬스, #구미피엠, #내셔널콩그레스, #독일피엠, #독일피엠율라, #블루오션, #액티바이즈무료증정, #오토십, #웰니스라이프, #웰니스산업, #인스파이어리조트, #정기구독, #조이그룹, #조이핏라인, #조이핏챌린지, #팀파트너20967605, #피엠비즈니스, #피엠액티바이즈, #피엠인터내셔날, #피엠프로모션","https://postfiles.pstatic.net/MjAyNTEwMTZfMjk0/MDAxNzYwNjEwMzk0NjYy.Kkdaci1DT6cpyAomvekXUhh-pyrTDHyVPUXKV19NBwEg.Cv-L6igheRvvSVa6GEJNUZ7o627LvW9a3qXOot9V7Mwg.JPEG/900%EF%BC%BFScreenshot%EF%BC%BF20251016%EF%BC%BF183002%EF%BC%BFFacebook.jpg, https://blogimgs.pstatic.net/nblog/mylog/post/btn_confirm.gif, https://ssl.pstatic.net/static/blog/profile/img_profile_preset_07.png, https://ssl.pstatic.net/static/blog/profile/img_profile_preset_01.png, https://ssl.pstatic.net/static/blog/img_ani_blogid2.gif, https://ssl.pstatic.net/static/blog/profile/img_profile_preset_08.png, https://blogimgs.pstatic.net/nblog/quickeditor/btn_qk_set.gif, https://blogimgs.pstatic.net/nblog/mylog/post/btn_close5.gif, https://postfiles.pstatic.net/MjAyNTEwMTdfMjMw/MDAxNzYwNjYxODg0OTQ0.EJV-EnJZibFs72IVjwZ0kRDDwku-5BNS3u2IfXKG2Skg.6pa-EDdyRFjhfnVAnaKsy-REShoFXjf4LJfXUg37PG8g.JPEG/900%EF%BC%BF1760661883958.jpg_blur, https://blogimgs.pstatic.net/nblog/mylog/post/btn_download2.gif",,2025-11-07 15:11:13
naver_blog,223609311707,allabout__me,https://blog.naver.com/allabout__me/223609311707,"[독일 피엠] 피엠 인터내셔널 코리아 최고 리더들의 밤, TMT 행사에 초청되서 다녀왔어요.","안녕하세요 재주많은 레아에요 :)​오늘은 10월 3일,피엠 인터내셔널 본사에서 주관한탑 매니지먼트 트레이닝 행사에 초대되어 다녀온 이야기를 들려드리려고 해요. 50m© NAVER Corp.더보기 /OpenStreetMap지도 데이터x© NAVER Corp. /OpenStreetMap지도 컨트롤러 범례부동산거리읍,면,동시,군,구시,도국가 파라다이스시티 인천광역시 중구 영종해안남로321번길 186 인천 파라다이스 시티 호텔에서 진행된 이번 행사는피엠 사업을 하고 계신 많은 분들 중에대표직 리더들만 초대되는 특별한 행사였어요. 저는 네트웍 마케팅 비즈니스에 입문한지 얼마 되지 않았음에도,그동안 빠른 성장을 이뤄낸 덕분에최고 리더들이 모여서 특별한 교육을 받을 수 있는 이 자리에 초대된것이너무 큰 영광이었어요!! 피엠 본사에서 초대해준 행사장소에 시간맞춰 도착하기위해 아침부터 부지런히 이동했어요!​ 저는 전국 어디든 가리지 않고 사업을 펼치고 있어서 비행기 이동을 많이 하는 편인데,이렇게 옆자리에 아무도 없을땐 뭔가 럭키비키한 기분이 들어서 한장 찍어봤어요 ㅎㅎ 갈때 올때 모두 옆자리가 비었었답니다 ㅎㅎㅎ역시 나는 참 운이 좋아~ ♡♡♡ 0초 0초 광고 후 계속됩니다. 다음 동영상 subject author 취소 피엠 본사 행사 초대되어 가는 길~ 재생 14 좋아요 0 좋아요 공유하기 재생 (space/k) 재생 00:05 0:00:00 재생 (space/k) 재생 음소거 (m) 음소거 00:00 / 00:05 실시간 설정 전체 화면 (f) 해상도 HD 720p 자막 사용 안함 재생 속도 1.0x (기본) 해상도 720p HD 480p 270p 144p 자막 설정 사용 안함 옵션 글자 크기 배경색 재생 속도 0.5x 1.0x (기본) 1.5x 2.0x 죄송합니다. 문제가 발생했습니다. 다시 시도해 주세요. 도움말 음소거 상태입니다. 도움말 라이센스 고화질 재생이 가능한 영상입니다. 설정에서 해상도를 변경해보세요. 더 알아보기 00:00 접기/펴기최고 리더들의 특별한 밤 TMT 다녀왔어요~!!피엠 본사 행사 초대되어 가는 길~ 날씨요정답게 하늘이 얼마나 맑던지요~혹시 추울까 걱정했는데덥지도 춥지도 않고 딱 선선한 기분좋은 가을 날씨였답니다 0초 0초 광고 후 계속됩니다. 다음 동영상 subject author 취소 피엠 탑 매니지먼트 트레이닝 행사장 입장! 재생 8 좋아요 0 좋아요 공유하기 재생 (space/k) 재생 00:05 0:00:00 재생 (space/k) 재생 음소거 (m) 음소거 00:00 / 00:05 실시간 설정 전체 화면 (f) 해상도 HD 720p 자막 사용 안함 재생 속도 1.0x (기본) 해상도 720p HD 480p 270p 144p 자막 설정 사용 안함 옵션 글자 크기 배경색 재생 속도 0.5x 1.0x (기본) 1.5x 2.0x 죄송합니다. 문제가 발생했습니다. 다시 시도해 주세요. 도움말 음소거 상태입니다. 도움말 라이센스 고화질 재생이 가능한 영상입니다. 설정에서 해상도를 변경해보세요. 더 알아보기 00:00 접기/펴기피엠 탑 매니지먼트 트레이닝 행사장 입장! 이번에 참석한 이 행사는 오직 PM(피엠) 인터내셔널의 대표직 리더들만 참여할 수 있는독점적인 자리로,그 중에서도 Vice President 급 이상만이 허락된특별한 기회였어요!​ 저와 함께 피엠 사업을 열심히 하고 있는 저희 해강그룹 형제라인 사장님들과제 스폰서님과함께 단체사진도 찍었어요 ^^내 파트너가 아니더라도 우리 해강그룹 가족들은 만나면 너무 반갑고 이미 가족같은 사이가 되어버렸어요~ ^^ 피엠 사업을 하면서 얻는것들이 참 많네요 0초 0초 광고 후 계속됩니다. 다음 동영상 subject author 취소 롤프 소르그 회장님의 명강의 직관 재생 40 좋아요 0 좋아요 공유하기 재생 (space/k) 재생 00:47 0:00:00 재생 (space/k) 재생 음소거 (m) 음소거 00:00 / 00:47 실시간 설정 전체 화면 (f) 해상도 HD 720p 자막 사용 안함 재생 속도 1.0x (기본) 해상도 720p HD 480p 270p 144p 자막 설정 사용 안함 옵션 글자 크기 배경색 재생 속도 0.5x 1.0x (기본) 1.5x 2.0x 죄송합니다. 문제가 발생했습니다. 다시 시도해 주세요. 도움말 음소거 상태입니다. 도움말 라이센스 고화질 재생이 가능한 영상입니다. 설정에서 해상도를 변경해보세요. 더 알아보기 00:00 롤프 소르그 회장님의 명강의 직관 피엠 사업을 그저 집중해서 열심히 했을뿐인데지난 6월 영국 런던 여행을 선물받고 바로 뒤이어독일에서 진행된 WMC도 초대되어 롤프 소르그 회장님의 강의를 직접 들으며많은 에너지를 얻고 왔었는데,​3개월정도 지난 지금 또다시 만나뵈니그때보다 얻는 에너지가 두배 세배는 더 커진것 같은 느낌이 들었어요!​이번 TMT 행사에서는피엠 인터내셔널의 창립자이자 CEO인 롤프 소르그 회장님의직접적인 트레이닝과 리더십 강의를 가까이서 받을 수 있었다는 사실이정말 놀라웠어요!​전 세계를 선도하는 비즈니스 거장의 통찰을직접 듣고 배울 수 있었던 역대급 순간이었던것 같아요.​ 0초 0초 광고 후 계속됩니다. 다음 동영상 subject author 취소 TMT 행사 후 저녁 만찬 재생 45 좋아요 0 좋아요 공유하기 재생 (space/k) 재생 00:02 0:00:00 재생 (space/k) 재생 음소거 (m) 음소거 00:00 / 00:02 실시간 설정 전체 화면 (f) 해상도 HD 720p 자막 사용 안함 재생 속도 1.0x (기본) 해상도 720p HD 480p 270p 144p 자막 설정 사용 안함 옵션 글자 크기 배경색 재생 속도 0.5x 1.0x (기본) 1.5x 2.0x 죄송합니다. 문제가 발생했습니다. 다시 시도해 주세요. 도움말 음소거 상태입니다. 도움말 라이센스 고화질 재생이 가능한 영상입니다. 설정에서 해상도를 변경해보세요. 더 알아보기 00:00 TMT 행사 후 저녁 만찬 피엠 본사에서 준비한 모든 트레이닝 프로그램이 끝난 뒤, 야외에서 파티가 열렸어요~ 피엠 코리아는 2018년 그랜드 오픈 이후,만 5년이 지나 6년차에 접어들었는데요. 끊임없이 무섭게 성장하고있는 회사라서 그런지리더들의 모임인데도 인원이 상당히 많았답니다. 이건 바로 다음날 내셔널콩그레스에 참여해 찍은 사진인데요. 그래프를 보시는바와 같이 피엠 코리아는 6년간 지속 성장을 하고 있고2024년은 6천억원의 매출액을 예상하고 있답니다.국내 건강기능식품 시장 규모가 2030년까지 25조원으로 확대될 전망가운데피엠을 사업 도구로 선택하신다면제대로 된 파이프라인 구축을 실현시킬 수 있을거라고 확신합니다! 한국에 피엠이 상륙한 2018년에 52위로 시작하여4년만인 2022년에 3위 자리를 차지하고 지금도 무서운 속도로 성장을 하고 있어요!위 자료는 공정거래위원회 공시자료로이러한 데이터들이 팩트이며 객관적인 자료인거죠.회사를 선택할때 이런것들을 꼼꼼하게 확인해보셔야 한답니다.​그치만 여기서 더 놀라운 사실!!!전년대비 증감률을 보시면1위부터 9위까지의 업체들 중 피엠만 빼고 모두 마이너스를 기록하고 있죠! (이건 작년자료에서도 마찬가지였어요!)​올해 발표된 자료 역시최악의 경기침체속 유일하게 성장하고 있는 회사!! 피엠 인터내셔널이 유일하다는 사실을 꼭 기억하셔야해요. 0초 0초 광고 후 계속됩니다. 다음 동영상 subject author 취소 TMT 행사 후 저녁 만찬 재생 57 좋아요 0 좋아요 공유하기 재생 (space/k) 재생 00:06 0:00:00 재생 (space/k) 재생 음소거 (m) 음소거 00:00 / 00:06 실시간 설정 전체 화면 (f) 해상도 HD 720p 자막 사용 안함 재생 속도 1.0x (기본) 해상도 720p HD 480p 270p 144p 자막 설정 사용 안함 옵션 글자 크기 배경색 재생 속도 0.5x 1.0x (기본) 1.5x 2.0x 죄송합니다. 문제가 발생했습니다. 다시 시도해 주세요. 도움말 음소거 상태입니다. 도움말 라이센스 고화질 재생이 가능한 영상입니다. 설정에서 해상도를 변경해보세요. 더 알아보기 00:00 TMT 행사 후 저녁 만찬 가을 하늘의 노을이 어찌나 예쁘던지, 황홀한 기분마저 들었답니다.​ 그동안 저는 국내와 중국에서 뷰티 프랜차이즈를 성공적으로 운영해온 오너로서,이번에는 새로운 비즈니스 분야인 독일 피엠 프랜차이즈 사업에 도전하였고이제는 이 네트워크 마케팅 업계에서도 글로벌 리더로 나아가고 있답니다.​저의 사업적 감각과 독일 피엠이 가진 훌륭한 비즈니스 도구를 가지고저와 한팀을 이루며 글로벌 사업을 마음껏 펼쳐보고 싶으신 분은직접 문의해주세요~​시대에 앞서나가는 사업모델로, 독일 피엠만한 매력적인 사업이 또 있을까 싶습니다.​ 재주많은 레아(@leahjh.kim) • Instagram 사진 및 동영상 팔로워 348명, 팔로잉 241명, 게시물 190개 - 재주많은 레아(@leahjh.kim)님의 Instagram 사진 및 동영상 보기 www.instagram.com 피엠 제품구입 및 프랜차이즈 문의는아래 오픈챗을 이용해주시면 빠르게 안내받아보실 수 있어요. 🇩🇪PM 김지혜님의 오픈프로필 open.kakao.com 이상으로피엠 비즈니스도 엄청~ 성공적으로 이끌어가고 있는재주많은 레아의 이야기를 마치도록 하겠습니다.​오늘도 긴 글 읽어주셔서 감사해요 :)​​​​",,,,4,2,"#네트워크마케팅, #독일피엠, #왁싱교육, #자미한미용학원, #자미한뷰티, #재주많은 레아(@leahjh.kim) • Instagram 사진 및 동영상팔로워 348명, 팔로잉 241명, 게시물 190개 - 재주많은 레아(@leahjh.kim)님의 Instagram 사진 및 동영상 보기www.instagram.com, #제주국비학원, #제주메이크업학원, #제주미용학원, #제주반영구, #제주반영구수강, #제주반영구학원, #제주자미한, #제주자미한미용학원, #제주피부국가자격증, #제주피부학원, #프랜차이즈사업, #피부국가자격증, #피엠사업, #피엠사업가, #피엠주스, #한국왁싱전문가협회","https://ssl.pstatic.net/static/blog/profile/img_profile_preset_07.png, https://map.pstatic.net/nrb/styles/basic/1761871134/17/111576/50816.png?mt=bg.ol.sw.ar.lko, https://postfiles.pstatic.net/MjAyNDEwMDZfNjgg/MDAxNzI4MjIwNjIwMjk3.HbAI9D4VuKuMbiSLuRK3u9xJAV3rbg_fvJUTwXXA0ysg.MjeEFUFTZsGSD6cf25yAOJGqGbvj0DcM_YoBs_CB0Pwg.JPEG/IMG_5219.JPG_blur, https://blogimgs.pstatic.net/nblog/mylog/post/btn_close5.gif, https://dthumb-phinf.pstatic.net/?src=%22http%3A%2F%2Fmk.kakaocdn.net%2Fdn%2Fopenchat%2Fscrap%2Fog%2Fo%2Fs1uesdQf_out.jpg%3F1705071009%22&type=ff500_300, https://map.pstatic.net/nrb/styles/basic/1761871134/17/111578/50817.png?mt=bg.ol.sw.ar.lko, https://ssl.pstatic.net/static/blog/profile/img_profile_preset_06.png, https://map.pstatic.net/nrb/styles/basic/1761871134/17/111574/50818.png?mt=bg.ol.sw.ar.lko, https://blogimgs.pstatic.net/nblog/mylog/post/btn_viewexif.gif, https://map.pstatic.net/nrb/styles/basic/1761871134/17/111579/50816.png?mt=bg.ol.sw.ar.lko",,2025-11-07 15:11:19
naver_blog,224061016075,ttlboy,https://blog.naver.com/ttlboy/224061016075,"피엠인터내셔널 11월 온라인티켓, 액션팩, 액티바이즈, 오토십이벤트 역대급 개꿀정보!!","안녕하세요^^피엠인터내셔널 11월달 프로모션 및 온라인티켓 안내를 드리겠습니다! 역대급으로 진행되는 내용들 하나 하나 정리해서 안내해 드리겠습니다!​ 11월 액션팩 행사 안내 한국 7주년!! 역대급 액션팩 행사!! 액션팩 행사는 1년에 딱 2번만 진행하는 프로모션 행사입니다. 제품구성은 파워칵테일 5박스+리스토레이트5박스 5개월치 제품을 가장 저렴하게 주문 하실 수 있는 기회 이십니다! 그리고 액션팩 행사는 5월달과 11월달에만 진행을 하고 있습니다!​ 액션패 2세트 주문시 추가로 또 준다고? 액션팩 2세트를 주문을 하시면 추가로 파워칵테일과 리스토레이트를 2개월치를 무료 증정을 해준다고합니다 !!​11월 1일 토요일부터 11월 30일까지 주문을 하실 수 있습니다!​ 11월 온라인 티켓 구매 안내 매월 월초에 진행되는 BA온라인 티켓 구매를 성공하시면 액티바이즈 1통을 2만 8천원에 받아 보실 수 있습니다 !​대전 비즈니스 온라인 티켓을 구매 하시면 되시는데요. 온라인으로도 BA 현장의 열정과 에너지를 피엠티비를 통해서 확인 하실 수 있습니다 !!​ 11월 4일 화요일 오전 11시 회원아이디 짝수11월 5일 수요일 오전 11시 회원아이디 홀수 10시 59분에 미리 피엠인터내셔널 홈페이지로그인 후 오픈런 하셔서 온라인티켓 구매를 꼭 성공하시기 바랍니다 11월 BA 프로모션 안내 온라인 티켓 구매 성공 시 일련번호가 문자로 발송이 되셔서 프로모션 행사 상품을주문 하실 수 있으십니다!​​ 겨울에만 출시되는 액티바이즈액티펀치!!따뜻하게 마실 수 있다고??? 겨울에만 만나 보실 수 있는 제품!!액티바이즈! 액티펀치!! 개인적으로 너무 좋아하는 제품입니다! ​추운 겨울에 따뜻하게 마실 수 있는 액티바이즈로 겨울 시즌만 되면 쟁여 놓고 챙겨먹는 액티펀치입니다 !!​ 피엠본사 오토십 이벤트!! 10월 15일부터 11월 14일까지오토십 신청시 액티바이즈 증정 이벤트를 진행하고 있습니다.​고급진! 높은 ! 명품의 건강기능식품을주변에 맛집 소개 하듯히 이벤트 기간에추천을 하시면 회원가입과 오토십을 신청하신분들은 액티바이즈 1통을 증정 받으실 수 있습니다 !​ 소개 해주신분은 제가 선물 증정!! 오토십을 추천해주신분은 제가 물병과 액티바이즈 1통을 선물로 보내드립니다 ^^ 추천시 팀파트너로 가입하기! 사업에 관심이 없으시고,사업 생각이 없으셔도​정품 제품을 저렴하게 그리고 다양한 혜택을 받아 보실 수 있는 팀파트너로 가입을 하시는걸 추천드립니다! ​​​ 피엠인터내셔널 무료회원가입 방법 ​ ​1.피엠인터내셔널 홈페이지에서 무료회원가입2.팀파트너로 가입하기3.추천인아이디 20198945 조민선4.오토십신청하기​​ 사장님들의 10년후 20년후 미래는 안녕하신가요? 0초 0초 광고 후 계속됩니다. 다음 동영상 subject author 취소 피엠인터내셔널 11월 온라인티켓, 액션팩, 액티바이즈, 오토십이벤트 역대 재생 0 좋아요 0 좋아요 공유하기 재생 (space/k) 재생 00:15 0:00:00 재생 (space/k) 재생 음소거 (m) 음소거 00:00 / 00:15 실시간 설정 전체 화면 (f) 해상도 자동 480p 자막 사용 안함 재생 속도 1.0x (기본) 해상도 자동 (480p) 1080p HD 720p HD 480p 270p 144p 자막 설정 사용 안함 옵션 글자 크기 배경색 재생 속도 0.5x 1.0x (기본) 1.5x 2.0x 죄송합니다. 문제가 발생했습니다. 다시 시도해 주세요. 도움말 음소거 상태입니다. 도움말 라이센스 고화질 재생이 가능한 영상입니다. 설정에서 해상도를 변경해보세요. 더 알아보기 00:00 접기/펴기피엠인터내셔널 11월 온라인티켓, 액션팩, 액티바이즈, 오토십이벤트 역대 0초 0초 광고 후 계속됩니다. 다음 동영상 subject author 취소 액션팩 재생 0 좋아요 0 좋아요 공유하기 재생 (space/k) 재생 00:20 0:00:00 재생 (space/k) 재생 음소거 (m) 음소거 00:00 / 00:20 실시간 설정 전체 화면 (f) 해상도 자동 480p 자막 사용 안함 재생 속도 1.0x (기본) 해상도 자동 (480p) 720p HD 480p 270p 144p 자막 설정 사용 안함 옵션 글자 크기 배경색 재생 속도 0.5x 1.0x (기본) 1.5x 2.0x 죄송합니다. 문제가 발생했습니다. 다시 시도해 주세요. 도움말 음소거 상태입니다. 도움말 라이센스 고화질 재생이 가능한 영상입니다. 설정에서 해상도를 변경해보세요. 더 알아보기 00:00 접기/펴기액션팩액션팩#액션팩 누군가는 퇴근 후 지쳐 쓰러지고또 누군가는 같은 시간에 자유와 소득을 누리고 있습니다.​저는 후자를 선택했습니다. 소개가 소득이 되는 독일PM비즈니스단순한 부업이 아닌, ​시간과 장소에 제약 없이 꾸준한 현금흐름을 만드실 수 있는기회! 주말에도 평일처럼~일해야 하는 삶이 아닌, ​원하는 시간에 원하는 곳에서원하는 사람과 함께!삶과 꿈 그리고 미래를 만들어 가고 싶습니다!​노후까지 책임져 줄 든든한 현금흐름 도구! 독일피엠!이제는 여러분들의 차례이십니다!​​ 궁금할 땐 네이버 톡톡하세요! ​",,,20198945,4,0,"#독일피엠액션팩, #액션팩, #피앰액티펀치, #피엠액션팩, #피엠온라인티켓, #피엠프로모션","https://blogimgs.pstatic.net/nblog/mylog/post/btn_confirm.gif, https://postfiles.pstatic.net/MjAyNTExMDFfMTg2/MDAxNzYxOTYxMjUwNDE4.ej4g9-5N-4i2iCzXypTeY6kXN45gNhafd8-2ifEGYxog.FFhfhFhyYiInJXqyce0_9CBHxe4HOqRfvO4wuRo3GNQg.JPEG/IMG%EF%BC%BF0139.jpg, https://ssl.pstatic.net/static/blog/profile/img_profile_preset_07.png, https://ssl.pstatic.net/static/blog/profile/img_profile_preset_01.png, https://ssl.pstatic.net/static/blog/img_ani_blogid2.gif, https://postfiles.pstatic.net/MjAyNTExMDFfMTg5/MDAxNzYxOTYxMjUwOTY5.dN5C9jUSZjRuBxWjJb8lNNEp2KCcnv4fCijHzsovHDog.cz-k4eMJytjn7y9LLp1lEZr1W88zwN0O0kHi4gf_fjcg.JPEG/IMG%EF%BC%BF0133.jpg_blur, https://ssl.pstatic.net/static/blog/profile/img_profile_preset_08.png, https://blogimgs.pstatic.net/nblog/quickeditor/btn_qk_set.gif, https://postfiles.pstatic.net/MjAyNTExMDFfMjQ2/MDAxNzYxOTYxMjUwOTY4.taclTAIAKutVRI7IzVcqauue80j3m5X6AoQRATktJ2Eg.qT2p_CYYNLILD3O9yM1O7YXQnG3qJD2AfycMmEAuYNQg.JPEG/IMG%EF%BC%BF0132.jpg_blur, https://blogimgs.pstatic.net/nblog/mylog/post/btn_close5.gif",,2025-11-07 15:11:30
naver_blog,224058624942,ok_sosister,https://blog.naver.com/ok_sosister/224058624942,"왜 지금, 네트워크 사업인가? /why pm?! 피엠인터내셔널 사업기회","왜 지금, 네트워크 사업인가?(피엠인터내셔널 사업기회.)​안녕하세요:)피엠파트너 쏨언니입니다.저는 한때 네트워크 사업을 해봤기에,저 말고도 주변에 네트워크 사업을 해본사람들은제가 그랬듯이, 네트워크 제품은 좋아, 다단계 제품은 좋아라고 나만 먹고, 나만 쓰면 돼.라고 생각을 하죠.네트워크 사업이 잘 되었다면 ?!계속 그일을 했겠죠.그런데 시스템이나, 마케팅, 사업적인 부분에서주춤할때가 많습니다.​그리고 저는 피엠 제품만 먹기 3년이 흘렀죠.그리고 나는 지금 다시 네트워크 사업, 그중에서도 피엠사업을하고 있어요.제품이 좋고, 회사가 튼튼하고, 당연히평범한 나의 삶이 네트워크를 통해 돈도 버는것도맞죠.그런데 무엇보다 ‘세상이 바뀌었기 때문’ 이라고 말하고 싶어요. 세상이 변했다. 일의 개념도 변했다.예전엔 “직장 하나면 충분하다”는 시대였죠.하지만 지금은 다르다고 생각들어요.저만 그런가요 ?!​물가가 치솟고, 월급은 그대로인데,시간을 팔아서 버는 일로는 한계가 너무 명확해졌죠.그래서 저 스스로도 생각해봤던 질문이고여러분에게도 질문해보겠습니다. “이 일로 5년 후, 10년 후 나는 어떤 모습일까?” 그 질문 앞에서 많은 사람들이 투잡, 부업, 사이드잡을 찾고 있어요.그리고 그 흐름 속에 있는 게 바로 네트워크 사업입니다. ‘네트워크’라는 단어가 주는 오해​네트워크 ?? 다단계 ?? 피라미드??긍정적인 부분보다, 부정적인 시선도 있죠.PM을 만나고 보니,이건 단순히 물건을 파는게 아니예요.​제품을 통해 내 몸이 먼저 달라지는 걸 경험했고,그걸 솔직하게 나누는 과정,회전율이 빠르고 건강을 전달하는 일,이건 단순한 영업이 아니라,‘경험이 곧 사업이 되는 구조’예요.그리고 그건, 진심이 없으면 절대 이어지지 않죠. 제가 바라보는 피엠사업은지금이 바로, 기회의 타이밍2025년 현재,우리나라 근로자 중 절반 이상이 부업을 하고 있어요(실제 조사에서 54.8%가 투잡을 경험했다고 한다.)그만큼 사람들은 ‘대안’을 찾고 있다는 뜻이다.그리고 이 변화의 시점에,건강과 웰니스, 자기계발과 성장, 경제적 자립이라는 세 가지 키워드를모두 품고 있는 회사가 바로 피엠인터내셔널입니다.​“건강을 나누며, 기회를 나눈다.”​누군가에게는 단순한 제품이지만,누군가에게는 인생을 바꾸는 시작이 될 수도 있어요. 쏨언니는 지금 이 타이밍을 즐기는중입니다.단순히, 속도를 쫓아가는것이 아니라,누가 하니까 따라 하는것도 아닙니다.회사, 제품, 보상플랜, 사업의시기, 초기수입, 유지이 부분이 완벽이 조화를 이루고 있는 피엠회사를 통해 이 시대에 맞춰 내 인생의 플랜B를 준비하고 있어요.​​​자신만의 플랫폼을 소유해야하는 요즘.피엠은 사람이 성장하는 플랫폼이라는 걸 알게 됐기 때문이다.그리고 나는 그 안에서누군가의 “꿈이 되는 사람”,누군가의 ""도전의 이유""가 되고싶어요.​이게 바로 내가 지금,네트워크 사업을 선택한 이유입니다.그리고 피엠에서 리더로 자라가며진짜 ‘내 인생의 방향’을 만들어가고 있습니다.​저의 성장을 지켜봐주세요^^그리고 저와 함께 성장하실 분!!함께해요 ^^ ​#피엠다이어리 #PMInternational #네트워크사업 #투잡추천 #부업성공 #피엠사업 #건강과성장 #여성리더 #성장하는여자 #자기계발 #피엠리더 #경험이사업이된다 #웰니스라이프 #부업하는여자 #소득플랜 #꿈을나누다 #변화의시작 #소문난쏨언니 #쏨언니 #피엠성공기#다단계 #피라미드 #보상 #플랫폼 #제품 #피엠회사 #피엠보상플랜 #피엠사업초기비용 #피엠사업시기",,,,2,1,"#PMInternational, #건강과성장, #경험이사업이된다, #꿈을나누다, #네트워크사업, #다단계, #변화의시작, #보상, #부업성공, #부업하는여자, #성장하는여자, #소득플랜, #소문난쏨언니, #쏨언니, #여성리더, #웰니스라이프, #자기계발, #제품, #투잡추천, #플랫폼, #피라미드, #피엠다이어리, #피엠리더, #피엠보상플랜, #피엠사업, #피엠사업시기, #피엠사업초기비용, #피엠성공기, #피엠회사","https://blogimgs.pstatic.net/nblog/mylog/post/btn_confirm.gif, https://ssl.pstatic.net/static/blog/profile/img_profile_preset_07.png, https://ssl.pstatic.net/static/blog/profile/img_profile_preset_01.png, https://ssl.pstatic.net/static/blog/img_ani_blogid2.gif, https://postfiles.pstatic.net/MjAyNTEwMzBfMjM3/MDAxNzYxNzg3NzU4Nzky.4T32kfJC2w7eFxmCJlm-AMS7jXv_SOUOuT5KO4V9MOAg.cJhYQYkD0P2pVqbabSWRzgV0_6eAEdJJ82b16GYdWdYg.JPEG/%3F%A0%9C%EB%AA%A9%EC%9D%84_%3F%9E%85%3F%A0%A5%3F%95%B4%EC%A3%BC%EC%84%B8%3F%9A%94_-001_-_2025-10-30T102912.457.jpg, https://ssl.pstatic.net/static/blog/profile/img_profile_preset_08.png, https://blogimgs.pstatic.net/nblog/quickeditor/btn_qk_set.gif, https://blogimgs.pstatic.net/nblog/mylog/post/btn_close5.gif, https://blogimgs.pstatic.net/nblog/mylog/post/btn_download2.gif, https://ssl.pstatic.net/static/common/btn/btn_confirm2.gif",,2025-11-07 15:11:37
naver_blog,224045567919,charming_0217,https://blog.naver.com/charming_0217/224045567919,☀️ 피엠인터내셔널 3종 내돈내산 8개월 후기,"(파워칵테일 · 액티바이즈 · 리스토레이트)​하루를 가볍게 시작하고 싶은 사람이라면,이 세 가지 루틴, 꼭 한 번 경험해보셨으면 해요💛저는 지금 8개월째, 매일 이 세 가지로 하루를 열고 닫고 있답니다.​ 🌿 피엠 3종을 시작하게 된 이유​어느 날 인스타그램에서제가 팔로우하던 한 분이 진심으로 자신의 변화를 이야기하더라고요.광고처럼 보이는 게 아니라, ‘진짜 좋았구나’ 하는 그 진심이 전해졌어요.​그때 처음 피엠인터내셔널 3종을 알게 됐고,‘나도 한 번 먹어보고 싶다’는 생각이 들었어요.​그래서 바로 연락해서 3종 샘플을 받아봤죠.솔직히 처음엔 “그냥 흔한 영양음료겠지” 싶었는데,며칠 마셔보니 몸이 반응했어요. 처음 받은 샘플3종사진 ​오… *이건 다르다!​그 느낌이 너무 확실해서그 달에 바로 오토십을 걸고 본격적으로 섭취하기 시작.그 이후로는 자연스럽게 제 하루 루틴이 되었어요. 💛 피엠인터내셔널 3종 구성 & 기능​1️⃣ 파워칵테일 (PowerCocktail) • 57가지 과채영양소 + 유산균 + 식이섬유 • 아침 공복에 한 잔 마시면 장이 가볍고 몸이 부드럽게 깨어나는 느낌 • ‘하루를 채우는 첫 잔’ 으로 딱! 시외할머니댁에도 챙겨간 파워칵테일 ​ 2️⃣ 액티바이즈 (Activize) • ‘산소주스’라는 별명답게 먹자마자 몸에 활력이 도는 느낌! • 에너지 · 집중력 · 대사 활성화까지 한 번에. • 바쁠땐 파워칵테일에 섞어서 마셔요. • 커피보다 훨씬 상쾌하게 하루가 시작돼요. 커피 대용으로도 마시는 액티바이즈 3️⃣ 리스토레이트 (Restorate) • 마그네슘, 칼슘, 아연 등 미네랄이 풍부해요. • 하루를 마무리하기 전 회복용 루틴으로 딱. • 근육 피로가 덜하고, 숙면 효과가 확실히 느껴져요. • 요즘엔 남편이 먼저 “리스토레이트 있지?”라고 물어봐요, 꿀잠과 회복을 도와주는 리스토레이트 ☀️ 나의 하루 루틴​🕖 아침 → 파워칵테일 + 액티바이즈🌙 저녁 → 리스토레이트​ 아침, 저녁 간편하게 하루 2번 ​컵에 타서 휘휘 저으면 끝!출근 전, 자기 전 1분 루틴으로 완성돼요.​물 마시는 양도 적었던 저는 처음엔 마시는게 어색했지만지금은 하루라도 안 마시면 허전할 정도로몸이 먼저 찾는 루틴이 되었어요🥰 작년 10월말쯤, 매일 누워 지내던 나 ​🌼 8개월째, 달라진 나​✔️ 커피량이 확 줄었어요.✔️ 오후 피로감이 줄고 집중이 오래가요.✔️ 숙면 덕분에 아침이 상쾌해요.✔️ 피부랑 컨디션이 일정하게 유지돼요.​하루 루틴이 달라지니삶의 리듬도 훨씬 부드러워졌어요.‘몸이 먼저 반응하는 건강함’이란 게 이런 거구나 싶었죠.건강기능식품으로 이런 변화가 오다니, 진짜 놀라워요.​ 표정도, 기운도 훨씬 좋은 어제의 나 ​ 💬 진심으로 전하고 싶은 말​건강은 노력보다 기준.매일 내 몸에 좋은 걸 넣어주는 루틴,그 기준을 찾고 나니“나도 할 수 있다”는 자신감이 생겼어요.​하루 두 잔의 변화,저처럼 진심으로 느껴보셨으면 좋겠어요💛​👇 제가 실제로 사용하는 공식 링크도 함께 남겨둘게요.👉피님인터내셔널 공식몰 바로가기(제 코드 20877475 넣고 팀파트너로 가입하면 30% 할인가에 구매 가능해요!)​",,,20877475,6,0,"#pm주스, #건강루틴, #내돈내산, #대사활성화, #리스토레이트, #산소주스, #숙면루틴, #액티바이즈, #파워칵테일, #피엠3종, #피엠인터네셔널, #활력충전","https://postfiles.pstatic.net/MjAyNTEwMjBfNDEg/MDAxNzYwOTQ2NTkzNzQx.BHF5a3ep61iNPTTyb5frDcGRdaoCWuzjqPhreU3IXTUg.CT4lhZnnKIFMKDM1Xn1zpzOH-IEndvTXKeHrDtLBiBog.JPEG/output%EF%BC%BF996228815.jpg, https://blogimgs.pstatic.net/nblog/mylog/post/btn_confirm.gif, https://ssl.pstatic.net/static/blog/profile/img_profile_preset_07.png, https://ssl.pstatic.net/static/blog/profile/img_profile_preset_01.png, https://ssl.pstatic.net/static/blog/img_ani_blogid2.gif, https://postfiles.pstatic.net/MjAyNTEwMjBfOTkg/MDAxNzYwOTQ2NTkzNTIz.OB8ZjsrzSMt0DU6ynnqVP6Q7zOlfMNI2f4rxyAOp-EIg.Hgx1SoHghkL2TDOe444IgmGKbKM7QMnNrsCFJTrUpM0g.JPEG/1000041478.jpg_blur, https://postfiles.pstatic.net/MjAyNTEwMjBfMzUg/MDAxNzYwOTQ2NTkyOTIy.397vgpRmri9C37sGQd8XIqT5eMLKZng8TH4RhIn6aCIg.5nt8H1B1xRnd5wfx8OEtTVXO7u4qAVagQUPWRhdqTq4g.JPEG/output%EF%BC%BF4239035484.jpg_blur, https://ssl.pstatic.net/static/blog/profile/img_profile_preset_08.png, https://blogimgs.pstatic.net/nblog/quickeditor/btn_qk_set.gif, https://blogimgs.pstatic.net/nblog/mylog/post/btn_close5.gif",,2025-11-07 15:11:42
naver_blog,224061854789,chlehd14,https://blog.naver.com/chlehd14/224061854789,피엠인터내셔널 회원가입 ㅣ이거 보고 가입완료!😊,"안녕하세요 😊독일 PM 사업가 최동희입니다.​​공식 홈페이지에서 정품을합리적으로 구매할 수 있는피엠인터내셔널 회원가입 방법을 자세히 안내해 드릴게요.​​처음 방문하시는 분들도사진과 함께 천천히 따라 하시면어렵지 않습니다 ✨​​📍가입 후 오토십신청까지 하신분께는무료로 전용 보틀을 선물해드리고 있으니글을 끝까지 읽어봐 주세요~!​​ ✅ 1. 피엠인터내셔널 홈페이지 접속하기 먼저 아래 공식 링크를 클릭해 주세요 👇👉 https://pm.pmi-korea.com/main.do​​​​ 접속 후 오른쪽 상단의 회원가입 버튼을 클릭합니다.​​​​ ​정품을 저렴하게 구매하고 다양한 혜택을 받으려면‘팀 파트너’ 선택이 유리합니다 👍​​이 모든 과정이 피엠인터내셔널 회원가입의 첫 단계입니다.​​​​ 📝 2. 약관 동의 및 본인 인증 약관 전체 동의 체크 (회색 → 파란색으로 바뀜)​​​​​ 통신사 선택 후​​​​ 문자 인증 진행 (가장 간단합니다~!)​​​​​ 이름, 주민번호, 연락처, 보안문자 입력 후 확인​​​​ ​문자로 받은 인증번호를입력하면 본인 인증이 완료됩니다 📱​​​​ 💡 3. 기본정보 및 추천인코드 입력 기본적인 정보를 작성해줍니다!​​영문 이름의 경우 여권을 확인하셔도 되고, 아래 링크로 확인하셔도 됩니다!https://ems.epost.go.kr/ems/front/apply/pafao07p12.jsp 영문변환기 영문변환기 닫기 영문변환기 한글이름 변환 영문이름 확인 초기화 ems.epost.go.kr ​ ​ 회원가입 시 추천인은 필수 입력 항목입니다.아직 정해지지 않았다면 아래 코드를 입력해 주세요.​​👉 추천 코드 : 20766344 (최동희)​​입력 후 가입 완료를 누르면 절차가 끝납니다!​이렇게 하면 피엠인터내셔널 회원가입이성공적으로 완료됩니다 🙌​​​ 🔍 4. 한눈에 보는 가입 요약 1️⃣공식 사이트 접속 → 회원가입 클릭2️⃣팀 파트너 선택 → 약관 동의 및 인증3️⃣ 추천 코드 입력 : 20766344 (최동희)4️⃣ 가입 완료 → 정품 저렴한 구매 + 오토십 혜택​이처럼 피엠인터내셔널 회원가입만 완료해도정품 제품을 더욱 합리적인 가격에만나보실 수 있습니다 🌿​​​ 🎁 5. 가입 후 혜택 ​회원가입 후에는 공식몰에서 정품 제품을보다 합리적인 가격에 구매할 수 있으며,정기 배송 서비스(오토십) 설정 시 추가 혜택도 받을 수 있습니다.​특히 오토십을 신청하면피엠인터내셔널 회원가입 고객만을 위한소정의 선물과 특별한 할인 혜택이 제공돼요 🎉​오토십은 아래 링크에서 신청방법 확인 가능!https://blog.naver.com/chlehd14/223953876033 공식 피엠인터내셔널 홈페이지로 정품 쥬스 싸게 먹는 꿀팁 안녕하세요 ^_^ 오늘은 공식 피엠인터내셔널 홈페이지로 정품 쥬스 싸게 먹는 꿀팁에 대해 알려드릴게요~! ... blog.naver.com ​​오토십까지 신청 하신분들은저에게 문의 주세요!!​피엠쥬스를 마실때 사용하기 편한전용 보틀을 선물로 드립니다😊​​​아래 링크로 문의 주세요!https://blog.naver.com/chlehd14/223727996310 독일 피엠 인터내셔널 제품 및 비즈니스 문의ㅣ최신버전 독일 피엠 인터내셔널 공식 사업가 최동희입니다. 🔽 아래 카톡 프로필로 연락주세요. 🔽 https://open... blog.naver.com ​​ ​",,,20766344,0,0,"#독일pm쥬스, #독일피엠, #독일피엠인터내셔널, #피엠, #피엠인터내셔널, #피엠인터내셔널회원가입, #피엠쥬스","https://blogimgs.pstatic.net/nblog/mylog/post/btn_confirm.gif, https://ssl.pstatic.net/static/blog/profile/img_profile_preset_07.png, https://ssl.pstatic.net/static/blog/profile/img_profile_preset_01.png, https://ssl.pstatic.net/static/blog/img_ani_blogid2.gif, https://postfiles.pstatic.net/MjAyNTAxMTZfMTEx/MDAxNzM3MDE2ODY3ODc2.e_kQnaRtWtpg7MzlNhbiRSHtfNRPmQxvCY1NUxC_SIog._GKMnf8LbQyj9a9dRuDzxs8NNuN1vqSMESti9U7fqtAg.PNG/%C1%A6%B8%F1%C0%BB-%C0%D4%B7%C2%C7%D8%C1%D6%BC%BC%BF%E4_-001.png, https://ssl.pstatic.net/static/blog/profile/img_profile_preset_08.png, https://blogimgs.pstatic.net/nblog/quickeditor/btn_qk_set.gif, https://postfiles.pstatic.net/MjAyNTExMDFfMTEy/MDAxNzYxOTczOTgxMzI0.mWQ8d8dzeEKYAM7IT946c0-_glrX3LB6ixtN7V-EMSog.DLY78Oy3KSbQbF3zDehJEr--KgPCUbEwA-iTbALMWg0g.PNG/image.png, https://blogimgs.pstatic.net/nblog/mylog/post/btn_close5.gif, https://postfiles.pstatic.net/MjAyNTExMDJfMTM3/MDAxNzYyMDUyNTI5MTYw.gaK-ekIEYtMjLTGP-O_SGy9MGAi7_GYJ0NSxlBdnyFQg.Mo0vYIVK6KIFn9Mv1564EXGkD1v9kE_-N2UDzke4x7Ug.PNG/SE-2d436fe9-095d-44ec-902b-09f05a6b1362.png_blur",,2025-11-07 15:11:47
naver_blog,224033650808,serysery-,https://blog.naver.com/serysery-/224033650808,"피엠 인터내셔널, 그냥 제품만 먹을 게 아니라 가입해야 하는 이유","1. 피엠 인터내셔널, 왜 가입이 필요할까? 많은 분들이 피엠주스(FitLine) 같은 제품을 단순히 구매해서 섭취하는 경우가 많습니다.저도 처음에는 건강 보조제로 마시면 되겠지라는 생각으로 시작했어요.그런데 막상 제품을 꾸준히 먹어보면서 알게 된 사실이 있습니다.피엠 제품은 단순히 소비만 하는 것보다, 회원으로 가입해 활용하는 게 훨씬 유리하다는 점입니다.​피엠인터내셔널 피엠인터내셔널 독일 직접판매 업체, 건강기능식품, 화장품, 단백질 보충용 식품 등 판매 www.pmi-korea.com 2. 제품만 먹을 때와 가입했을 때의 차이 2-1. 가격 혜택일반 소비자로 구매하면 정가로만 살 수 있지만,회원 가입을 하면 ""파트너 가격(할인가)""으로 구매할 수 있습니다.저도 가입 전에는 매번 정가로 샀는데, 가입하고 나니 장기적으로 훨씬 절약이 되더라고요.​2-2. 꾸준한 관리 시스템가입하면 단순히 제품만 사는 게 아니라,정기 배송맞춤형 건강 상담식단/운동 프로그램 공유이런 라이프스타일 관리 시스템에 초대됩니다.저 같은 경우, 혼자 영양제를 챙겨 먹을 때보다 훨씬 꾸준히 관리할 수 있었습니다.​2-3. 수익 기회물론 모든 사람이 수익을 위해 가입하는 건 아니지만,주변에서 “너 피부 좋아졌다” “에너지가 달라졌다”는 얘기를 듣고 자연스럽게 제품을 추천하게 됩니다.그 과정에서 파트너 활동을 통해 보상을 받을 수 있는 구조라, 좋아서 쓰다 보면 어느새 부업 기회로 이어지기도 하죠.​ 소비자가와 파트너가 비교 및 포인트 3. 제가 가입 후 느낀 장점 저는 원래 부업보다는 건강 때문에 시작했는데,가입을 하고 나니 몇 가지 의외의 장점이 있었습니다.제품을 더 합리적인 가격에 살 수 있어서 부담이 줄었고,파트너 모임에서 식단·운동 습관을 공유하며 건강 습관이 강화됐습니다.주변에서 제품을 궁금해할 때 그냥 알려주는 것만으로도 소소한 보상을 받을 수 있었습니다.결국 저에게는 단순히 제품만 사먹는 것보다 삶의 방식이 조금 더 업그레이드되는 경험이었어요. 4. 소비자가 유의해야 할 점 다만, 가입한다고 해서 누구나 큰 수익을 얻는 건 아닙니다.중요한 건 건강관리 목적이 먼저라는 점이에요.무리하게 제품을 과다 구매할 필요 없음과장된 수익 약속에 기대지 말 것내가 실제로 만족하는 제품이어야 주변에도 자연스럽게 전달 가능저는 이 원칙을 지키면서 사용하다 보니, 가입한 게 오히려 현명한 선택이 되었다고 느낍니다. 5. 결론 : 소비자에서 파트너로 피엠 인터내셔널 제품을 단순히 소비하는 것도 좋지만,가입을 통해 가격 혜택 + 꾸준한 관리 + 부업 기회까지 얻을 수 있습니다.저는 처음엔 “가입까지 할 필요 있을까?” 싶었지만,직접 경험해보니 제품만 먹는 것보다 훨씬 많은 가치를 얻을 수 있었어요.​👉 그래서 제 결론은,피엠 제품을 꾸준히 사용할 생각이라면 단순 소비자가 아니라 가입자(파트너)로 시작하는 게 더 현명하다는 것입니다.​​​​​​​※피엠 제품에 대해 궁금하시거나 관심 있으신 분은 연락 주세요. 정성껏 도와드리겠습니다. 추천인 가입하셔서 오토십 신청하시면 선물을 드립니다!!​​네이버 폼피엠 제품 문의 - 네이버 폼 피엠 제품 문의 네이버 폼 설문에 바로 참여해 보세요. form.naver.com ​​2. 네이버 톡톡 궁금할 땐 네이버 톡톡하세요! ​​3. 카카오톡 오픈채팅https://open.kakao.com/o/s8k8xIUh 독일 PM 주스 문의 독일에서 온 피엠주스에 대해 관심 있으신분 궁금한 점이 있느데 물어볼 곳이 없으신 분 환영합니다!! open.kakao.com ​​​​",,,,1,0,"#Fitline, #pminternational, #건강관리, #건강보조식품, #부업추천, #영양제추천, #태그, #피엠가입, #피엠부업, #피엠인터내셔널, #피엠주스, #피엠혜택, #피엠후기","https://blogimgs.pstatic.net/nblog/mylog/post/btn_confirm.gif, https://ssl.pstatic.net/static/blog/profile/img_profile_preset_07.png, https://ssl.pstatic.net/static/blog/profile/img_profile_preset_01.png, https://ssl.pstatic.net/static/blog/img_ani_blogid2.gif, https://postfiles.pstatic.net/MjAyNTEwMDZfMjE1/MDAxNzU5NzYxODY4Mzk2.SZ6KwE73GPrcC4LCBhPmuVssiAuOGK6YBKqlCn13jT8g.fRWYnMgkNtMPSrCRC7ndeeyX664cpd6QDK9tUGjZm-sg.PNG/%BC%D2%BA%F1%C0%DA%B0%A1.PNG, https://dthumb-phinf.pstatic.net/?src=%22https%3A%2F%2Fiopen.kakaocdn.net%2Fimg%2Fog%2Fv2%2Fko_scrap_sv_003.png%22&type=ff500_300, https://ssl.pstatic.net/static/blog/profile/img_profile_preset_08.png, https://blogimgs.pstatic.net/nblog/quickeditor/btn_qk_set.gif, https://blogimgs.pstatic.net/nblog/mylog/post/btn_close5.gif, https://blogimgs.pstatic.net/nblog/mylog/post/btn_download2.gif",,2025-11-07 15:11:52
naver_blog,224063565927,cheina2,https://blog.naver.com/cheina2/224063565927,"피엠인터내셔널코리아, 현재 놓치면 안 될 프로모션 3가지","안녕하세요. 건강하고 아름다운 삶을 추구하는 피엠 비즈니스 6년 차 채이나입니다. 해운대독일피엠 부산pm 오늘은 피엠인터내셔널코리아, 현재 놓치면 안 될 프로모션 3가지에 대해 빠르게 알려드리겠습니다. 첫 번째 프로모션은(사상 최초)피엠인터내셔널코리아 7주년 기념 이벤트액션팩(2종*5개월분)을 총 2팩 구매 시 파워 칵테일+리스트 레이트(2개월분) 30만 원 상당 제품을 선물로 드리는 프로모션입니다. 1인 구매한도가 10팩이기에 한정수량 조기종료 예상됩니다. 가족단위 혹은 파워칵테일 좋아하시는 분들 무조건 서두르셔야 합니다!!​이건 현재 가장 놓치면 안 될 프로모션이고11월 말까지 진행 예정입니다. ​♥파워칵테일+리스토레이트 2set 선물▼자세히 보기 아래 링크 클릭▼https://blog.naver.com/cheina2/224061097887 피엠인터내셔널코리아의 비밀, 전 세계가 사랑한 올인원 주스 안녕하세요 🌿 피엠비즈니스 6년차, 식품영양 전공자 채이나입니다. 요즘 피엠인터내셔널코리아 고객분들... blog.naver.com 두 번째 프로모션은(사상 최초)피엠인터내셔널코리아 신규 오토십 가입 회원에게 액티바이즈(4만원대) 제품한 개를 선물로 드리는 프로모션입니다. 오토십이란...피엠인터내셔널코리아 정회원 가입 후 정기구독(오토십,월 137100원)을 신청하신 회원을 말합니다. 모든 프로모션 적용 대상이며 3개월 단위로 자동주문 배송되어 집에서 편리하게 영양 파우더주스 2종(파워+리스토)을 받아보실 수 있습니다. 해운대독일피엠 채이나 ♥신규 회원 가입-액티 바이스 선물▼자세히 보기 아래 링크 클릭▼https://blog.naver.com/cheina2/224049218790 [최초 이벤트] 독일pm쥬스 오토십하면 액티바이즈 1개 공짜! 역대급 혜택 캬!....... 하늘은 드높고 공기는 상쾌하기 그지 없습니다~~ 그렇게 끝날 것 같지 않던 더위가 한 풀 꺾이... blog.naver.com 피엠인터내셔널코리아의 이 프로모션은기한이 11월 14일(금)까지이니 오토십을 계획 중이시라면 절대 놓치지 마시길요! 세 번째 프로모션은(겨울 시즌)겨울에만 판매하는 액티펀치를 5개 값으로​​ 한 개 더 받는 프로모션입니다. 액티펀치는...기존 액티바이즈 성분과 동일한데, 계피가 첨가되어 몸을 더 따뜻하게 해 줍니다. 뱅쇼를 모티브로 뜨거운 물에 태워도 비타민 파괴 걱정 없이 즐길 수 있어요. 다양한 tea( 자몽 티, 청귤 차..)에 넣어 맛있게 즐길 수 있습니다. 해운대독일피엠 채이나 ♥1년을 기다렸다-겨울에 만나는 액티펀치▼자세히 보기 아래 링크 클릭▼https://blog.naver.com/cheina2/224054196949 🍊 피엠쥬스 액티펀치, 겨울에 따끈하게 마시는 액티바이즈 벌써.......! 올해도 이제 두어 달 밖에 남지 않았네요! 안녕하세요 6년 차 피엠쥬스 전문가 해운대독일피... blog.naver.com 특히, 액티펀치는 1년에 딱 1~2번 밖에 구매할 기회가 없습니다. ​저는 요즘도 새벽에 눈을 뜨면 가장 먼저 액티바이즈 대신 액티펀치를 따끈하게 마시는데요, 독일피엠 겨울 액티펀치 ​살짝 더 찐하고 달콤한 맛이 느껴져요 따끈하게 뿐만 아니라, 차가운 물에도 가능하오니 이 기회를 놓치지 마세요!1년분씩 쟁이시는 분들 정말 많답니다! 오늘은 피엠인터내셔널코리아에서 현재 놓치면 안 될 프로모션 3가지에 대해 알려드렸어요! 감사합니다~회원가입(추천인 코드: 8367534)최*영 (해운대독일피엠) 365일 24시간 상담없이 셀프로 가입주문 가능큐알코드로 가입하세요 해운대독일피엠 액티펀치 ​가입/주문 상담을 원하시면 ▼아래 링크를 클릭하세요! ▼ 해운대독일피엠 채이나 ​​",,,,5,0,"#프로모션, #피엠인터내셔널, #피엠인터내셔널코리아, #피엠인터내셔널회원가입","https://postfiles.pstatic.net/MjAyNTExMDRfMTEg/MDAxNzYyMjI0NDQ5NDQ1.57FTqACz9k6ZPrgA1RbIv8A-rY08zAaF-0DtgtAVWGkg.B8hZ_UTImwHgWnDKo8hAmB08GnqMAPIuuWEC6h3pjWUg.JPEG/SE-aad651ec-0f16-45b0-bb09-daafe7935c7e.jpg, https://postfiles.pstatic.net/MjAyNTExMDNfMjc5/MDAxNzYyMTc1NjU5Nzgx.labOJNPEGJ9xbWKPRI35eidhioe7mKXcIaZbvcZHSKMg.R81wcBQA3z-bE8a034GcgPpxh34Qut78O3gqBoly5f8g.JPEG/KakaoTalk_20251018_182531326.jpg_blur, https://blogimgs.pstatic.net/nblog/mylog/post/btn_confirm.gif, https://ssl.pstatic.net/static/blog/profile/img_profile_preset_07.png, https://ssl.pstatic.net/static/blog/profile/img_profile_preset_01.png, https://ssl.pstatic.net/static/blog/img_ani_blogid2.gif, https://ssl.pstatic.net/static/blog/profile/img_profile_preset_08.png, https://blogimgs.pstatic.net/nblog/quickeditor/btn_qk_set.gif, https://blogimgs.pstatic.net/nblog/mylog/post/btn_close5.gif, https://blogimgs.pstatic.net/nblog/mylog/post/btn_download2.gif",,2025-11-07 15:12:14
naver_blog,223481098045,bbiyou,https://blog.naver.com/bbiyou/223481098045,2024년 피엠인터내셔널 PM쥬스 다단계 시장 동향 - 조이그룹 봉피엠 유희원 PT,"​안녕하세요? 경기도 부천 옥길동에서 건강기능식품 비즈니스 하는 피엠인터내셔널 조이그룹 봉피엠 리더 봉피디 유희원 PT 입니다. 💕​지난주 독일행사 다녀와서 건기식 시장 최신 뉴스와 동향 PM쥬스 다단계 2년차 비전정리해 봅니다 :) ​ 건강기능식품 시장의 최신 뉴스와 동향 건기식 분야는 빠르게 성장하고 있으며변화와 혁신이 실시간으로 이루어지고 있습니다. 주요 내용은 아래와 같습니다. ​ 1. 시장의 성장세 글로벌 건강기능식품 시장은 연 평균 6.5%의 성장률을 보이며, 2024년까지 약 2,200억 달러 규모에 이를 것으로 예상됩니다.​코로나19 팬데믹 이후 면역력 증진 제품 수요 급증하여 엄청난 성장을 하고 있습니다.​​​ 글로벌 모멘텀 ​ 2. 피엠 인터내셔날의 성과 (글로벌) 독일계 브랜드 피엠 인터내셔널 창립자이자 CEO인 롤프 소르그 회장은 ​2024 월드 매니지먼트 콩그레스 행사에서 2026년까지 글로벌 매출 50억 달러(한화 약 7조 원) 달성 목표를 발표했어요. ​현재 성과2023년 글로벌 매출 30억 달러 (한화 약 4조 원) 브라보 인터내셔널 성장상 4회 연속 수상​ 브라보 어워드 2023 브라보 리더십 상(Bravo Leadership Award) 브라보 국제 성장상(Bravo International Growth Award)​전년 대비 매출 성장이 가장 높은 국제 다단계 회사에 수여. 올해는 제품 중심 기업과 서비스 중심 기업 모두에게 상이 수여되었습니다. PM- 인터내셔날l은 3년 연속 제품상 수상 ​ 엔터스 코리아 양원근 대표님과 함께 ​투자 계획인프라 구축에 4000만 유로 (한화 600억 원) 팀파트너 지원에 2500만 유로 (한화 370억 원) ​시장 확장최근 46번째 불가리아 지사 오픈헝가리, 체코, 루마니아, 카자흐스탄으로 확장 계획중국 시장 개척을 위해 추가로 2000만 유로 (한화 약 300억 원) 투자 예정​​ 아시아 1호 말레이시아 파트너와 봉피엠 ​ 3P 자기경영연구소 강규형 대표님과 함께 ​독일피엠 인터내셔날 ( PM International)은건강기능식품을 유하는 MLM 회사입니다. ​한국에서는 네트워크 마케팅 혹은 멀티 레벨 마케팅 다단계로 표현되고 있습니다. 다양한 단계와 보상 체계로 구성되어 있으니까요.​31종의 웰니스 전문 제품을 주력으로 독일을 비롯한 전세계 72개 국가에서 활동하고 있습니다.저명하신 분들도 조이그룹 안에서 함께 하고 있습니다. ​​ 홍지안 작가님과 함께 ​ 3. 피엠 코리아, 한국의 위상 한국의 위상독일 베를린 행사에 한국 파트너 1,000여 명 참석전 세계 PMI 지사 매출 1위 기록​한국 지사 설립 이래 지속적인 성장세'암웨이', '애터미'와 어깨를 나란히 하겠다는 목표한국지사 - 오상준 지사장 ​​​ PM의 시그니춰 제품 비타민 B군 8종 액티바이즈 4. 주요 트렌드 및 제품 면역력 강화 제품 : 비타민 C, D 및 아연과 같은 면역력 강화 성분이 함유된 제품​프로바이오틱스 : 장 건강과 면역력 증진을 위한 프로바이오틱스 제품 수요 증가 ( 제품에 대한 자세한 설명이 궁금하시면 언제든 덧글 주세요 ) ​천연 및 유기농 제품: 천연 성분과 유기농 제품을 선호하는 소비자 경향이 강해지고 있습니다.​ 5. 기술 혁신과 연구 개발 신기술 5. 2년차, 내 생각 무엇보다 좋은 제품과 기술력, 안전한 회사와 합리적인 보상체계가 우선시 되야 하고​개인마다 다른 유전자와 생활습관에 맞춤형으로 올바른 섭취와 추천이 소비자에게 잘 전달 되었을 때 지속 가능성이 무한한 시장이라 생각 됩니다. ​​ 저도 사업 2년차, 1100 여명의 파트너, 소비자분들과 함께 하고 있습니다. 헤헤 :) ​고객에게 신뢰를 주는 것이 무엇보다 중요하므로 제품에 대한 깊은 이해를 위해​ 1) 직접 사용해보고, 2) 누구보다 애용하고 경험을 바탕으로 3) pm주스 효과와 장점을 설명할수 있다면? ​평범한 주부, 육아맘, 워킹맘, 1인기업 등 슈퍼 개인이 독립적인 사업가로 독일 브랜드와 함께 글로벌 시장에서 ​ 건기식에 대한 평생 유통권을 가지고세일즈와 신규 사업자 모집을 통해 수익이 창출되는 사이드잡, 파이프라인 ​​ 피트라인, 한잔의 기적 💕 ​물론 달콤하지 만은 않아요. 아마 사탕처럼 달콤하기만한 일은 없을겁니다. ​그럼에도 불구하고 지속할 가치가 있다고 생각되어 아직 저는 Ing.. ❤️​​ 더 가보면 알겠지요. 정다겸 CL님의 말씀대로, 가겠습니다. ​네트워크 마케팅 다단계 사업 비즈니스 시스템 본질도 비전도 말예요 :)​ 함께 보면 좋은 글 독일 피엠주스 6월 프로모션 총정리 (시흥 배곧 피트라인) 안녕하세요? 피트라인 피엠주스 2년차 조이그룹 봉피엠 유희원PT 입니다. 경기도 부천에 서식하며 시흥, ... blog.naver.com 궁금할 땐 네이버 톡톡하세요! 💌 DM 덧글 환영개인별 상황에 맞는 솔루션 Q&A 해드려요 :)​✅ 피엠 추천인코드 8431526 유희원 PT ​​",,,,19,19,"#PM인터내널, #PM쥬스, #피엠인터내널, #피엠쥬스","https://blogimgs.pstatic.net/nblog/mylog/post/btn_confirm.gif, https://ssl.pstatic.net/static/blog/profile/img_profile_preset_07.png, https://ssl.pstatic.net/static/blog/profile/img_profile_preset_01.png, https://ssl.pstatic.net/static/blog/img_ani_blogid2.gif, https://ssl.pstatic.net/static/blog/profile/img_profile_preset_08.png, https://blogimgs.pstatic.net/nblog/quickeditor/btn_qk_set.gif, https://postfiles.pstatic.net/MjAyNDA3MDFfODUg/MDAxNzE5ODI0MzE3NTMz.wF4g6fX7BSBFxyX3W_ac1TPLuFrqwn0afa5Gh-FbfdQg.QXRToG7b4NAkyMVwW6C0Ne_kdVPMUm5ZrBfNristUSAg.JPEG/P20230714_001841459_D10554DD-D34E-4B5E-B47F-1BDB666F9ABF.jpg, https://blogimgs.pstatic.net/nblog/mylog/post/btn_close5.gif, https://blogimgs.pstatic.net/nblog/mylog/post/btn_download2.gif, https://postfiles.pstatic.net/MjAyNDA2MTZfMTg3/MDAxNzE4NTE4MzQ0OTI0.eI4YcOzHclRswEUjnfAs15ug1lRzxjKylZXqxNvWfGgg.WQYm313qhn5sMhModbsjtZa5Nu05wj3YzQnlZvFFdDog.JPEG/cats.jpg_blur",,2025-11-07 15:12:22
naver_blog,224063724324,emo0503,https://blog.naver.com/emo0503/224063724324,🎁 피엠인터내셔널 코리아 7주년기념 액션팩 프로모션 💥 45%할인에 + 무료증정까지,"안녕하세요, 독일피엠율라 입니다 😊​​🎁 피엠인터내셔널이 드디어 한국진출 7주년을 맞이했습니다!이번엔 45% 할인에 무료 증정까지… 진짜 혜택 폭발이에요💥​​​32년 된 독일 글로벌 웰니스 브랜드가 한국에서 7년간 빠르게 성장하며수많은 고객들의 사랑과 신뢰를 받아왔는데요,그 감사의 마음을 담아 브랜드 역사상 가장 큰 규모의 혜택!“7주년 감사 프로모션”이 진행됩니다 🎉​ ​​​💥 7년 동안 단 한 번도 없었던 혜택!​“엑션팩 5세트 45% 할인”만 해도 이미 놀라운데,이번엔 여기에 추가 혜택이 더해졌습니다.​​ ​​👉 엑션팩 5세트 2개 구매 시💚 파워칵테일 2박스 + 🌙 리스토레이트 2박스 무료 증정 🎁​​즉,🧃 파워칵테일 12박스 + 🌙 리스토레이트 12박스총 24박스 혜택이 한 번에 쏟아집니다!​​ ​​​건강과 이익을 동시에 챙길 수 있는“7주년 기념 액션팩 프로모션”의 역사적인 순간이에요 ✨​​​ ​​🧃 전 세계가 선택한 이유, ‘독일피엠 올인원 주스’​​한 잔으로 비타민, 미네랄, 식물성 영양소까지!과학적으로 설계된 균형 잡힌 영양 밸런스를한 번에 완성해주는 올인원 건강 주스입니다.​​​ Previous image Next image ​​53가지 영양소가 들어있어매일 아침 한 잔으로 활력이 달라졌다는 후기가 쏟아지고 있어요.​​ 훨씬 간편하고,흡수율까지 고려된 NTC 기술로 체내 전달 효율을 높였습니다.​​ ​이래서 피엠은 “건강 농축 엑기스”라고 불릴 만하죠 💪​ ​​​​💎 믿을 수 있는 글로벌 브랜드 ​​독일 본사에서 시작된 32년 전통의 글로벌 웰니스 기업​​현재 70개국 이상에서 사랑받는 FitLine 제품 라인업​엄격한 품질 관리와 도핑프리 인증, 투명한 유통 시스템​세계 스포츠 선수들이 함께 사용하는 신뢰의 브랜드​ ​​피엠은 “과학으로 건강을 설계하고, 진심으로 신뢰를 쌓는다”는철학을 30년 넘게 지켜온 브랜드입니다.​​​ 피엠엠버서더선수들 금14개 은19개 동44개 획득 ​​건강기능식품의 기본을 넘어, 삶의 질을 높이는 웰니스 솔루션으로국내외 수많은 고객에게 사랑받고 있습니다 🌍​​ ​​🎯 11월한정 기간! 7주년 기념 프로모션​​이번 프로모션은 1인 구매 한도 10팩으로 제한된한정 수량 이벤트입니다.빠른 품절이 예상되니, 꼭 참여하세요!​놓치면 진짜 1년 동안 후회할 파격 혜택이에요 👀건강과 경제적 혜택을 동시에 잡을 수 있는 기회,지금이 바로 그 순간입니다.​​​ ​🖋 유의사항​​동일한 주문번호로 주문한 액션팩 수량에 따라 무료 증정 혜택이 달라집니다.​ ✅ 동일한 주문번호 기준으로만 혜택 적용​액션팩 2세트 or 3세트 주문 시 → 파워칵테일 2개 + 리스토레이트 2개 무료 증정​액션팩 4세트 or 5세트 주문 시 → 파워칵테일 4개 + 리스토레이트 4개 무료 증정​액션팩 6세트 or 7세트 주문 시 → 파워칵테일 6개 + 리스토레이트 6개 무료 증정​액션팩 8세트 or 9세트 주문 시 → 파워칵테일 8개 + 리스토레이트 8개 무료 증정​액션팩 10세트 주문 시 → 파워칵테일 10개 + 리스토레이트 10개 무료 증정​ ​⚠️ 다른 주문번호로 나누어 주문할 경우 혜택 미적용​반드시 같은 주문번호, 같은 날짜, 같은 코드로 한 번에 주문해야프로모션 혜택이 적용됩니다.​​​꼭 한 번에 주문하시고,궁금하신 점은 담당자에게 문의해주세요​24시간 언제든 바로 주문 가능해요!​1️⃣ 아래 링크 클릭2️⃣ 로그인 또는 신규 회원가입 후(꼭 팀파트너가입 )3️⃣ 추천인 코드 20967605(김*애) 입력​4️⃣ 오토십(정기구매) 약정 후👉 프로모션 제품 구매 가능!​​ 큐알코드로 바로 회원가입하세요.​​ ​​📎 1:1 카카오 상담 바로가기 ​​​🌿 마무리하며​7년간 피엠을 사랑해주신 모든 분들께 감사드리며,이번 7주년 프로모션이여러분의 건강과 행복을 위한 또 한 번의 특별한 시작이 되길 바랍니다.​​건강을 지키는 선택,피엠인터내셔널과 함께하세요 💚​​ ​🏷 추천 태그​#피엠인터내셔널 #피엠7주년 #피엠프로모션 #피엠코리아 #피엠건강식품 #피엠파워칵테일 #피엠리스토레이트 #독일피엠율라 #피엠혜택 #피엠이벤트 #피엠비타민추천 #조이그룹 #FitLine #피엠비즈니스 #부업추천 #건강식품추천 #피엠파워팩 #추천인20967605 #구미피엠 #독일피엠​",,,20967605,1,0,"#FitLine, #건강식품추천, #구미피엠, #독일피엠, #독일피엠율라, #부업추천, #조이그룹, #추천인20967605, #피엠7주년, #피엠건강식품, #피엠리스토레이트, #피엠비즈니스, #피엠비타민추천, #피엠이벤트, #피엠인터내셔널, #피엠코리아, #피엠파워칵테일, #피엠파워팩, #피엠프로모션, #피엠혜택","https://postfiles.pstatic.net/MjAyNTExMDRfNDUg/MDAxNzYyMTgyNDExNjk0.fK6ywba4d7dIsUxNcoaMe8jN8MFXW-YJLwo1ko6OLXcg.kJNX2DPGCaoETT7aHcJzilTA8G_7wONeRt7NFDcpt0Ug.JPEG/900%EF%BC%BF20251104%EF%BC%BF000218.jpg_blur, https://postfiles.pstatic.net/MjAyNTExMDNfMTgx/MDAxNzYyMTgxMTI2NDU0.7Nbge8wh2C7CVZdLptVhgC6CdERZX_jh8n65awiFOwsg.RJZYKj9qR3ZNOiiDhdtqM5stz1rt0jem6tdkWgBC9Hwg.JPEG/900%EF%BC%BFScreenshot%EF%BC%BF20251103%EF%BC%BF232003%EF%BC%BFNAVER.jpg_blur, https://blogimgs.pstatic.net/nblog/mylog/post/btn_confirm.gif, https://ssl.pstatic.net/static/blog/profile/img_profile_preset_07.png, https://ssl.pstatic.net/static/blog/profile/img_profile_preset_01.png, https://ssl.pstatic.net/static/blog/img_ani_blogid2.gif, https://postfiles.pstatic.net/MjAyNTExMDNfOTgg/MDAxNzYyMTgwMzc1NDgy.WJPrt-VGBrn6PAillpr0zdM-VvFrHptET0FIetKlyKMg.TOXMch-0ih6KiHhMUYqj4lcIrLQ0BZXb19-BlhtyVJEg.JPEG/900%EF%BC%BF1762180374306.jpg_blur, https://ssl.pstatic.net/static/blog/profile/img_profile_preset_08.png, https://blogimgs.pstatic.net/nblog/quickeditor/btn_qk_set.gif, https://postfiles.pstatic.net/MjAyNTExMDNfODkg/MDAxNzYyMTgwNzU5MjU4.J-Z_f9IDYvJGi4-o1A1FY3vefn11vBxs57nwR6oDwIAg.NucQtTwb9lZdmDETktCAULD85Jq9-dsxaxMQ5-KjQIUg.JPEG/900%EF%BC%BFScreenshot%EF%BC%BF20251103%EF%BC%BF233839%EF%BC%BFNAVER.jpg_blur",,2025-11-07 15:12:28
naver_blog,223989944857,pandatogether,https://blog.naver.com/pandatogether/223989944857,독일 피엠 인터네셔널 피엠쥬스 3종 효능,"안녕하세요.용인 동천동에서 PM하는독일피엠 조이그룹의 핵심리더'판다피엠'🐼입니다. ​오늘은 독일 피엠 인터네셔널 피엠쥬스 3종 효능에 대해 알려드릴게요.​​ 📢빠른 요약​🔹독일 피엠 인터내셔널 대표 제품 파워칵테일·액티바이즈·리스토레이트🔹비타민, 미네랄, 항산화, 유산균까지 한 번에 섭취 가능🔹맛있고 가루 형태라 온 가족이 꾸준히 먹기 편리함🔹아침엔 파워칵테일, 낮엔 액티바이즈, 저녁엔 리스토레이트로 하루 영양 밸런스 완성🔹피엠 회원가입 시 합리적인 회원가로 구매 가능 ​ ​ 독일 피엠인터내셔널과 피엠쥬스 독일의 건강기능식품 회사로서 31년의 역사를 지닌 피엠 인터내셔널에서 판매하는 영양제입니다.불과 2~3년 전까지만 해도 모르시는 분들이 많았는데 코로나 시기를 기점으로 건강에 대한 관심이 높아지면서 피엠의 매출이 급상승할 정도로 널리 알려졌어요. 이제는 주변 분들에게 '피엠'이라는 단어만 이야기해도 한번쯤은 들어보거나 먹어봤다고 할 정도입니다. ​독일 피엠쥬스 3종은 피엠사 전체 매출의 70% 이상을 차지할 만큼 회사의 주요 제품이자 가장 많은 분들이 찾는 제품입니다.(주력 제품이 매출을 견인하는 이 모습은 모든 기업이 원하는 형태이죠. 이것저것 팔것없이 주요제품에 포커스 할 수 있어서 좋거든요)​​​ 독일 피엠쥬스 3종 피엠쥬스라고 녹즙처럼 배송되는 것은 아니고요.가루를 물에 타먹는 형태인데 맛이 좋아서 쥬스라고 별명이 붙었나봅니다.피엠쥬스는 허가받은 건강기능식품으로사람의 몸에 필요한 기본적인 영양소를 공급해줍니다.​그래서 많은 분들이 관심을 갖고 한번쯤은 먹어보고 싶은 피엠 쥬스 3종입니다.피엠 쥬스 3종은 파워칵테일, 리스토레이트, 액티바이즈입니다. 제가 다른 영양제보다 피엠제품을 선택한 이유는모두 분말로 되어있어 물에 타먹기 좋고 알약이 아닌 액상형태로 마셔서 넘기기 쉬웠고 무엇보다 맛이 좋아요.이렇게 단순한 이유여야 제가 꾸준히 오래 먹더라고요.벌써 2년 가까이 마시고 있으며남편과 아이까지 온 가족이 마십니다.​​​ 독일피엠 대표3종의 효능 가장 많은 분들이 문의주시고남녀노소 누구나 함께 먹을 수 있는독일피엠의 기본 3종의 성분과 효능알려드릴게요.​​ 파워칵테일 종합비타민+식이섬유+항산화+유산균이 모두 있는 파워칵테일 ​아침에 마시는 파워칵테일이에요.물 180ml에 파워칵테일 1포를 타 마십니다.혼합과일야채향신료 분말이 들어있어맛있게 만든 과채주스 맛이에요.실제로 베리류, 딸기, 당근 등이함유되어있답니다.(전 아침 공복에 파워칵테일이 마시고싶어일찍 일어난 적도 많아요^^)​ 독일피엠 파워칵테일의 효능과 성분 🔹 매일 필요한 영양소를 한 포로 간편하게🔹 영양소 대사와 에너지 생성을 돕는 비타민B군 8종(B1,2,3,5,6,7,9,12)🔹 유해산소로부터 세포보호하는 항산화비타민C, E, 셀레늄🔹 베타카로틴🔹 풍부한 식이섬유🔹 2종의 유산균(락토바실러스)​식이섬유와 유산균 덕분에아침에 파워칵테일 마시고나면꼭 화장실에 가서 시원한 마음이듭니다ㅎㅎ​한 포에 4,166원 정도 꼴이니커피 한잔 가격으로 내 몸이 필요한비타민, 유산균, 항산화 제품을 챙길 수 있어효율적입니다. ​ 액티바이즈 ​ 피엠 액티바이즈 3종 (오리지널, 레몬라임, 피치아이스티) 오리지널인 빨간통,새콤한 레몬라임맛인 초록통,복숭아 아이스티맛의 노란통효능은 모두 같아서 취향에 따라골라 마실 수 있어요.저는 보통 아침 파워칵테일과액티바이즈 3스푼을 섞어먹고점심식사이후커피가 생각나거나 에너지가 필요할때액티바이즈 3스푼 정도를더 마셔줍니다.그럼 남은 하루도 화이팅넘치게 보낼 수 있지요.​ ​🔹 영양소 대사와 에너지 생성을 돕는 비타민B군 8종(B1,2,3,5,6,7,9,12)🔹 유해산소로부터 세포보호하는 항산화비타민C🔹천연카페인 과라나추출물🔹뇌의 주식인 좋은 포도당​전 액티바이즈를 마시면서정말 자연스럽게 커피를 끊게되었어요.의도한것은 아닌데 예전만큼커피가 생각나거나 그렇지 않더라고요.이제 카페에 가면 커피대신 티를 마시는우아한 여자가 되었습니다ㅎ​ 리스토레이트 종합미네랄 독일피엠 리스토레이트 미네랄은 우리 몸에서자체적으로 합성되지 않아꼭 섭취해줘야만 하는 필수 성분입니다.전 이게 미네랄인지 모르고칼슘, 마그네슘, 아연을 따로 사먹었는데요.알약형태로 매일먹으려니 너무 힘들었습니다.​하지만 리스토레이트를 알고나니매일 저녁 한 포로 간단히 해결했어요. 피엠 리스토레이트 미네랄의 효능 🔹칼슘, 마그네슘, 비타민D가 2:1 함유🔹 산소운반과 혈액에 필요한 철분🔹신경과 근육기능 유지에 필요한 마그네슘🔹유해산소로부터 세포를 보호하는 구리, 셀레늄, 망간​저와 저희 가족은저녁식사 이후 리스토레이트로마무리합니다.리스토레이트는 한포에 1000원 꼴이에요.한달에 3만원 정도이니 다른 제품들이부담되시면 리스토레이트로 먼저시작해보셔도 좋습니다.​​ 독일피엠 3종 구매하는 방법 독일피엠 대표 3종은피엠 회원가입을 하시면즉시 회원가로 구매가능합니다.​만약 회원가입이 불편하시거나 어렵다면톡톡이나 댓글로 연락주세요.언제든지 도와드리겠습니다.​독일 피엠 회원가입은 아래의 글을 참조해주세요.​​​https://blog.naver.com/pandatogether/223833450660 독일PM 피엠 회원가입방법 팀파트너 추천인코드 고르기 (할인받으며 먹기) 안녕하세요. 아시아 1위 조이그룹, 봉피디 유희원PT님의 떠오르는 핵심멤버, '판다피엠'🐼입... blog.naver.com ​궁금하시면 아래 톡톡 배너 누르시고언제든지 편하게 문의주세요.택배로 빠르게 보내드릴 수 있고,용인 수지 지역은 빠르게 전달 가능해요.​이 정보가 유용하거나 좋으시거나건강에 관련된 정보가 필요하다면이웃추가 후 빠르게 소식 받으실 수 있어요. ​주변에 이 글을 공유해주시거나 스크랩도매우 가능합니다:)​​​ ​덧글 환영개인별 상황에 맞는 솔루션 Q&A 해드려요 :)피엠 추천인코드 8479329 고선미M",,,,8,0,"#독일피엠, #독일피트라인, #리스토레이트, #액티바이즈, #파워칵테일, #피엠2종, #피엠3종, #피엠대표제품, #피엠미네랄, #피엠비타민, #피엠주스, #피엠쥬스, #피트라인, #피트라인3종","https://blogimgs.pstatic.net/nblog/mylog/post/btn_confirm.gif, https://postfiles.pstatic.net/MjAyNTA4MzBfNDUg/MDAxNzU2NTQzNTIyNzE1.iw2Gch8Kzj9-BiygkZx2rTBnOW5vvwiT_Uc7QTGA3Xsg.pcomv0FpSAp_5So836iYHmMTEwTumPLljSTTZqkIUeAg.PNG/001.png, https://ssl.pstatic.net/static/blog/profile/img_profile_preset_07.png, https://ssl.pstatic.net/static/blog/profile/img_profile_preset_01.png, https://ssl.pstatic.net/static/blog/img_ani_blogid2.gif, https://ssl.pstatic.net/static/blog/profile/img_profile_preset_08.png, https://blogimgs.pstatic.net/nblog/quickeditor/btn_qk_set.gif, https://blogimgs.pstatic.net/nblog/mylog/post/btn_close5.gif, https://blogimgs.pstatic.net/nblog/mylog/post/btn_download2.gif, https://postfiles.pstatic.net/MjAyNTA4MzFfMjc3/MDAxNzU2NjI3NzIxNjk3.JgnZi9FZScjY1vMZr7EP9oZ3NcsZbf8lAys6o7EELlYg.3jUfu53s2j5pv9LpGd24gXyhT7GrdklBwVimizO_6g8g.JPEG/SE-7671a187-b380-4631-8617-4d8829bd37b3.jpg_blur",,2025-11-07 15:12:35
naver_blog,223957435917,leesy_8520,https://blog.naver.com/leesy_8520/223957435917,피엠인터내셔널 독일PM 유명한 이유 제품 정보,"독일 제품이라 좋다고 하는데,대체 어떤 회사이고 정말 효과가 있나요?​주변에서 많이들 이야기하던데,객관적인 정보가 궁금합니다. 혹시 주변 지인으로부터 '독일PM' 제품 한번먹어보라는 권유를 받아보셨나요?​저도 최근 들어 피엠인터내셔널이라는 이름이부쩍 자주 들려와,대체 어떤 회사이고 제품의 특징은 무엇인지자연스럽게 궁금해지더군요.​특히 '독일'이라는 키워드를 내세워품질과 신뢰도를 강조하는 점이매우 인상적이었습니다.​그래서 오늘은 이 피엠인터내셔널의정확한 정체는 무엇인지,왜 '독일' 기술력을 그토록 강조하는지,그리고 대표 제품들의 특징과사업 방식까지 객관적인 시선으로하나씩 꼼꼼하게 살펴보겠습니다.​ ​ 💡목차​1. 피엠인터내셔널이란?2. 대표 제품 및 핵심 기술력 (NTC)3. 독일PM 특징과 사업 방식4. 자주 묻는 질문 (가격, 구매 방법) ​​ 1. 피엠인터내셔널이란? ✔️ 1. 피엠인터내셔널이란?​​피엠인터내셔널(PM-International)은1993년 롤프 소르그 회장이 설립한 회사로,본사는 룩셈부르크에 있습니다.​하지만 연구, 개발, 생산은 모두독일에서 이루어지기 때문에우리에게는 '독일PM'이라는 이름으로더 잘 알려져 있습니다.​'FitLine(피트라인)'이라는 브랜드의건강기능식품과 뷰티 제품을주력으로 판매하며,전형적인 직접 판매(네트워크 마케팅)방식으로 운영되는 글로벌 기업입니다.​→ 독일 R&D 기반의 직접 판매 회사​• 회사의 정체성​회사의 핵심 정체성은 두 가지로 요약됩니다.​1) 독일의 기술력과 안전성​'Made in Germany'를 강력하게 내세우며,엄격한 품질 관리와 안전 기준을 통해제품의 신뢰도를 높이는 전략을 사용합니다.​2) 네트워크 마케팅​백화점이나 온라인 쇼핑몰 같은일반적인 유통 채널이 아닌,독립적인 사업자(팀파트너)들의구전 홍보를 통해 제품을 유통하고판매하는 사업 구조를 가지고 있습니다. 2. 대표 제품 및 핵심 기술력 (NTC) ✔️ 2. 대표 제품 및 핵심 기술력 (NTC)​​피엠인터내셔널의 제품을 이해하려면회사가 가장 강조하는'NTC(영양소 전달 개념)'라는기술을 먼저 알아야 합니다.​→ 세포 수준의 영양소 흡수율 강조​• NTC (Nutrient Transport Concept)​NTC는 '영양소 전달 개념'의 약자로,우리가 섭취한 영양소가필요한 순간에, 필요한 곳(세포 수준)까지정확하게 전달되도록 돕는독자적인 기술 개념을 말합니다.​지용성 비타민을 수용화시키는 기술 등이포함되어, 체내 흡수율을 극대화했다는 것이회사 측 설명의 핵심입니다.​• 대표적인 3종 제품​보통 아침, 저녁으로 섭취하는기본 3종 세트가 가장 잘 알려져 있습니다.​1) 파워칵테일​다양한 비타민, 미네랄, 식이섬유,유산균 등이 함유되어 아침에 섭취하는올인원 타입의 종합 영양 주스입니다.​2) 리스토레이트​칼슘, 마그네슘 등 필수 미네랄이 풍부하여주로 저녁 시간, 휴식과 회복을 위해섭취하는 제품입니다.​3) 액티바이즈​비타민 B군을 주성분으로 하여체내 에너지 생성에 도움을 주는 제품으로,물에 타 마셨을 때 나타나는특유의 화끈거림으로 유명합니다. 3. 독일PM 특징과 사업 방식 ✔️ 3. 독일PM 특징과 사업 방식​​피엠인터내셔널이 '독일'을 강조하는 데에는객관적인 이유가 있습니다.바로 세계적으로 공신력 있는독일의 인증 기관들을 통해제품의 안전성과 품질을 입증받고 있기 때문입니다.​→ TÜV SÜD 인증과 쾰른 리스트​• 품질 및 안전성 강조​1) TÜV SÜD 인증​독일의 대표적인 품질 검사 및 인증 기관인'티유브이슈드'로부터 정기적인제품 품질 및 안정성 테스트를 받고그 결과를 QR코드로 공개하고 있습니다.​2) 쾰른 리스트 (Cologne List)​도핑 테스트에 민감한 운동선수들이안심하고 섭취할 수 있도록,금지 약물 성분이 없음을 증명하는'쾰른 리스트'에 전 제품이 등재되어 있습니다.​• 구매 및 사업 방식​제품은 피엠인터내셔널의독립 사업자(팀파트너)를 통해 구매하거나,사업자의 추천인 코드를 받아공식 홈페이지에서 회원 가입 후구매할 수 있습니다.​제가 보기에 이 사업 방식은소개와 추천을 통해 판매가 이루어지므로,소비자 입장에서는 제품 정보와 함께사업 참여 권유를 함께 받게 되는 경우가일반적입니다. 4. 자주 묻는 질문 (가격, 구매 방법) ✔️ 4. 자주 묻는 질문 (가격, 구매 방법)​​제품 구매를 고려하거나사업에 관심을 갖는 분들이가장 공통적으로 궁금해하는 점들을정리해 보았습니다.​→ 오토십(Auto-ship) 프로그램​• 정확한 가격은 얼마인가요?​피엠인터내셔널 제품은정찰제로 판매되지 않습니다.​팀파트너 자격으로 구매하는 회원가와일반 소비자가가 다르며,가장 보편적인 구매 방식은매달 자동으로 결제 및 배송되는'오토십(Auto-ship)' 프로그램을 통해할인된 가격으로 구매하는 것입니다.​보통 기본 3종의 오토십 가격이월 10만 원대 중반으로 형성되어 있습니다.​• 부작용은 없나요?​피엠인터내셔널 제품은 건강기능식품으로의약품이 아니므로 특별한 부작용은 없으나,개인의 체질에 따라 일부 성분에과민 반응이 나타날 수 있습니다.​특히 '액티바이즈' 섭취 시 나타나는피부 붉어짐이나 화끈거림은비타민 B군의 혈행 개선 작용에 따른자연스러운 현상이라고 회사 측은 설명하지만,불편함이 심하다면 섭취량을 조절하거나섭취를 중단하는 것이 좋습니다.​​ 오늘은 피엠인터내셔널,이른바 '독일PM'에 대해 자세히 알아보았습니다.​독일의 까다로운 품질 관리를 기반으로NTC라는 독자적인 기술력을 내세운건강기능식품 회사이며,네트워크 마케팅 방식으로제품을 유통한다는 점을 확인할 수 있었습니다.​제품의 품질과 효과에 만족하며적극적으로 사업을 진행하는 분들도 많지만,동시에 다단계 판매라는 사업 방식에 대해우려나 거부감을 표하는 분들이있는 것 또한 사실입니다.​가장 중요한 것은, 오늘 알려드린객관적인 정보를 바탕으로주변의 권유나 소문에 휩쓸리기보다는자신에게 정말 필요한 제품인지,그리고 사업 방식은 자신에게 적합한지를스스로 신중하게 판단하는 것입니다.​모쪼록 현명한 선택을 통해건강과 경제적 목표 모두를이뤄나가시기를 진심으로 응원합니다. ​",,,,7,0,"#독일pm, #독일pm주스, #독일pm쥬스, #독일pm파워칵테일, #피엠인터내셔널, #피엠인터내셔널올인원, #피엠인터내셔널코리아, #피엠인터내셔널홈페이지","https://blogimgs.pstatic.net/nblog/mylog/post/btn_confirm.gif, https://postfiles.pstatic.net/MjAyNTA4MDNfMTA3/MDAxNzU0MjEzNzM0NDEy.yszMfZ2QlqWZgQuNRMgTD9uYRbPVc_Xto4wT504MJ54g.KThC5GWDVeBXHm7VHRYtv9HnJKocFppaJMDkrnJSkKEg.PNG/009.png_blur, https://ssl.pstatic.net/static/blog/profile/img_profile_preset_07.png, https://ssl.pstatic.net/static/blog/profile/img_profile_preset_01.png, https://ssl.pstatic.net/static/blog/img_ani_blogid2.gif, https://ssl.pstatic.net/static/blog/profile/img_profile_preset_08.png, https://blogimgs.pstatic.net/nblog/quickeditor/btn_qk_set.gif, https://blogimgs.pstatic.net/nblog/mylog/post/btn_close5.gif, https://blogimgs.pstatic.net/nblog/mylog/post/btn_download2.gif, https://ssl.pstatic.net/static/common/btn/btn_confirm2.gif",,2025-11-07 15:12:41
naver_blog,223417745415,vegalhs,https://blog.naver.com/vegalhs/223417745415,피엠인터내셔널 PM 평택 센터 사업설명회에 초대합니다. 사업자 이유소,"안녕하세요,피엠인터내셔널 PM 사업자 이유소​입니다. 피엠 이유소 ​네트워크마케팅전 세계 6위, 한국 3위에 빛나는PM 인터내셔널 비즈니스를 알아보고 계신 사장님과 함께 하겠습니다! ​​PM코리아에서는 전국 7개 도시에 비즈니스센터를 운영하고 있습니다.매월 1, 3주 수요일 (14시~15시30분)본사 주관으로 각 비즈니스 센터에서 사업설명회가 개최됩니다. 전국 피엠 비즈니스 센터 ​평택 용이동에 센터가 운영되고 있고, 비즈니스 미팅, 사업설명회 참석 등 자유롭게 활용할 수 있습니다. 에이스침대 건물 2층 50m© NAVER Corp.더보기 /OpenStreetMap지도 데이터x© NAVER Corp. /OpenStreetMap지도 컨트롤러 범례부동산거리읍,면,동시,군,구시,도국가 에이스침대 평택용이점 경기도 평택시 서동대로 3865 예약 ​​깔끔하고 세련된 센터에 방문하시면,PM제품을 확인 및 구매하실 수 있습니다.또한 회원가입, 미팅, 각종 사업 관련 업무를 여의도 본사까지 가지 않아도 빠르게 처리할 수 있습니다. ​​사업설명회 날에는 오전부터 개인 미팅, 팀미팅이 활발히 진행됩니다. PM사업을 알아보고 계신 분들, 이유소에게 연락 주시면 사업설명 및 보상플랜 자세히 안내드리겠습니다. 집중, 밀착 후원 가능합니다. 연락 주십시오! ​​ PM 평택 센터는 천안, 오산, 안성, 수원 등지에서 이동하기에 교통 및 접근성이 좋습니다. ​​사업설명회는 오후 2시부터 시작됩니다.미리 오시면 독일PM의 시그니처 제품 액티바이즈를 시음할 수 있습니다. ​​PM사업을 알아보는 분들, 이제 사업을 막 시작하시는 분들을 대상으로 회사소개, 제품 소개, 보상플랜, 제품 체험단, 리더 스피치 등으로 진행됩니다. ​​본사 소속 담당자분이 객관적인 자료를 토대로 차근차근 PM의 A부터 Z까지 강의합니다. ​​피엠인터내셔널은 생활용품이나 값비싼 가정용품은 전혀 없이 오로지 건강기능식품과 스킨케어 제품만으로 특화된 회사입니다. 웰니스 분야에만 집중해서 연구, 개발, 발전해 왔으며 전 세계 6위, 한국 3위를 한 저력은 탁월한 제품력 덕분입니다. ​​리더스피치와 제품 체험담은 일정에 따라 번갈아가며 선택적으로 진행됩니다. ​​그리고 봄맞이 신규 회원을 위한 이벤트가 진행되고 있답니다. 사업설명회 시작 전, 신규 대상 추첨권을 응모함에 넣고 마무리 단계에서 추첨합니다. ​​3월에 갔던 사업설명회에서 넣었던 추첨권이 당첨이 되어서!!! 액티바이즈 선물을 받았던 소중한 추억이 있네요^^ (함께 한 사장님께 바로 선물로 드렸어요^^) 그리고 신규분들께 예쁜 수첩도 드립니다. ​​PM 사업자 이유소는 2020년 5월부터 사업을 시작하여, 현재까지 꾸준하게 독일피엠사업을 진행하고 있습니다.사업을 진행하며 [행복한 성장, 오랜 기간 성공]이라는 생각으로 함께 하는 분들과 성장하고 성공하고자 합니다. ​​PM 평택센터에서 자유롭게 미팅하고, 후원하고 집중해서 사업을 진행하실 분은 이유소에게 연락 주십시오.제품 체험 및 사업설명, 보상플랜, 사업 진행까지, 그동안 쌓아온 노하우로 정성껏 후원하고 함께 하겠습니다.​<준비했던 강의안> 사업 및 보상플랜 문의이유소010.4183.1224추천인번호 : 7979906 피엠 이유소 ​독일PM쥬스, 이런 분 연락은 거절합니다. 독일PM쥬스, 이런 분 연락은 거절합니다. 이 글을 클릭하신 분은 기본적으로 본인 건강, 사랑하는 가족 건강을 생각하시며 PM쥬스 좋다더라~는 소... blog.naver.com ​",,,,15,0,"#PM사업, #PM사업자, #PM쥬스, #수원PM, #안성PM, #오산PM, #이유소, #천안PM, #태그, #평택PM, #피엠이유소","https://postfiles.pstatic.net/MjAyNDA0MTZfMjcy/MDAxNzEzMjU4ODE1MjY1.5pvmjXzeMPI9kIzhQNM046ao3KPl-ezGo4yzq0Opijcg.UnaVsLIXCXNIRHRAOTNULvDRMNXQLM13I8OkkZdUFEsg.JPEG/SE-8cc76ade-c827-402e-a07d-1fa4e48ac78f.jpg_blur, https://ssl.pstatic.net/static/blog/profile/img_profile_preset_07.png, https://map.pstatic.net/nrb/styles/basic/1761871134/17/111826/51020.png?mt=bg.ol.sw.ar.lko, https://blogimgs.pstatic.net/nblog/mylog/post/btn_close5.gif, https://postfiles.pstatic.net/MjAyNDA0MTZfNzMg/MDAxNzEzMjU4ODE4NDQ3.3LQ58atPsZTMjRdfYFTzShi7QsBcyQnnmCHVvUvu1hEg.NCbTrAwY0LNN0hG3MjGJLyQVIt0_IEfUn_LAG_WEkiQg.JPEG/SE-3bf09c8b-56e8-451f-a5d2-dd45aa3a0da2.jpg_blur, https://postfiles.pstatic.net/MjAyNDA0MTZfMjM0/MDAxNzEzMjU4ODA4MzEz.gWe3WThb8D4JQEWK80g7NYtlIrcjZeViNLcBppR86JIg.2EDGCsFqN2kFOWoAL6u6KaCRmTaciAtOtL9jaglFMGwg.JPEG/SE-bc7594a1-c2ea-4e19-9ed3-7846bd6aadce.jpg_blur, https://postfiles.pstatic.net/MjAyNDA3MDhfMjI2/MDAxNzIwMzk1ODU1MzE1.Y7QEahj3AhRWQOlt3Jgc3LK5lKcc-h7PXPnpz69jHCUg.8ZakSdxnLuN-tIe2dUiR-v8AVRymDWbp_CIbRxXZzV8g.JPEG/PM_%BA%B8%BB%F3%C7%C3%B7%A3.jpg, https://simg.pstatic.net/static.map/v2/map/staticmap.bin?caller=smarteditor&markers=color%3A0x11cc73%7Csize%3Amid%7Cpos%3A127.1365274%2036.9937872%7CviewSizeRatio%3A0.7%7Ctype%3Ad&w=700&h=315&scale=2&dataversion=171.73, https://ssl.pstatic.net/static/blog/profile/img_profile_preset_06.png, https://map.pstatic.net/nrb/styles/basic/1761871134/17/111823/51021.png?mt=bg.ol.sw.ar.lko",,2025-11-07 15:12:45
naver_blog,223855928803,ttlboy,https://blog.naver.com/ttlboy/223855928803,피엠인터내셔널 우대회원vs팀파트너 회원가입 전에 꼭 읽어보세요!재가입도가능!,"피엠인터내셔널 회원가입우대회원vs팀파트너 안녕하세요^^ 피엠인터내셔널 회원가입 시 우대회원과 팀파트너 어떤걸로 가입을 해야 할지 고민하시는분들이 많으신데요. 헷갈리는 우대회원/팀파트너 가입 유형의 차이점을 오늘 명확하게 알려드리겠습니다^^​​ 피엠인터내셔널 회원가입 시 선택 가능한 두 가지 유형은 다음과 같습니다. 팀파트너 혜택! *피엠 피트라인 제품을 할인된 가격으로 구매*유통 판매 자격부여*추천인 등록 가능/ 수당 발생 가능*보상플랜 혜택 가능1. 추천보너스 (퍼스트라인,풀보너스)2. 재구매보너스3. 6세대 후원보너스4. 리더십보너스5.자동차보너스6.여행보너스7.퇴직연금 8.상속​팀파트너로 가입을 하시면 위에 혜택을 모두 누리 실 수 있는 가입 방식입니다!​많은분들이 pm을 접하실때 건강을위해서 제품 섭취를 원하시는분들에 많으신데요.정품 pm쥬스를 팀파트너로 할인된 가격으로 제품을 섭취 하실 수 있는 방법이기도 하십니다! 우대회원 혜택은 말만 우대.. 우대회원은 말 그대로 단순히 제품 구입만 하시는 소비자이신데요. 소비자가로 비싸게 주문만 가능한 우대회원 가입입니다. ​우대회원이라는 말을 들으면 무너가 더 우대를 받는 느낌이라 많은분들이 가입을 하시는분들이 계시는데요. ​당장 사업에 관심이 없으시더라도 정품 독일pm쥬스를 저렴하게 드실 수 있는 팀파트너로 가입 하시는 것이 현명한 선택이라고 생각을 하고 있습니다 .-공무원, 실업급여, 군인 등 겸직금지 조건 이실 경우에는 가족분중에 한분이 가입 하시는걸 추천드리며 가입이 어려우신 경우 저에게 문의를 주시면 주문을 도와 드리겠습니다 ! 우대회원과 팀파트너 가격차이 비교 파워칵테일과 리스토레이트 1개월치 가격을우대회원과 팀파트너로 구매를 하실 경우 39,975원 금액 차이가 발생을 하시는데요. ​ 0초 0초 광고 후 계속됩니다. 다음 동영상 subject author 취소 피엠인터내셔널회원가입 재생 28 좋아요 0 좋아요 공유하기 재생 (space/k) 재생 00:31 0:00:00 재생 (space/k) 재생 음소거 (m) 음소거 00:00 / 00:31 실시간 설정 전체 화면 (f) 해상도 자동 480p 자막 사용 안함 재생 속도 1.0x (기본) 해상도 자동 (480p) 720p HD 480p 270p 144p 자막 설정 사용 안함 옵션 글자 크기 배경색 재생 속도 0.5x 1.0x (기본) 1.5x 2.0x 죄송합니다. 문제가 발생했습니다. 다시 시도해 주세요. 도움말 음소거 상태입니다. 도움말 라이센스 고화질 재생이 가능한 영상입니다. 설정에서 해상도를 변경해보세요. 더 알아보기 00:00 접기/펴기피엠인터내셔널회원가입피엠인터내셔널회원가입#피엠인터내셔널회원가입 팀파트너로 가입을 하시고 오토십을 신청하시면 파워칵테일과 리스토레이트를137,100원에 구매를 하실 수 있습니다. ​ 하나카드로 더 싸게 하나카드를 발급하셔서 오토십을 결제 하시면10% 할인을 받으 실 수 있습니다. ​ PM인터내셔널 회원가입 방법 정품 PM쥬스는 피엠인터내셔널 홈페이지에서만 주문을 하실 수 있습니다. 건강을위해서 챙겨 드시는건데 정품 PM쥬스로 세상에서 가장 소중한 나에게 그리고 사랑하는 내 가족들에게 건강을 선물해주세요! ​피엠인터내셔널 무료회원가입 팀파트너로 가입하기!추천인아이디 21173632 이금례오토십신청하기 !​ 우대회원에서 팀파트너로 재가입 방법 *팀파트너로 재가입 방법!-PM인터내셔널 본사 평일 오전 10시~ 오후 7시까지 02-838-2688 문의를 하셔서 우대회원에서 팀파트너로 다시 가입을 희망 하신다고 말씀을 하시면 되십니다. ​처음 가입 하셨을때 메일주소가 아닌 다른 새로운 메일주소로 가입을 하셔야합니다!(재가입시 추천인 번호는 저에게 문의 주세요^^) ​ 오토십 신청시 선물증정 오토십을 신청해 주시는분들에게는 액티바이즈와 물병을 보내드리고 있습니다 !!​우대회원 가입 후 팀파트너로 가입을 다시 해주신분에게는 선물 더 신경써서챙겨 드리고 있습니다 ^^ 좋은 혜택 많이 받아가세요^^​​​ 부업으로 시작한 PM사업 처음엔 저도 그냥 평범한 소비자였습니다.PM이 좋아서 먹었고, 괜찮아서 또 주문을 하였습니다.‘이건 저만 알기 아깝다’는 생각에블로그에 후기를 하나씩 남겼을 뿐인데… 1년 뒤~ 무려 200명의 파트너사장님들과 함께1억 7천만원대의 매출을 달성을 하였습니다.그런데 말입니다… 우리는 매일 마트에 가고,식당에도 가고, 카페에도 갑니다.그리고 깜빡하지 않고!포인트 적립과 현금영수증과멤버십 적립까지~ 절대 안 빼먹죠! 근데, 그거 아세요?PM은 무려 10%입니다!거기에 유럽여행, 카보너스, 연금, 상속까지!같은 소비인데, 결과는 너무나 다릅니다. 저는 6월에 여행인센티브로 독일+스위스+이탈리아 갈 예정입니다. 그리고 자동차 보너스 적립과 네트워크마케팅 업계 최초로 연금프로그램 혜택까지 받고 있습니다. ​ 사업은 말 잘하고~인맥 많은 사람들만 하는거 아닌가요? 사업은 말 잘하는 사람만 하나요❓인맥이 많은 사람들만 하나요❓✔ 잘 배운 사람✔ 잘난 사람✔ 대단한 사람​만 할 수 있는 사업이 아니라는 겁니다❗평범한 사람도 가능한~ 아주 심플한 사업입니다!​성공은 순간의 결심이 아니라, 반복된 행동에서 만들어집니다❗생각만 하는 자는 결국 제자리에서 머물고, 움직이는 자만이 원하는 것을 쟁취한다고합니다❗​ 블로그로 하는 PM사업 라인 시작 처음엔 단순히 건강을 위한 선택으로PM 제품을 접하셨지만 꾸준한 섭취를 통해 일상의 변화와 만족을 체감한 뒤 자연스럽게 주변에도 추천을 하시는 사장님들이 계시더라고요 그래서 사업 제안을 드린적이 있었는데요.하지만 돌아오는 대답은 대부분 비슷하였습니다.❝제품은 너무 좋은데… 사람들한테 말을 못 하겠어요.❞❝남편이 알면 진짜 큰일나요~❞❝일이 너무 바빠서 시간 내기 힘들어요.❞ 그래서 저는 어떻게 하면 시간과 장소에 구애받지 않고 건강한 소비와 지속 가능한 수익을 함께 이뤄 낼 수 있을까?그 해답은 바로 온라인 블로그로 하는 PM사업이었습니다. 블로그로 하는 PM사업 라인을 구축하여한 줄로 깊게 무한대로 성장해 나갈 수 있도록 든든한 후원자가 되어 드릴려고합니다. ✔블로그 계정 만들기!✔PM핵심 키워드로 글쓰는 방법!✔PM알고리즘 상위노출 컨텐츠 추천!✔블로그 외 홍보채널 최소 2개 더 개설 약속!✔식약처·피엠 본사 키워드 위반 저품질 피하는 방법! ✔문의가 오게 하는 방법까지 100% 공유! 시작은 미약 할 수 있습니다.하지만 저는 실제로 1년동안 pm사업을 통해 매월100만원대의 현금흐름+인센티브여행+자동차보너스+연금 그리고 상속까지! 결과로증명을 하였습니다. 그대로 복제 하시면 되십니다! 곧 공개 될 ""블로그로 하는 pm사업"" 라인 구축 시스템에 함께 하고 싶으신분들은 문의 주시면 상담 도와드리겠습니다. 궁금할 땐 네이버 톡톡하세요! 건강도 챙기시면서~월 5만원~ 10만원~ 20만원 30만원~50만원추가 수입을 노동이 아닌 디지털 노마드로 현금흐름을 만들어 보실분들은언제든지 문의 주세요^^​​​​​​​​​​ 독일pm 블로그로 현금흐름 만들어 보실분들은 밑에 글을 확인해주세요! 네트워크마케팅 추천 독일피엠사업 1년차 솔직한후기 네트워크마케팅 독일피엠 사업 안녕하세요^^ 오늘은 네트워크마케팅 독일피엠사업 추천에 대해서 포스팅을 ... blog.naver.com 0초 0초 광고 후 계속됩니다. 다음 동영상 subject author 취소 피엠인터내셔널 우대회원vs팀파트너 회원가입 전에 꼭 읽어보세요! (1) 재생 6 좋아요 0 좋아요 공유하기 재생 (space/k) 재생 00:16 0:00:00 재생 (space/k) 재생 음소거 (m) 음소거 00:00 / 00:16 실시간 설정 전체 화면 (f) 해상도 자동 480p 자막 사용 안함 재생 속도 1.0x (기본) 해상도 자동 (480p) 1080p HD 720p HD 480p 270p 144p 자막 설정 사용 안함 옵션 글자 크기 배경색 재생 속도 0.5x 1.0x (기본) 1.5x 2.0x 죄송합니다. 문제가 발생했습니다. 다시 시도해 주세요. 도움말 음소거 상태입니다. 도움말 라이센스 고화질 재생이 가능한 영상입니다. 설정에서 해상도를 변경해보세요. 더 알아보기 00:00 접기/펴기피엠인터내셔널 우대회원vs팀파트너 회원가입 전에 꼭 읽어보세요! (1) 0초 0초 광고 후 계속됩니다. 다음 동영상 subject author 취소 피엠인터내셔널 우대회원vs팀파트너 회원가입 전에 꼭 읽어보세요! (2) 재생 5 좋아요 0 좋아요 공유하기 재생 (space/k) 재생 00:20 0:00:00 재생 (space/k) 재생 음소거 (m) 음소거 00:00 / 00:20 실시간 설정 전체 화면 (f) 해상도 자동 480p 자막 사용 안함 재생 속도 1.0x (기본) 해상도 자동 (480p) 1080p HD 720p HD 480p 270p 144p 자막 설정 사용 안함 옵션 글자 크기 배경색 재생 속도 0.5x 1.0x (기본) 1.5x 2.0x 죄송합니다. 문제가 발생했습니다. 다시 시도해 주세요. 도움말 음소거 상태입니다. 도움말 라이센스 고화질 재생이 가능한 영상입니다. 설정에서 해상도를 변경해보세요. 더 알아보기 00:00 접기/펴기피엠인터내셔널 우대회원vs팀파트너 회원가입 전에 꼭 읽어보세요! (2) 0초 0초 광고 후 계속됩니다. 다음 동영상 subject author 취소 피엠인터내셔널 우대회원vs팀파트너 회원가입 전에 꼭 읽어보세요! (3) 재생 7 좋아요 0 좋아요 공유하기 재생 (space/k) 재생 00:31 0:00:00 재생 (space/k) 재생 음소거 (m) 음소거 00:00 / 00:31 실시간 설정 전체 화면 (f) 해상도 자동 480p 자막 사용 안함 재생 속도 1.0x (기본) 해상도 자동 (480p) 1080p HD 720p HD 480p 270p 144p 자막 설정 사용 안함 옵션 글자 크기 배경색 재생 속도 0.5x 1.0x (기본) 1.5x 2.0x 죄송합니다. 문제가 발생했습니다. 다시 시도해 주세요. 도움말 음소거 상태입니다. 도움말 라이센스 고화질 재생이 가능한 영상입니다. 설정에서 해상도를 변경해보세요. 더 알아보기 00:00 접기/펴기피엠인터내셔널 우대회원vs팀파트너 회원가입 전에 꼭 읽어보세요! (3) 0초 0초 광고 후 계속됩니다. 다음 동영상 subject author 취소 피엠인터내셔널 우대회원vs팀파트너 회원가입 전에 꼭 읽어보세요! (4) 재생 5 좋아요 0 좋아요 공유하기 재생 (space/k) 재생 01:00 0:00:00 재생 (space/k) 재생 음소거 (m) 음소거 00:00 / 01:00 실시간 설정 전체 화면 (f) 해상도 자동 480p 자막 사용 안함 재생 속도 1.0x (기본) 해상도 자동 (480p) 1080p HD 720p HD 480p 270p 144p 자막 설정 사용 안함 옵션 글자 크기 배경색 재생 속도 0.5x 1.0x (기본) 1.5x 2.0x 죄송합니다. 문제가 발생했습니다. 다시 시도해 주세요. 도움말 음소거 상태입니다. 도움말 라이센스 고화질 재생이 가능한 영상입니다. 설정에서 해상도를 변경해보세요. 더 알아보기 00:00 접기/펴기피엠인터내셔널 우대회원vs팀파트너 회원가입 전에 꼭 읽어보세요! (4) 0초 0초 광고 후 계속됩니다. 다음 동영상 subject author 취소 피엠인터내셔널 우대회원vs팀파트너 회원가입 전에 꼭 읽어보세요! (5) 재생 4 좋아요 0 좋아요 공유하기 재생 (space/k) 재생 00:09 0:00:00 재생 (space/k) 재생 음소거 (m) 음소거 00:00 / 00:09 실시간 설정 전체 화면 (f) 해상도 자동 480p 자막 사용 안함 재생 속도 1.0x (기본) 해상도 자동 (480p) 1080p HD 720p HD 480p 270p 144p 자막 설정 사용 안함 옵션 글자 크기 배경색 재생 속도 0.5x 1.0x (기본) 1.5x 2.0x 죄송합니다. 문제가 발생했습니다. 다시 시도해 주세요. 도움말 음소거 상태입니다. 도움말 라이센스 고화질 재생이 가능한 영상입니다. 설정에서 해상도를 변경해보세요. 더 알아보기 00:00 접기/펴기피엠인터내셔널 우대회원vs팀파트너 회원가입 전에 꼭 읽어보세요! (5) ​",,,21173632,26,12,"#PM우대회원, #PM팀파트너가입, #PM회원가입방법, #독일피엠팀파트너로, #피엠인터내셔널, #피엠인터내셔널추천인번호, #피엠인터내셔널추천인아이디, #피엠인터내셔널회원가입, #피엠팀파트너혜택, #피엠회원가입, #피엠회원가입우대회원","https://blogimgs.pstatic.net/nblog/mylog/post/btn_confirm.gif, https://postfiles.pstatic.net/MjAyNTA1MDVfMTI2/MDAxNzQ2NDIyMTQ4NjA4.puTY01ypp3NQNAH3g0e-IFwwVUIDO2kgYGtBT1-A5oUg.K3hPaSbyTABS3ftX7vNIx3SjiSUuTDUUXaquxQvuN5Ug.JPEG/1111111.jpg_blur, https://ssl.pstatic.net/static/blog/profile/img_profile_preset_07.png, https://ssl.pstatic.net/static/blog/profile/img_profile_preset_01.png, https://ssl.pstatic.net/static/blog/img_ani_blogid2.gif, https://postfiles.pstatic.net/MjAyNTA1MDVfMjE4/MDAxNzQ2NDEyNzA5Nzk3.b81jkI6udYi2Q1zdpCZwejUwIZiG0OnWDqOOYako3EMg.40mIzC8nIGyUl2CdtDPPGm31bsW5X3Q40kN6gyIUq-8g.PNG/zzzz.png, https://postfiles.pstatic.net/MjAyNTA1MDVfNTUg/MDAxNzQ2NDIyMzIyOTM1.ivCV5CuzXmj-UNN9q2Dq30nJLyBbopogII9cUuJISN0g.NzFxwYfv2RgpM6VDXZb6UjRMx-VyW49N0n0-00m8auwg.JPEG/ZXZZXZXZX.jpg_blur, https://postfiles.pstatic.net/MjAyNTA1MDVfMjAz/MDAxNzQ2NDEyNzA5ODUz._DP8Nwf8TgxPllQKPLxg4Xis14QhM6UcRKQOITwo5bQg.PqYDjlDHSWaCPC3kR1_44oUBPLruSeMBB8HhGUeJ88cg.JPEG/%ED%8C%80%ED%8C%8C%ED%8A%B8%EB%84%88.jpg_blur, https://ssl.pstatic.net/static/blog/profile/img_profile_preset_08.png, https://blogimgs.pstatic.net/nblog/quickeditor/btn_qk_set.gif",,2025-11-07 15:12:51
naver_blog,224051798264,sda9191,https://blog.naver.com/sda9191/224051798264,"‘독일피엠쥬스’ 요즘 대세💊 세계특허 92개! 피엠인터내셔널 [10월 프로모션, 액션팩!]","10월 내셔널 콩그레스 때피엠회사가 현재까지 받은 세계특허권이92개!! 37개는 출원중이라고합니다.100여개 특허권을 가지고있는피엠인터내셔널 회사의 우수성과안전성과 프리미엄기술력!!진짜 자부심을 느끼게 됩니다^^​📢10월 독일피엠(PM)프로모션 (오토십 회원 + 쿠폰번호 필요합니다)독일피엠세라입니다💛10월 프로모션 소식 가져왔어요!오메가3는 뜨자마자 품절되었구요^^;;이번 달은 특히 파워칵테일+리스토레이트 BA스페셜세트/조기액션팩,뮤노겐, C밸런스 ,겔링핏 문의가 폭주 중이에요.NEW 신제품 신기한 화장품은 아쉽게도 모두 조기 품절되었으니,관심 있으셨던 분들은 다음 프로모션 때 꼭 놓치지 마세요😊 https://youtu.be/2rxXbaTujzM 자 이제 자세히프로모션과 제품정보를함께 알아보겠습니다~! 🧃10월 프로모션 제품10월말일까지 행사중이나조기품절될 수 있으니 정품프로모션으로저렴하게 주문하시고 효과적인 코칭과 관리가 필요하신 분들은지금 독일피엠세라에게 빠르게 연락주시구요~^^ 10월 월말 프로모션어르신들의 사랑받는 러브템 겔링핏!!!10월말까지 행사중입니다~!! ​ 💪 겔링핏 (Gelenk-Fit)상큼한 레몬맛으로 맛있게 마시는 관절·근육·신경통 케어!​✅ 주요 성분글루코사민, 황산콘드로이친(상어연골), 비타민C, 커큐민 등​🌿 효과인체조직·관절 회복 촉진염증 완화 및 통증 감소연골 재생과 퇴화 예방관절 유연성 및 움직임 개선💛 함께 섭취 시 시너지!리스토레이트와 함께하면 흡수율·효과 UP!​🎁 겔링핏 가격겔링핏 1통(270g) 회원가 ₩84,400겔링핏5+1=422,000원 독일피엠세라 손가락,손목, 허리, 무릎, 어깨등 여기저기 쑤시고 힘드신 분?콘드로이친, 글루코사민,강황 등이함유된 겔링핏 완전 추천!!5+1 행사중입니다~!!​ ​​“통증염증이 많은 경우는 기본3스푼보다 조금 더 자주 나누어서 드셔보시길 추천드립니다^^✨”​ 🍊 파워리스 5세트 – 595,200원세포 에너지 활성화, 피로회복, 면역력 강화!✔ 필수 기본세트 / 장 건강, 미네랄 해독 주스👉 하루의 시작은 파워칵테일로하루의 마무리는 리스 한 잔으로 (개인형 맞춤 레시피는 상태,컨디션에 따라 달라질 수 있습니다.)가장 많이 팔려나가는 식품이기도하죠~기본 2종세트!! 저렴하게 사는 세트입니다.​ NC오프라인 티켓 소유자에 한해한정으로 5세트구성의 액션팩(545,600원)을 미리 구매할 수 있답니다.​내셔널콩그레스가 있는 달에는요런 특별한 쿠폰이 있는 분에 한해서액션팩 주문이 선주문 가능한 점참고하여주시고요~~(극히 제한적인 수량이라 양해부탁드리고요) ​👁 제너레이션50+ 5+1 = 601,500원 눈, 뇌, 심장 건강을 동시에 관리하는 중장년층 필수 영양!✔ 갱년기·시력관리·기억력 지원에 탁월보통 파워칵테일에 1-2포정도를함께타서 드시면 됩니다^^ ✨50대 이후, 달라진 몸의 밸런스를 위해 필요한 영양은 따로 있습니다✨나이가 들수록 몸의 흡수력과 에너지 대사는 자연스럽게 떨어지기 마련이에요.그래서 단순히 비타민 하나로는 부족하다고 느끼셨던 분들이 많죠. 💛 **독일 피엠(PM) 제너레이션 50+**는 특별히50세 이상 분들이 도움이 될만한것들로 설계된 프리미엄 복합 영양 밸런스 포뮬라로,하루 한 번 섭취만으로 눈 건강·혈행·피로·활력·호르몬 균형,뇌건강, 심장건강 골고루~~ 고려한 구성이 특징이에요. 지용성영양소들을 수용화해서 집합시켜놓은 놀라운 식품이라 가격대가 쫌 있습니다.​그래서 프로모션을 놓치면 넘넘 아쉬운~! 6개월을 꾸준히 드시는 분들이 눈이 특별히 편안한 느낌이 난다고 만힝 말씀 하시더라구요~​ 📦 구성 성분루테인 + 지아잔틴 : 나이 들며 흐려지는 시야 케어, 시력에 도움코엔자임Q10 + 오메가3 :혈행 개선과 에너지 순환 지원홍삼 : 활력과 면역력 밸런스 유지이소플라본 : 갱년기 이후 여성의 건강한 리듬을 위해🎁 5+1 특별구성 이벤트현재 제너레이션50+ 5박스를 구매하시면,정품 1박스를 추가로 증정받을 수 있는 특별 프로모션 중이에요!(총 6세트 / 601,500원)​ 독일피엠세라 건강은 ‘지금 챙길 때’가 가장 이익입니다.50대 이후의 삶을 활력 있게, 젊은 에너지로 채우세요​🌿 특히 눈건강 뇌건강 심장건강에도움을 주는 제너레이션50+!!50대 이후만 먹는게 아닙니다.컴퓨터작업, 야간 운전,밤늦게까지 일하는 3040 청년들미리미리 관리차원에서 먹음 훨씬 도움이 될 거에요^^ 🍎 젤슈츠 5+1 (오렌지/사과) = 303,000원항산화 & 세포 손상 보호!ACE 셀레늄과 자연 유래 성분 함유 🍊🍏✔ 맛있게 건강을 지키고 싶은 분들께 추천 일반적인 젤슈츠는 오렌지맛!어린이부터 어른까지 누구나부담없게 즐기면서도항산화영양소들이 꽉 찬맛있는 비타민쥬스!!​사과젤슈츠는 시즌한정판이라이제 품절되고나면내년 여름에 만날 수 있어요^^자세한 쓰임과 효능은전화문의하시는게 더 빠르시답니다.(010-5262-5923)​ ​🏃‍♀️ 피트니스드링크 5+1 = 296,000원전해질 균형, 체력 회복, 에너지 부스터⚡✔ 운동 전·후 섭취 / 특히 등산,골프할 때 지치지 않게 에너지활력 충전! ⛳ 물을 먹어도 자꾸 갈증나시는분!!몸이 자꾸 붓는 분!뭘먹어도 기운이 없으신분?빠르게 에너지충전이 필요하신분?땀이 자주 나시는 분?골프 자주 치시는 분? 피트니스드링크 강추드립니다!세일이 자주 없어여~~^^💛먹는 요령은 세라에게!!​ 🍋 C밸런스 5+1 – 272,400원혈당 균형, 체중조절에 도움 💛✔ 식사 전·후 섭취 추천 / 인슐린 저항 개선에 도움을 줍니다9년간 40억이상을 투자한 식품!이번에 혈당 재흡수가 덜되는세계특허를 받았습니다^^ ​정말 놀라운 회사이자!!대단한 식품입니다!!C밸런스는 가성비 진짜 짱!!​ ​💓 뮤노겐 5+1 = 367,500원혈관 확장, 산화질소 생성 촉진으로✔ 손발시림·정맥류·부정맥·뇌쪽 혈액순환 건강에 도움👉 요즘 가장 문의 많은 제품이에요!후기도 굉장히 많은 제품!!알고드시면 제대로 효과보실 수 있어요!!​💚 혈관이 젊어야 진짜 젊음이죠!오늘은 ‘혈관 에너지 보충제’ FitLine 뮤노겐(Munogen) 을 소개드릴게요. 뮤노겐은 산화질소(NO) 생성 전구체 L-아르기닌과 L-시트룰린(원어에표기)그리고 비타민 B군 복합체가 함유되어✨혈관을 부드럽게 확장하고 말초 순환을 개선하는 데 도움을 줍니다. ✔ 수족냉증, 손발 저림, 정맥순환 문제로 고민이신 분✔ 피로감이 심하거나 혈압 밸런스가 걱정되시는 분✔ 집중력·기억력 유지가 필요한 분께 특히 추천드려요.하루 한 번, 뮤노겐 2알로혈관을 깨워주는 루틴을 시작해보세요 🎁 지금 5+1 이벤트 진행 중 (367,500원)📞 문의: 독일피엠세라 010-5262-5923#독일피엠 #뮤노겐 #혈관건강 #L아르기닌 #산화질소 #피엠세라 #순환영양​뮤노겐은 한번만 드시는분은아마 없으실거에요~효과 보신분들은꾸준히 비상약처럼 항상 가지고 계시는 식품입니다~!!저도 놀랄 정도로 놀라운 일들이많이 일어난답니다.​ 🧊 피치 아이스티 액티바이즈 5+1 (한정) – 213,000원모세혈관 확장, 에너지 대사, 비타민 B·C 보충 🍑✔ 복숭아맛 한정판 / 여름에 이어 인기 지속 중!피치맛은 시원하게 진하게드시는게 조금더 맛있는거같아요^^복수아맛을 좋아하시는 분들이제 곧 마감입니다~!!​ 💚 독일피엠 신제품 ‘탑쉐이프(TopShape)’ 드디어 기다리던 식욕 컨트롤 & 체중 밸런스 관리 제품이 나왔어요! 자연유래 성분으로 부작용 걱정 없이, 식전 1~2시간 전 섭취만으로 배고픔을 현명하게 조절할 수 있는 제품이에요.​✔ 주요 성분비오틴: 지방·단백질·탄수화물 대사에 필수칼슘·아연: 에너지 대사와 세포 보호에 도움,인슐린작동에 도움9가지 식물유래 추출물 (쇠비름추출물, 여주, 커피열매, 생강, 녹차, 민들레 ,효모추출물등)​✔ 섭취 방법하루 2번, 식사 1~2시간 전 3캡슐 + 물 250ml꾸준히 14일 루틴으로 시작하면 체중변화와 식욕 조절 효과를 체감할 수 있어요.피엠3종과 단백질, 좋은 식이가 병행될 때좋은효과를 누리 실 수 있을거에요^^(탑쉐이프 섭취 - 기초제품을 같이 드시길 추천드려요)🌿 탑쉐이프 프로모션👉 5+1 세트 = 600,000원 (5개 구매시 한 통 무료 증정) 자연유래 성분으로 부작용 없이 식욕 억제,지속 가능한 건강한 식욕조절을 시작해보세요! 💬 10월 정품프로모션 문의 및 예약📞 세라 010-5262-5923필요하신 프로모션 제품있으시분분들은연락주세요~~🤍이번 10월, 내 몸의 밸런스를 지키는 건강 루틴은‘독일 피엠세라’와 함께 만들어가세요🌿지금바로 메시지 남겨주세요^^ ​제글이 도움이되셨다면공감과댓글도 부탁드려요^^https://open.kakao.com/o/sGnEfX8g 독일피엠전문가세라 프리미엄 독일피엠쥬스 정품으로 제대로 알고 드시고 싶으신 분? 1:1 건강상담으로 맞춤형 레시피를 짜드립니다. ""살리는 길이 살길이다"" 행복한 비즈니스 글로벌 독일피엠사업으로 경제적인 자유를 누리고 싶으신 분? 편하게 문의주세요~ (금요일저녁6시-토요일밤은 상담을 쉬오니 답변이 늦더라도 양해바랍니다) open.kakao.com ​​#독일피엠 #PM프로모션 #오토십 #뮤노겐 #C밸런스 #파워리스 #독일피엠세라 #PM건강루틴 #피엠오토십 #피엠이벤트 #피엠세라 #PM세라 #피엠주스 #독일PM건강",,010-5262-5923,,1,2,"#C밸런스, #L아르기닌, #PM건강루틴, #PM세라, #PM프로모션, #결혼식순서지, #독일PM건강, #독일피엠, #독일피엠경기, #독일피엠남양주, #독일피엠마석, #독일피엠사업, #독일피엠서울, #독일피엠세라, #독일피엠이글스, #독일피엠쥬스, #리스토레이트, #뮤노겐, #산화질소, #순환영양, #암웨이, #엑티바이즈, #오토십, #유사나, #파워리스, #파워칵테일, #피엠세라, #피엠오토십, #피엠이벤트, #피엠인터내셔널, #피엠주스, #혈관건강","https://ssl.pstatic.net/static/blog/profile/img_profile_preset_07.png, https://blogimgs.pstatic.net/nblog/mylog/post/btn_close5.gif, https://postfiles.pstatic.net/MjAyNTEwMjRfOTMg/MDAxNzYxMjM2MTAzMzUw.F9Z8E2rtXiiIRUwJHkeNj5CCE6zgYVhuepalw10_Dgog.YJgI5MQA_7ePxlEk45cxfgJ0zOUWrbT9XxesDs2Hq1cg.JPEG/%EA%B2%94%EB%A7%81%ED%95%8F_(11).JPG_blur, https://postfiles.pstatic.net/MjAyNTEwMjRfMTIw/MDAxNzYxMjM1MjI5MjY2.wBmfJqYqNyZ9oRFaJCIk3G2iD9NWhA29kjtxIWJQgfMg.4YwuB9rHnwK0yRhgArwjk0rN5OzoADO3qtRhno25KUEg.PNG/C%EB%B0%B8%EB%9F%B0%EC%8A%A4.png_blur, https://ssl.pstatic.net/static/blog/profile/img_profile_preset_06.png, https://search.pstatic.net/common/?src=http%3A%2F%2Fblogfiles.naver.net%2FMjAyNDA2MTJfMjkx%2FMDAxNzE4MTU1OTc1MjE5.h3VofuOxgzGbyqKVrpu8paRu-spybqhHyYyEOfDr_2Yg.k9de1XMPOfYdwxfxog2STSZGVZxce6Jzkjvl2zl7a14g.JPEG%2FScreenshot%25A3%25DF20240612%25A3%25DF100409%25A3%25DFNAVER.jpg&type=sc960_832, https://blogimgs.pstatic.net/nblog/mylog/post/btn_viewexif.gif, https://search.pstatic.net/common/?src=http%3A%2F%2Fblogfiles.naver.net%2FMjAyMjExMDdfMTc3%2FMDAxNjY3ODAzMDkxMzkw.rdpPQNAVUwW1RHztwABPVAYsMMQn1bPKMYxAojQPaWcg.fGWaduBn2WiWbMpHcU3oQVvDb0GZopLzVTEzi90VDxsg.JPEG.rhkd9279%2FBandPhoto_2022_11_07_15_30_59.jpg&type=sc960_832, https://search.pstatic.net/common/?src=http%3A%2F%2Fblogfiles.naver.net%2FMjAyMzAzMDVfMTc2%2FMDAxNjc4MDI1NDQ5NTYw.w8mMrmxQC1pmfvtGcbSIjX2znC5QjN0vnLT95q6FXzog.lsldbyJd-ka84AdZNu-AdzXzBxdFePI1-7IO_UXKy_cg.JPEG.lovebk0502%2F1678025415421.jpg&type=sc960_832, https://blogimgs.pstatic.net/static/common/popup/btn_close3.gif",https://www.youtube.com/embed/2rxXbaTujzM?feature=oembed,2025-11-07 15:12:57
naver_blog,224062629708,soyong486,https://blog.naver.com/soyong486/224062629708,피엠인터내셔널 액션팩 할인 행사 [파워칵테일5+리스토레이트5],"💥 11월 한정! FitLine 액션팩 대폭 할인 이벤트 🔥​파워칵테일 5개 + 리스토레이트 5개₩545,600 피엠인터내셔널 액션팩 파워칵테일 5개 + 리스토레이트 5개 파워칵테일 10개 + 리스토레이트 10개 구매시파워칵테일 본품 2개 + 리스토레이트 본품 2개₩1,091,200 피엠인터내셔널 7주년 기념 행사 액션팩 총 12세트 ​건강 루틴과 비즈니스 기회, 두 마리 토끼를 잡는 단 한 달의 기회! ​​👋 안녕하세요!​건강과 기회를 연결하는 라이프 디자이너, 조이그룹 이소용입니다 매년 PM-International 에서는 11월이 되면 특별한 혜택을 제공합니다.바로, 오토십(정기구독) 회원만이 누릴 수 있는 “액션팩 프로모션”입니다.​ 피엠인터내셔널 부산 조이그룹 이소용 ​​🎁 액션팩 구성 & 혜택 안내이번 11월 한 달 동안, 아래 구성의 액션팩을 파격적인 가격으로 만나보세요.✅ 구매 조건: 오토십(정기구독) 가입 소비자 또는 사업자만 해당 피엠인터내셔널 오토십의 핵심 3가지 – 똑똑한 소비와 사업자의 전략[조이그룹] 안녕하세요 피엠인터내셔널 조이그룹 팀리더 이소용 입니다. 피엠인터내셔널 제품을 꾸준히 사용하거나 비... m.blog.naver.com ​✅ 판매 기간: 2025년 11월 1일 ~ 11월 30일 (조기 마감 가능)✅ 신청 방법: 하단 안내 또는 카카오톡 문의 피엠인터내셔널 부산 조이그룹 이소용 카카오톡으로 대화하기 ​ ​ 💪 파워칵테일 & 리스토레이트가 만들어주는 루틴의 차이 🌞 파워칵테일(PowerCocktail,아침,낮시간) • 활력과 에너지를 끌어올리는 비타민 B군,베타카로틴,셀레늄,비타민C, 비타민E,유산균,식이섬유,과일추출물, 폴리페놀 함유 • 집중력과 체력 보완에 도움 • 하루 한 잔으로 하루를 활기차게​🌙 리스토레이트(Restorate,식사 후,저녁,밤시간) • 마그네슘, 칼슘, 아연, 비타민 D 등 필수 미네랄 공급 • 근육 회복, 피로 회복, 수면에 도움 • 하루 한 잔으로 다음날이 달라지는 회복 루틴​ ​​💼 사업자에게는 ‘기회’, 소비자에게는 ‘혜택’✨ 소비자에게 • 평소보다 훨씬 저렴한 정가 대비 약 45% 절약 • 꾸준히 섭취할 수 있는 루틴 확보 • 배송 걱정 NO – 본사 직배송 편리하게!​💼 사업자에게 • 체험용·선물용으로 활용 가능 • 비즈니스 초기 구성품으로 추천 • “내가 먼저 써본 진짜 후기”로 신뢰도 상승​ ​​🚀 11월에 꼭 신청해야 하는 이유1️⃣ 하반기 한 번뿐인 액션팩 할인(내년 5월 예상)2️⃣ 정기구독 회원만의 독점 혜택3️⃣ 건강 루틴 + 비즈니스 루틴 동시 구축4️⃣ 팀원 모집 · 체험용 활용도 만점5️⃣ 재고 소진시 종료 ​🕒 수량 한정 / 11월 마감 / 선착순 배송 ​📞 주문 및 상담 방법​지금 바로 아래 방법으로 문의 주세요.1️⃣ 카카오톡 [@soyong486] 메시지 보내기2️⃣ “액션팩 주문 원해요” 라고 남겨주세요​✨ 마무리하며11월은 건강과 기회를 동시에 잡을 수 있는 달입니다.FitLine 액션팩 12세트로 나의 루틴을 완성하고,저희팀과 함께 더 건강하고 에너지 넘치는 2026년을 준비하세요.​⬇️ 사진 클릭-자동 전화 연결 피엠인터내셔널 부산 조이그룹 이소용 ​ “피엠인터내셔널 정기구독(오토십 ABO), 비즈니스 성장의 핵심! PM 오토십으로 자동 수익 루틴 만들기” 안녕하세요, 조이그룹 리더 이소용입니다 😊 오늘은 저와 함께 피엠인터내셔널 비즈니스의 핵심 시스템, ... m.blog.naver.com",,,,1,0,#태그,"https://blogimgs.pstatic.net/nblog/mylog/post/btn_confirm.gif, https://ssl.pstatic.net/static/blog/profile/img_profile_preset_07.png, https://ssl.pstatic.net/static/blog/profile/img_profile_preset_01.png, https://ssl.pstatic.net/static/blog/img_ani_blogid2.gif, https://blogpfthumb-phinf.pstatic.net/MjAyNDA4MTBfMjgx/MDAxNzIzMjQ3NTY0MjU1.MRAyZUGCj41WVMe8C_dCp7XAWTd1dDNMuyPLIyfiq4Mg.58m_qK_GgEgiy4DANMatCgt9HbnWNlm-LaPFwFBtkYQg.PNG/profileImage.png, https://postfiles.pstatic.net/MjAyNTExMDNfMzQg/MDAxNzYyMDk2MDM0MTk5.Ui0m-1yiQneui-FRVTDyqfShfZ7B9qpI8T2ch2PMWtEg._X9NR2kWZCJbDcbtR2-GT07rIYitEMcOsobTPCTY8Fgg.JPEG/SE-CD4A245F-6658-4BCB-999C-805A2FDB3F3A.jpg, https://ssl.pstatic.net/static/blog/profile/img_profile_preset_08.png, https://blogimgs.pstatic.net/nblog/quickeditor/btn_qk_set.gif, https://storep-phinf.pstatic.net/ogq_5c7a4110e1762/original_6.png_100, https://blogimgs.pstatic.net/nblog/mylog/post/btn_close5.gif",,2025-11-07 15:13:03
naver_blog,224055858028,mk2382,https://blog.naver.com/mk2382/224055858028,독일피엠인터내셔널 한국 7주년 프로모션 액티바이즈 증정,"​​안녕하세요^^대구에 거주하면서 전 세계, 전국을 무대로사업하고 있는 독일피엠 이미경입니다. 피엠인터내셔널은 설립한지 32년 차, 한국에 진출한지는 7년이 되었습니다.한국에 진출한지 5년 차에 전 세계 1위 매출을기록하면서 유럽인들이 묻습니다.​​ 한국은 네트워크 편견이 없는 나라니? 그러자 한국 피엠사업자들이 이야기를 하죠.“무슨 소리야? 네트워크 선입견으로 보상 체계도 35프로만 받아!”네 이처럼 한국인들의 근성은 세계적으로도 뛰어나고제품력이 받쳐주기 때문입니다. 이러한 이유로 피엠인터내셔널 CEO 롤프소르그회장님께서는 한국에 애착이 많으시고 특별히 한국에만 7주년 프로모션으로 신규로 오토십 구독하시는 분들께 액티바이즈 1통을 제공하고 있습니다.​​​ 🇩🇪 프로모션 대상(10월 15일~ 11월 14일)신규 회원가입 후 오토십 구독자이전 회원가입 후 오토십 구독한 적이없는 분 ​​ ​​건강기능식품 오토십 정기구독으로 건강도 챙기시고액티바이즈 1통도 선물로 받으세요‼️​​​구독 문의 📲 01093902382​ 함께 읽으면 좋은 글 독일피엠 공식 사이트 무료회원 가입하는 방법은❓ 안녕하세요^^ 대구에서 거주하고 있지만, 전 세계, 전국을 무대로 독일피엠사업을 열정적으로 하고 있는 이... m.blog.naver.com ​​#독일피엠주스#독일피엠인터내셔널#액티바이즈#한국7주년프로모션​​",,010-9390-2382,,4,1,"#tag, #독일피엠인터내셔널, #독일피엠주스, #액티바이즈, #한국7주년프로모션","https://blogimgs.pstatic.net/nblog/mylog/post/btn_confirm.gif, https://ssl.pstatic.net/static/blog/profile/img_profile_preset_07.png, https://ssl.pstatic.net/static/blog/profile/img_profile_preset_01.png, https://ssl.pstatic.net/static/blog/img_ani_blogid2.gif, https://storep-phinf.pstatic.net/motion2d_01/original_10.png_100, https://dthumb-phinf.pstatic.net/?src=%22https%3A%2F%2Fblogthumb.pstatic.net%2FMjAyNTAyMTZfMjYy%2FMDAxNzM5NjY5MjQ0MTMx.XxvmchFjZtVGHkvlUqNKI-FJ-4QD6LC60pIgFOotSTsg.sbHroc2f6hErej56bI3gc0Ce7iUtCNmRrpzUwhZSBtQg.JPEG%2FIMG_6696.JPG%3Ftype%3Dw2%22&type=ff500_300, https://ssl.pstatic.net/static/blog/profile/img_profile_preset_08.png, https://blogimgs.pstatic.net/nblog/quickeditor/btn_qk_set.gif, https://blogimgs.pstatic.net/nblog/mylog/post/btn_close5.gif, https://postfiles.pstatic.net/MjAyNTEwMjdfMTcy/MDAxNzYxNTc1MDQ3NjE1.o5-DZ6_jdgO0BJgBrSlzW41U_Gj_RolVKc8SHQ2bb9sg.ztKfH6dCI_xkKmly-gZEbHIk7fZVO5MbwijcDuRzRl0g.JPEG/IMG%EF%BC%BF4823.JPG_blur",,2025-11-07 15:13:09
naver_blog,224030264431,serysery-,https://blog.naver.com/serysery-/224030264431,"피엠 인터내셔널(PM-International), 글로벌 헬스케어 기업의 신뢰성은?","1. 피엠 인터내셔널, 어떤 회사인가? ​ 세계적인 기업 피엠인터내셔널 ​-피엠 인터내셔널(PM-International AG)-은 1993년 독일에서 설립된 글로벌 건강보조식품·화장품 기업입니다.본사는 룩셈부르크에 있으며, 세계 40여 개국 이상에서 활동하고 있습니다.대표 브랜드로는 FitLine(피트라인) 시리즈가 있는데, 이 브랜드는 피엠주스를 포함해 다양한 영양보충제와 건강관리 제품을 포함합니다.회사는 단순히 판매만 하는 것이 아니라, 영양학, 의학, 스포츠 과학 분야의 전문가들과 협력하여 제품을 연구·개발하는 것으로 알려져 있습니다.​ 피엠인터내셔널 각국 상황 2. 글로벌 성과와 입지 연 매출 수조 원 규모 : 2023년 기준으로 매출 30억 달러 이상 달성세계 직접판매 협회(WFDSA) 등록 기업 : 합법적인 네트워크 마케팅 회사로 공식 인증독일에서 가장 혁신적인 기업 TOP 100에 여러 차례 선정스포츠 후원 기업 : 독일 국가대표 선수단을 포함해 다양한 프로 스포츠 팀과 협력특히 스포츠 뉴트리션(운동 영양학) 분야에서 강점을 보이고 있어, 프로 운동선수들이 FitLine 제품을 사용하는 경우도 많습니다.​ 피엠인터내셔널 독일 브랜드 어워드 수상 ​ 3. 신뢰성 포인트 ​① GMP & ISO 인증피엠 인터내셔널은 GMP(우수제조관리기준)와 ISO 품질 인증을 받은 시설에서 제품을 생산합니다.즉, 단순한 건강식품이 아니라 제약 수준의 관리 기준을 적용한다는 의미입니다.​② 연구 중심 기업독일과 룩셈부르크에 자체 연구소를 운영하고 있으며, 의학·영양학 박사들과 협업해 제품을 개발합니다.피엠 제품에는 “마이크로솔루션(MicroSolve®)”이라는 독자적인 흡수 기술이 적용되어 체내 흡수율을 높였다는 점이 강조됩니다.​③ 사회공헌 활동PM-International은 단순히 이익만 추구하는 회사가 아니라, World Vision(월드비전)과 파트너십을 맺고 아동 후원 프로젝트를 진행 중입니다.현재 5천 명 이상의 아이들을 장기적으로 후원하고 있다고 발표했습니다.​​ 피엠인터내셔널 제품 역량 4. 네트워크 마케팅 구조, 어떻게 볼까? 많은 사람들이 “다단계”라는 단어에 거부감을 갖습니다.저 역시 처음엔 그랬습니다.하지만 피엠 인터내셔널은 합법적인 직접판매 협회에 등록된 회사이며, 광고 대신 소비자가 직접 체험한 경험을 공유하는 방식으로 사업을 운영합니다.이 구조가 단점처럼 보일 수 있지만,광고비 대신 소비자 혜택으로 돌아가는 구조사용자가 곧 브랜드 홍보대사 역할을 하는 구조라는 점에서 보면 긍정적인 면도 있습니다.​ 피엠인터내셔널 수상 이력 5. 개인적으로 느낀 신뢰성 저도 피엠주스를 접하기 전까지는 “다단계 회사”라는 선입견이 있었습니다.그런데 기업 배경을 조사하고, 실제로 제품을 사용하면서 생각이 바뀌었습니다.전 세계에서 오랜 기간 활동해온 점품질 인증 및 연구 기반의 제품 개발사회공헌 활동까지 하고 있다는 점이 부분들을 보니 단순히 “다단계 회사”라 치부하기엔 아깝다는 생각이 들었습니다.실제로 제품을 경험해본 제 입장에서는, “신뢰할 만한 글로벌 헬스케어 기업”이라는 표현이 더 어울린다고 느꼈습니다. 결론 피엠 인터내셔널(PM-International)은 흔히 “다단계 회사”라는 이미지로만 소비되지만,글로벌 40개국 이상 진출연구 기반의 건강보조식품 개발GMP, ISO 인증으로 품질 관리월드비전 등 사회공헌 활동이런 요소들을 종합해 보면, 단순한 MLM 기업을 넘어 글로벌 헬스케어 브랜드라고 할 수 있습니다.소비자는 무리한 수익 기대보다는, 제품 품질과 건강관리 효과에 집중한다면 충분히 긍정적인 경험을 할 수 있을 것입니다.​​​​​※피엠 제품에 대해 궁금하시거나 관심 있으신 분은 연락 주세요. 정성껏 도와드리겠습니다. 추천인 가입하셔서 오토십 신청하시면 선물을 드립니다!!​​네이버 폼피엠 제품 문의 - 네이버 폼 피엠 제품 문의 네이버 폼 설문에 바로 참여해 보세요. form.naver.com ​​2. 네이버 톡톡 궁금할 땐 네이버 톡톡하세요! ​​3. 카카오톡 오픈채팅https://open.kakao.com/o/s8k8xIUh 독일 PM 주스 문의 독일에서 온 피엠주스에 대해 관심 있으신분 궁금한 점이 있느데 물어볼 곳이 없으신 분 환영합니다!! open.kakao.com ​​​",,,,1,8,"#FITLINE, #PMINTERNATIONAL, #건강관리, #건강보조식품, #글로벌헬스케어기업, #부업추천, #영양제추천, #태그, #피엠신뢰성, #피엠인터내셔널, #피엠주스, #피엠후기","https://blogimgs.pstatic.net/nblog/mylog/post/btn_confirm.gif, https://ssl.pstatic.net/static/blog/profile/img_profile_preset_07.png, https://ssl.pstatic.net/static/blog/profile/img_profile_preset_01.png, https://ssl.pstatic.net/static/blog/img_ani_blogid2.gif, https://postfiles.pstatic.net/MjAyNTEwMDZfMjE1/MDAxNzU5NzYxODY4Mzk2.SZ6KwE73GPrcC4LCBhPmuVssiAuOGK6YBKqlCn13jT8g.fRWYnMgkNtMPSrCRC7ndeeyX664cpd6QDK9tUGjZm-sg.PNG/%BC%D2%BA%F1%C0%DA%B0%A1.PNG, https://dthumb-phinf.pstatic.net/?src=%22https%3A%2F%2Fiopen.kakaocdn.net%2Fimg%2Fog%2Fv2%2Fko_scrap_sv_003.png%22&type=ff500_300, https://ssl.pstatic.net/static/blog/profile/img_profile_preset_08.png, https://blogimgs.pstatic.net/nblog/quickeditor/btn_qk_set.gif, https://blogimgs.pstatic.net/nblog/mylog/post/btn_close5.gif, https://postfiles.pstatic.net/MjAyNTEwMDNfMjM4/MDAxNzU5NDIyMzk4ODU5.ryZpaZn5z28s--5HvdTj3nndLrqI7yaNev3lmJ2QCx4g.BUMi_PyKwwF3tnyYBzsg3DaoHiaUjrQpiYT0psgVdj8g.PNG/d2.PNG",,2025-11-07 15:13:21
naver_blog,224061097887,cheina2,https://blog.naver.com/cheina2/224061097887,"피엠인터내셔널코리아의 비밀, 전 세계가 사랑한 올인원 주스","​안녕하세요 🌿피엠비즈니스 6년차, 식품영양 전공자 채이나입니다.​요즘 피엠인터내셔널코리아 고객분들 사이에서 가장 뜨거운 화제는 바로 7주년 파격 행사! 🎉 피엠인터내셔널코리아 11월 액션팩 프로모션 행사 이번 프로모션은 단순한 이벤트 수준이 아닌정말 “이 시기를 기다린 분들만 누릴 수 있는 선물”에 가까운 프로모션인데요!​저도 피엠을 오래 함께 해왔지만,이 정도 규모의 혜택은 처음입니다. ​그래서 오늘은 피엠인터내셔널코리아의7주년 이벤트 소식과 함께, 전 세계적으로 사랑받는 올인원주스의 비밀을 알려드릴게요 해운대독일피엠 010.5595.7239 ​🎁 지금이 아니면 놓치는 7주년 파격 혜택​올해는 피엠인터내셔널코리아가 국내 진출 7주년을 맞이했습니다.​그동안 피엠을 아껴주신 분들께 정말 놀라운 규모의 고객 감사 이벤트를 준비했는데요. 독일피엠 11월 7주년 액션팩 행사 ​피엠을 처음 접하신 분들은 물론,이미 꾸준히 이용 중이신 분들도 절대 놓칠수 없는 혜택이니 오늘 포스팅끝까지 보시기 바랍니다^^ ​파워칵테일+리스톨레이트총 12set구성 = 1,090,000원한 셋트당 90830원 꼴?!!!!정말 믿을 수 없는 프로모션 입니다.​ 피엠인터내셔널코리아 파워칵테일 행사 할인 ​​아니, 이 엄청난 프로모션이 진행되는 배경을 한 번 볼까요?💧 한 잔으로 완성되는 영양 밸런스독일피엠 올인원 주스​많은 분들이 피엠을 찾는 이유 중 하나는단연코 이 올인원 주스 때문이에요.​비타민, 미네랄, 식물 영양소 등우리 몸에 꼭 필요한 성분들을 과학적으로 배합해 한 잔에 모두 담은 말 그대로 ‘건강 농축 엑기스’이죠. 피엠인터내셔널코리아 파워칵테일 할인행사​ ​​매일 아침 한 잔이면 복잡한 영양제 챙길 필요 없이 활력이 다르다는 후기,정말 많은데요!​야채 과일 몇 가지만 넣어 갈아 먹으려 해도바쁜 아침엔 몇 번 해먹다가 포기하게 되는데​피엠인터내셔널코리아의 파워칵테일은이 모든문제를 한 방에 해결해 준답니다. 피엠인터내셔널 올인원주스 아침 파워칵테일 아휴~ 이 많은 걸 갈아먹으려면 비용은 또 얼마인가요?!! ​그래서 전 이 주스를 '아침 활력주스’라 불러요저희 온가족 아침식사는 이걸로 해결하거든요 그럼 이렇게 유명해진 이유가 뭔지 한 번 살펴보도록 해요🌍 전 세계가 선택한 이유​피엠인터내셔널은 독일 본사에서 시작된글로벌 웰니스 브랜드로, 현재 70개국 이상에서 사랑받고 있습니다.피엠의 철학은 아주 단순한데요,‘과학으로 건강을 설계하고, 진심으로 신뢰를 쌓는다.’​​ 피엠인터내셔널 독일pm ​엄격한 품질 관리와 투명한 유통 덕분에누구나 안심하고 섭취할 수 있습니다.​건강을 다루는 브랜드라면 당연히 지켜야 할 기본을 피엠은 한결같이 지켜왔어요.​32년 된 글로벌 웰니스브랜드국내 상륙한지는 7년차..고속성장을 멈추지 않는 독일피엠입니다^^ 피엠인터내셔널 롤프소르그 회장 ceo https://blog.naver.com/cheina2/224044631504 피엠인터내셔널 코리아 회원가입 시 반드시 알아야 할 주의사항 3가지 반갑습니다♡ 피엠비즈니스 6년차 식품영양학을 전공한 해운대독일피엠 채이나입니다 피엠인터내셔널 회원... blog.naver.com 🌿 건강은 습관에서 시작...​피엠은 단순히 제품 판매를 넘어서건강한 삶의 습관을 제안하는 웰니스 파트너라고 보시는게 맞을 것 같아요.​매일 아침 파워칵테일로 하루를 열면몸이 가볍고 머리가 맑아지는 그 차이를 금세 느낄 수 있습니다.​https://blog.naver.com/cheina2/224034098431 피엠인터내셔널 파워칵테일이 장 건강에 좋은 5가지 이유 명절 연휴 잘 보내고 계신가요? 5년 넘게 독일피엠 전문가로 활동하는 해운대독일피엠 채이나입니다~ (상담... blog.naver.com ​이건 단순한 체감이 아니라, 실제로 배변이 편해지고, 에너지를 얻게되며,풍부한 식이섬유로 기분좋은 포만감까지 더해지지요. 이러다보니 꾸준히 섭취로 이어지고결과적으로 건강 루틴을 얻게 되었네요! 독일피엠 파워칵테일 올인원 아침주스 ​✨ 절대 놓치면 안되는독일피엠 7주년 프로모션​지금 피엠인터내셔널코리아 7주년 이벤트는브랜드 역사상 가장 큰 규모의 혜택입니다.​ 7주년 독일피엠 파격 할인 이벤트 단,,,유의사항이 있습니다.날짜를 다르게해서 주문하시면 프로모션에 해당되지 않습니다. 같은 날, 같은 코드로 한 번에 원하는 수량을 주문하셔야 해요! 주문 한 껀당-프로모션 제공이므로껀 당 합산되지 않음을 명심하세요!​고로 월초에 한 번 주문, 행사 종료 전 한 번 더 주문은주문번호가 달라( 합산되지 않으므로) 프로모션 상품을 받을 수 없어요! 꼬옥 담당에게 문의하세요! 독일피엠 전문가집단 해운대pm블로거 ​​건강도, 선물도, 타이밍도 모두 한 번에 잡을 수 있는 지금!이 기회를 절대 놓치지 마세요. 이상 피엠인터내셔널코리아의 비밀, 전 세계가 사랑한 올인원 주스에 대한 포스팅을 마치도록 하겠습니다.​24시간 담당자 없이 바로 주문 원하시는 분은​1) 아래링크 클릭-상단 로그인-회원가입 진행 후(추천인코드: 8367534 최*영)-오토십(정기구매)약정 하신 후-promotion 제품구입 하실 수 있습니다.​2)큐알코드로 바로 회원가입하세요. ​​https://blog.naver.com/cheina2/224049218790 [최초 이벤트] 독일pm쥬스 오토십하면 액티바이즈 1개 공짜! 역대급 혜택 캬!....... 하늘은 드높고 공기는 상쾌하기 그지 없습니다~~ 그렇게 끝날 것 같지 않던 더위가 한 풀 꺾이... blog.naver.com ​3)바로 아래이미지 클릭하셔서 문의하시면 전화연결됩니다. T. 010.5595.7239 해운대독일피엠 부산 채이나 ​",,,,6,0,"#파워칵테일, #파워칵테일할인, #피엠인터내셔널, #피엠인터내셔널코리아","https://postfiles.pstatic.net/MjAyNTExMDFfMTUg/MDAxNzYxOTczMjE0Nzkz.DQqjWB7Sx4MFvogocACFL0gueHbFRL7RpKll69tpEtIg.zzhobN_rG7COtKzKxSXAdnV5IPPK2ucAjvgHxaTJsQYg.JPEG/SE-9760df63-722e-4d8f-a87a-9534b5d2131f.jpg_blur, https://blogimgs.pstatic.net/nblog/mylog/post/btn_confirm.gif, https://ssl.pstatic.net/static/blog/profile/img_profile_preset_07.png, https://ssl.pstatic.net/static/blog/profile/img_profile_preset_01.png, https://ssl.pstatic.net/static/blog/img_ani_blogid2.gif, https://ssl.pstatic.net/static/blog/profile/img_profile_preset_08.png, https://blogimgs.pstatic.net/nblog/quickeditor/btn_qk_set.gif, https://blogimgs.pstatic.net/nblog/mylog/post/btn_close5.gif, https://postfiles.pstatic.net/MjAyNTExMDFfMjE5/MDAxNzYxOTc0OTkwMzUz.tBhaRwLBEG3f-62h7gvi6x5UTKKYJU_OwZmHuA82-aUg.7_DsYQ2p7flDE4i9H7zOT6B786Omb16clDhBtb-ZVAMg.JPEG/SE-22dbf01a-0c7d-44ca-af56-b156a0d598f3.jpg_blur, https://storep-phinf.pstatic.net/ogq_5c438b1a7f6ce/original_6.png_100",,2025-11-07 15:13:33
naver_blog,223466892654,bbiyou,https://blog.naver.com/bbiyou/223466892654,"혼자 유럽 스페인 마드리드 여행 준비, 피엠 인터내셔널 2024 IMM 인센티브","​안녕하세요? 영상으로 기록하는 파워J 모험가, 국내 및 해외여행 전문 크리에이터 봉피디 입니다 ​오늘은 아이없이 혼자 떠나는 유럽 스페인 마드리드 여행 준비입니다​ ​​독일 피엠인터내셔날2024 IMM 인센티브 & 월드 매니지먼트 콩그레스​놀러 가는 건 아니고, 세미나 일정있어서 가는거. 회사가 독일 브랜드라 유럽으로 가게 됩니다. ​​ 조이그룹 손서영 대표님과 함께 독일에서 2023년 ​최종 종착지는 독일 베를린이지만 원하는 코스를 선택하여 갈 수 있어요. ​프랑스, 스페인은 꿈리스트 였는데PM이 이뤄주네요 :) ​​ 자기경영 연구소 3P 바인더 강규형 대표님과 ​ 작년엔 주로 동유럽 코스를 갔고, 올해는 서유럽으로 선택 스페인 마드리드에 가게되었어요. ​아무래도 서유럽은 독일과의 거리 때문 일지 일정이 짧은 편입니다. ​​ ​6월 12월 최소 2번은 가게되고독일 세미나 앞뒤로 유럽을 투어하는인센티브​많은 분들이 이 보상을 보고 정말 좋겠다는 말씀을 많이 하셨다죠 ​​ ​저도 22년 7월말 PM을 시작하여 독일, 남프랑스, 체코프라하, 미국 라스베가스 뿐 아니라, 모로코등 4번의 여행을 다녀왔네요​​ 0초 0초 광고 후 계속됩니다. 다음 동영상 subject author 취소 2023 리더십 컨벤션 (피엠 인터내셔널) 재생 20 좋아요 0 좋아요 공유하기 재생 (space/k) 재생 03:52 0:00:00 재생 (space/k) 재생 음소거 (m) 음소거 00:00 / 03:52 실시간 설정 전체 화면 (f) 해상도 HD 720p 자막 사용 안함 재생 속도 1.0x (기본) 해상도 720p HD 480p 270p 144p 자막 설정 사용 안함 옵션 글자 크기 배경색 재생 속도 0.5x 1.0x (기본) 1.5x 2.0x 죄송합니다. 문제가 발생했습니다. 다시 시도해 주세요. 도움말 음소거 상태입니다. 도움말 라이센스 고화질 재생이 가능한 영상입니다. 설정에서 해상도를 변경해보세요. 더 알아보기 00:00 접기/펴기2023 리더십 컨벤션 (피엠 인터내셔널)2023 리더십 컨벤션 (피엠 인터내셔널) 피엠 인터내셔널 공식 채널에 올라온 영상, 조이그룹 봉피엠 우리팀 지분 많아요 😍 ​​ PT 인정식, 라스베가스에서 조이그룹 리더님들과 함께, ​ 아이와 남편없이 결혼 10년만에 동남아로만 가다가 버킷리스트인 유럽을 친구들과 함께가니 이렇게 좋을수가​​ 10년지기 워니토퍼랑, 남프랑스 광장에서 에소 한잔! ​​ ​로마나 바르셀로나, 영국 런던이가고싶었지만 T.T ​이번엔 스페인 마드리드 » 베를린으로 여기서 다시 » 프랑크푸르트로 이동하는일정​ 빡씨다. 런던가고 싶었는데ﻭ​ ​미팅 장소는인천공항 제2터미널 3층 C카운터앞 6월 4일, 오전 7시반 미팅 ​인천 to 마드리드 대한항공 KE913 9시 55분 출발, 저녁 6시 도착 비행시간 15시간 5분 하아.... 𐌅𐨛𐌅𐨛​ 0초 0초 광고 후 계속됩니다. 다음 동영상 subject author 취소 2024 월드 매니지먼트 콩그레스 재생 11 좋아요 0 좋아요 공유하기 재생 (space/k) 재생 01:51 0:00:00 재생 (space/k) 재생 음소거 (m) 음소거 00:00 / 01:51 실시간 설정 전체 화면 (f) 해상도 HD 720p 자막 사용 안함 재생 속도 1.0x (기본) 해상도 720p HD 480p 270p 144p 자막 설정 사용 안함 옵션 글자 크기 배경색 재생 속도 0.5x 1.0x (기본) 1.5x 2.0x 죄송합니다. 문제가 발생했습니다. 다시 시도해 주세요. 도움말 음소거 상태입니다. 도움말 라이센스 고화질 재생이 가능한 영상입니다. 설정에서 해상도를 변경해보세요. 더 알아보기 00:00 접기/펴기2024 월드 매니지먼트 콩그레스 2024 월드 매니지먼트 콩그레스 본사 공식채널에 올라온, 보상여행 영상 ​ 관광지, 숙소 및 현지 정보 요약 ​​ 스페인 마드리드 시차 -7시간 화폐 유로 환율 언어 스페인어 대중교통 버스와 지하철 날씨 최고 15.7 최저 24.2 항공 14시간 비자 대한민국 여권 소지자 90일 무비자 체류가능 전압 230v 어댑터 불필요 ​ 마드리드 6월 날씨 최저기온15.1 최고기온26.9평균강수량 25mm 강수일 7.0일​마드리드의 6월 평균 최저기온 15.1℃, 최고기온 26.9℃로 우리나라 5~6월의 날씨를 보입니다. ​일교차는 평균 12℃로 다소 큰 편이며, 우리나라 5~6월 날씨와 비슷하므로 다소 큰 일교차에 대비하여 옷을 챙기는 것이 좋습니다.​​ ​Day26/5 수 마드리드 톨레도 관광​1) 톨레도2) 그린비아 거리3) 알무데나 대성당​톨레도와 마드리드의 그린비아 거리, 알무데나 대성당 세 곳 모두 스페인을 방문하는 관광객들에게 인기 있는 명소 라고합니다.​​ ​Day3세고비아 알카사르, 대성당, 시내 등 세고비아 관광​​ 1일차 6/4 [화] 인천 » 마드리드 Time 스케줄 07:30 인천공항 미팅 09:55 인천공항 출발 18:00 마드리드 도착 21:00 호텔체크인 휴 휴식 (자유식) ​ 2일차 6/5 [수] 마드리드 Time 스케줄 07:00 조식 (호텔식) 09:00 가이드 미팅, 버스탑승 ​ 마드리드, 콜레도 관광중식 : 자유식 18:00 석식 후 호텔 휴식 석식 : 현지식 PMIK 제공 ​ 3일차 6/6 [목] 마드리드 Time 스케줄 07:00 조식 (호텔식) 09:00 가이드 미팅, 버스탑승 ​ 세고비아 관광 & 아울렛 쇼핑 중식 : 자유식 18:00 석식 후 호텔 휴식 석식 : 한식 PMIK 제공 ​​ 숙소 멜리아 카스티야 호텔 (Melia Castilla madrid) ​쿠스코 지하철역에서 도보 6 분 거리현대적인 고층 호텔 Melia Castilla madrid Hotel​ 대리석 조각상과 분수가있는 시벨레스 광장에서 6km 거리​​ ​대리석 욕실이 딸린 우아한 객실에 미니 바, 평면 TV, 무료 Wi-Fi​ ​업그레이드 객실 투숙 시, 조식과 저녁음료가 제공되는 라운지 이용가능​​ ​야외 식사가 가능한 정원 테마의식당을 비롯한 레스토랑 3 곳, 세련된 라운지 카페, 풀 사이드 바가 있습니다. ​​ ​야외 수영장, 헬스장, 비즈니스 센터, 회의실 33 곳이 있고, 공항 셔틀은 유료로 이용할 수 있습니다.​ C. del Poeta Joan Maragall, 43 C. del Poeta Joan Maragall, 43, Tetuán, 28020 Madrid, 스페인 ​6월 2일~4일에 구글기준 ₩500,512 정도, 1박당 5-60만원정도 하는 4성급 호텔 ​* 요기 3박 하네요! 조식과 위치에대한 평이 좋은 숙소입니다. ​ 독일 베를린 시차 -7시간 화폐 유로 환율 언어 독일어, 영어 대중교통 버스와 지하철, 트램 날씨 최고 12.3, 최저 21.6 항공 12시간 비자 대한민국 여권 소지자 90일 무비자 체류가능 전압 220v 어댑터 불필요 ​ 독일 베를린 6월 날씨 최저기온12.3 최고기온21.6평균강수량 68.7mm 평균강수일 9.8일​베를린의 6월은 우리나라 5월의 날씨와 비슷합니다. 일교차는 평균 9.3℃​옷차림 정보우리나라 5월과 비슷하므로 이에 맞는 옷차림을 준비해가시는 것이 좋습니다​​ Hampton by Hilton Berlin City Centre Alexanderplatz Otto-Braun-Straße 69, 10178 Berlin, 독일 ​​햄프턴 바이 힐튼 베를린 시티 센터 알렉산더 플라츠​Hampton by Hilton Berlin City Centre Alexanderplatz​​ ​햄프턴 바이 힐튼 베를린 시티 센터 알렉산더 플라츠 호텔은 도보 거리에 베를린 대성당과 많은 레스토랑이 있다고 해요​​ ​ 길 건너편에 트램 정류장 있고 베를린 Alexanderplatz Bahhnhof 기차역이 걸어서 10분 거리에 있고요.​테겔 공항과 Schönefeld 공항은 40분 거리. WiFi, 조식, 피트니스 센터 이용 및 지역 셔틀 포함​​ 4일차 6/7 [금] 마드리드 » 베를린 Time 스케줄 08:00 조식 및 체크아웃 ( 호텔식, 행사복장 착용) ​ 마드리드 바라하스 공항 이동 11:40 마드리드 출발 이베리아 항공 IB3678 14:45 베를린 도착, 행사장 이동 ( 자유식 ) 17:00 World management Congress 2024 (자유식)WMC 2024 행사 시작 :2024 345월 신규 imm vp evp 직급 달성자 직급 인정식 진행 ​​ 5일차 6/8 [토] 베를린 Time 스케줄 07:00 조식 (호텔식) ​ 버스탑승, 행사장 이동 11:00 World management Congress 2024( 중식 : 자유식 | 석식 : PMIK 제공 ) ​ WMC PT 직급 이상 달성자 인정식 진행 20:00 피엠 파티 파티 미참여 시 8시부터 호차별 버스 탑승, 8시반~ 호텔복귀 및 휴식 ​파티 참여 시 22시부터 셔틀 탑승막차 출발시간 01:00 ​​ 6일차 6/9 [일] 베를린 » 프랑크푸르트 Time 스케줄 07:30 조식 및 체크아웃 (호텔식) ​ 가이드 미팅, 버스탑승 ​ 프랑크푸르트 국제공항으로 버스이동 (약 8시간 30분 소요) 19:40 프랑크푸르트 국제공항 출발 ​​ 7일차 6/10 [월] 프랑크푸르트 » 인천 14:35 인천 국제공항 도착 ​​ 공식일정 본사 제공 이미지 ​ 피엠 인터내셔널 2024 IMM 인센티브 여행 자격 조건 저는 작년 6월에 다녀와서, 재인증 조건으로 갑니다. ​월요일 짐싸고화요일 새벽에 떠나요잇힝​다녀와서 또 생생한 소식전해드릴게요! ​​ 0초 0초 광고 후 계속됩니다. 다음 동영상 subject author 취소 2023 IMM 인센티브 투어 (피엠 인터내셔날) 재생 13 좋아요 0 좋아요 공유하기 재생 (space/k) 재생 04:18 0:00:00 재생 (space/k) 재생 음소거 (m) 음소거 00:00 / 04:18 실시간 설정 전체 화면 (f) 해상도 HD 720p 자막 사용 안함 재생 속도 1.0x (기본) 해상도 720p HD 480p 270p 144p 자막 설정 사용 안함 옵션 글자 크기 배경색 재생 속도 0.5x 1.0x (기본) 1.5x 2.0x 죄송합니다. 문제가 발생했습니다. 다시 시도해 주세요. 도움말 음소거 상태입니다. 도움말 라이센스 고화질 재생이 가능한 영상입니다. 설정에서 해상도를 변경해보세요. 더 알아보기 00:00 접기/펴기2023 IMM 인센티브 투어 (피엠 인터내셔날)2023 IMM 인센티브 투어 (피엠 인터내셔날) 행복하고 감사한 시간 함께보면 좋은 인천공항 스카이 허브라운지 할인, 이용시간, 가격 총정리 안녕하세요 초등학교 3학년 아이와 해외 한달살기 도전중인 여행 인플루언서 주부유튜버 봉피디입니다. 오... blog.naver.com ​​​ 궁금할 땐 네이버 톡톡하세요! 💌 DM 덧글 환영개인별 상황에 맞는 솔루션 Q&A 해드려요 :)​✅ 피엠 추천인코드 8431526 유희원 PT ​​",,,,21,16,"#6월독일날씨, #6월마드리드날씨, #6월베를린날씨, #마드리드날씨, #스페인마드리드, #유럽여행","https://ssl.pstatic.net/static/blog/profile/img_profile_preset_07.png, https://postfiles.pstatic.net/MjAyNDA2MDJfMjYz/MDAxNzE3MzMyMzM3MzMy.MKX_b6ROAuIPFEOCw7L1JD90Kr0azAzI5_Oh_TpAcKog.Mmlwa44W8_GpYkXFE4QSVdIGM3LbK_Kda_demmgdTwIg.JPEG/Screenshot_2024-06-02_at_21.45.23.JPG_blur, https://blogimgs.pstatic.net/nblog/mylog/post/btn_close5.gif, https://postfiles.pstatic.net/MjAyNDA2MDJfMjE4/MDAxNzE3MzMyMDYyNTQ0.dGjKn9kpZaUWvGnRr144R73PbW-g6Z42Ic7QbDu-QEcg.4Xq05xKB4bgBXtevJqatPRKhABKv4QpDdzTtk7v8XQ0g.JPEG/toledo-from-madrid-tips.jpg_blur, https://ssl.pstatic.net/static/blog/profile/img_profile_preset_06.png, https://blogimgs.pstatic.net/nblog/mylog/post/btn_viewexif.gif, https://postfiles.pstatic.net/MjAyNDA2MDJfMjUg/MDAxNzE3MzMxOTEyNjc3.YfRCL21c6UV8RmSso6e9bCvm5U-_8Cqyum81mfsW7E0g.XGy_y-IFm1HokbrLfKEI7Xd07i6ruKXUWVcfrKB7wtUg.JPEG/toledo-from-madrid-tips.jpg_blur, https://blogpfthumb-phinf.pstatic.net/MjAyNTAzMDNfMTk4/MDAxNzQwOTgwODE3OTQz.q15ubksKpPSSseZoGJqiLIcx7zAcfb6FeTpUuRVDphcg.ZSZE236-65fEBetqeb9jaPPFJmL4oKVQ5Fmt-1rKxDIg.PNG/profileImage.png, https://maps.googleapis.com/maps/api/staticmap?channel=naver_blog&size=700x315&markers=icon:https://editor-static.pstatic.net/c/resources/common/img/common-icon-places-marker-x2-20180920.png%7C52.52451569999999,13.4186965&center&zoom=17&scale=1&path&visible&language=ko&client=gme-nhncorp&signature=qSl3Vhp7JRCpnFTk-dMOU6o8M2w=, https://postfiles.pstatic.net/MjAyNDA2MDJfODYg/MDAxNzE3MzM0MjA0NjIz.JyedELQ8_B7o47-ZbFlc57cBj81hHXs7NF10BxklsBQg.oRWtSte9Y4mdIEU4FIX2J8328NkOV2mcUi_AZCium4og.JPEG/P20230624_214317286_5D788199-90C5-490D-910A-E893A235C3D4.jpg_blur",,2025-11-07 15:13:40
naver_blog,223994976046,emo0503,https://blog.naver.com/emo0503/223994976046,축구 명문 레알 마드리드보다 큰 매출! 독일 피엠인터내셔널과 함께하는 구미 사업자 모집,"축구명문 레알 마드리드보다, 맨체스터 시티보다 더 많은 매출을 올린 웰니스기업이 있다면 믿으시겠습니까? 2025년 8월2일 DSM기사 내용 ​​“세계 최고의 축구 구단 레알 마드리드보다 더 많은 매출을 올린 기업이 있습니다.그 주인공은 바로 글로벌 웰니스 기업 피엠인터내셔널 입니다.”​​​스포츠가 아닌 웰니스, 건강기능식품 분야에서 말이죠.​​​ ⚽ 세계축구 명문 구단 매출 레알 마드리드: 1,045M € (약 11억 유로)​맨체스터 시티: 837M € (약 8.4억 유로)​파리 생제르맹(PSG): 805M € (약 8.0억 유로)​맨체스터 유나이티드: 770M € (약 7.7억 유로)​바이에른 뮌헨: 765M € (약 7.6억 유로)​FC 바르셀로나: 760M € (약 7.6억 유로)​피엠(2024 회계연도 매출):325억 $ (32.5 Billion USD)​​피엠이 훨씬 큰 매출 규모를 기록했습니다.즉, 스포츠 챔피언스리그를 넘어선 직판 업계의 진정한 챔피언이 된 것입니다.​​​​​ 피엠 인터내셔널 성장 기록 ​​PM-International은 1993년 독일에서 설립된 글로벌 웰니스 기업으로, 현재 47개국 이상에서 활동하며 건강기능식품과 화장품을 공급하고 있습니다.​​2024 회계연도 매출: 325억 달러 (사상 최고치 달성)​2025 목표: 400억 달러 매출 돌파 예상​​이는 단순한 건강식품 기업의 성과가 아니라, 세계적인 직판 업계 챔피언으로 자리 잡았음을 의미합니다.​​ ​​​​ 피엠 인터내셔널 성공 비결 ​1. NTC® 영양소 전달 개념 – 영양소 흡수율 극대화​​2. 도핑프리 인증 (Cologne List®) – 세계 프로선수들이 믿고 섭취​​3. 46개국 이상 진출 – 안정적인 글로벌 성장 네트워크​​4. 비전 있는 리더십 – 창립자 롤프 소르그(Rolf Sorg)의 전략과글로벌 확장​​5. 공격적인 투자 전략→ 지속 성장을 위해 과감하고 체계적인 투자 진행​북미 부지 매입 및 2,100만 달러(약 305억 원) 투자​아시아·태평양(APAC) 시장에 2,000만 유로(약 300억 원) 투자​디지털 시스템 구축에 90만 유로(약 13억 원) 투자​연구개발(R&D)에 1억 유로(약 1,505억 원) 투자​ ​단순히 매출만 늘리는 것이 아니라, 글로벌 시장 확장·디지털 혁신·연구개발에 공격적인 투자를 이어가고 있다는 점이 피엠인터내셔널의 장기적 성공을 가능하게 합니다.​​​​ 0초 0초 광고 후 계속됩니다. 다음 동영상 subject author 취소 피엠인터내셔널 아시아1위 조이그룹 재생 0 좋아요 0 좋아요 공유하기 재생 (space/k) 재생 02:56 0:00:00 재생 (space/k) 재생 음소거 (m) 음소거 00:00 / 02:56 실시간 설정 전체 화면 (f) 해상도 자동 480p 자막 사용 안함 재생 속도 1.0x (기본) 해상도 자동 (480p) 720p HD 480p 270p 144p 자막 설정 사용 안함 옵션 글자 크기 배경색 재생 속도 0.5x 1.0x (기본) 1.5x 2.0x 죄송합니다. 문제가 발생했습니다. 다시 시도해 주세요. 도움말 음소거 상태입니다. 도움말 라이센스 고화질 재생이 가능한 영상입니다. 설정에서 해상도를 변경해보세요. 더 알아보기 00:00 접기/펴기피엠인터내셔널 CEO 롤프소르그 회장님피엠인터내셔널 아시아1위 조이그룹 ​​​ ​​ 🌍 웰니스 시장 전망 ​웰니스 시장은 단순히 건강 보조제 판매를 넘어, 미래 산업의 핵심 성장 동력으로 평가받고 있습니다.​​글로벌 웰니스 시장 규모는 이미 8,000조 원 이상으로 추산되며, 매년 꾸준히 성장 중입니다.​​특히 건강기능식품·영양 보충제 시장은 2027년까지 연평균 6~8%의 성장률을 기록할 것으로 예상됩니다.​​2030년까지 전 세계인의 70% 이상이 웰니스 관련 제품과 서비스를 정기적으로 소비할 것이라는 전망도 나와 있습니다.​ ​🍀 건강식품 섭취 인구가 늘어나는 이유​1. 환경 오염→ 미세먼지, 중금속, 미세플라스틱 등으로 체내 해독과 면역 강화 필요성이 커짐.​​2. 바이러스·감염병 확산→ 코로나19 이후, 면역력 관리와 예방 차원에서 건강기능식품 소비 급증.​​3. 불규칙한 식습관→ 인스턴트·가공식품 중심의 식단으로 필수 영양소 부족 → 보충제 수요 증가.​​4. 고령화 사회 진입→ 만성질환 예방, 노화 지연, 활력 유지를 위한 건강 보조제 관심 확대.​​5. 웰니스 트렌드 확산→ 단순 치료가 아닌, “예방·셀프케어·건강관리”가 새로운 라이프스타일로 자리 잡음.​​6. 수명 연장과 건강 수명에 대한 관심→ 현대인은 단순히 오래 사는 것(Long Life)이 아니라,아프지 않고 건강하게 오래 사는 것(Healthy Long Life)을 추구.→ 질병을 관리하기보다 질병을 예방하는 차원에서 건강식품 섭취 확대.​ ​환경 오염, 바이러스, 식습관 불균형, 고령화, 웰니스 트렌드, 건강하게 오래 살고 싶은 욕구가 맞물리며 전 세계적으로 건강식품 시장은 계속 성장하고 있습니다.​​​​​ ​ 사업자에게 주는 기회 한 가지 직업만으로는 안정적인 삶을 보장받기 어려운 시대에,여러 가지 일을 동시에 하며 수입원을 다각화하는 추세입니다.​​경제 불안, 조기 은퇴, 자기계발, 노후 대비 등의 이유로투잡·N잡·사이드잡이 필수적인 시대가 되었어요.​​PM비즈니스는 리스크 없는 창업 모델로, 많은 사람들이 안정적인 수입과 노후 대비를 위해 선택하고 있습니다.​​초기 투자 비용 부담 ↓​글로벌 브랜드 & 제품 신뢰도 ↑​단계별 교육과 지원 제공​소비자에서 사업자로 성장 시스템 소득을 통한 경제적 자유를 누릴 수 있습니다.​​피엠은 건강기능식품 회사를 넘어, 세계적인 스포츠 구단보다 큰 매출을 올리는 글로벌 직판 챔피언입니다.​​2025년, 400억 달러라는 새로운 역사를 앞두고 있는 지금이 가장 좋은 시작점입니다.​​ ​​ ✨ 피엠 전국사업자 모집 ✨ ​​많은 사람들이 열심히 살아왔습니다.직장에서, 가정에서, 혹은 여러 부업을 시도하며 성공과 부자 되는 길을 찾으려 애써왔죠.​저역시 그랬습니다.​하지만 방법을 몰라서, 혹은 확실한 기회를 만나지 못해서 좌절한 분들이 많습니다.​​​✔️ 직장에서 성실하게 일했지만, 경제적 자유와는 거리가 멀었던 분​✔️ 다른 네트워크에서 직급은 올랐지만, 안정적인 수익 구조를 만들지 못했던 분​✔️ 창업을 하고 싶지만 리스크와 자본 때문에 망설였던 분​✔️ 부업이나 투잡을 찾고 있지만, 확실한 시스템을 만나지 못한 분​​피엠은 전 세계 47개국 이상에 진출하며,2024년 325억 달러 매출을 달성한 글로벌 직판 챔피언입니다.​​이는 레알 마드리드, 맨체스터 시티, PSG 같은 명문 구단보다 훨씬 큰 매출 규모입니다.​​“성공 방법을 몰라서 막막했던 분들,지금이 바로 새로운 기회를 잡을 시간입니다.”​​ ​​📌 구미 지역 피엠 사업자 모집​​피엠은 단순히 제품만 전하는 기업이 아닙니다.함께하는 모든 분들의 성공과 성장을 돕는 든든한 파트너입니다.​​조이그룹은 여러분이 건강을 지키고, 경제적 자유를 누리며,스스로의 가능성을 펼칠 수 있도록 끝까지 함께하겠습니다.​​👉 이제 혼자가 아닌, 함께 성장하는 길을 선택해 보세요.”​저와함께 조이그룹에서건강, 성공, 경제적 자유를 향해 달려갈구미 지역 사업자를 모집합니다.​ ​ ​​ ​​🔖 해시태그​#피엠인터내셔널 #FitLine #독일피엠율라 #팀파트너20967605#조이그룹 #구미피엠 #피엠구미사업자모집 #웰니스비즈니스#네트워크마케팅 #블루오션창업 #멀티잡 #경제적자유 #맨체스터시티 #뮌헨 #레알마드리드 #파리생제르망 #바르셀로나 #PM비즈니스 #웰니스기업 ​​​",,,20967605,9,5,"#FitLine, #PM비즈니스, #경제적자유, #구미피엠, #네트워크마케팅, #독일피엠율라, #레알마드리드, #맨체스터시티, #멀티잡, #뮌헨, #바르셀로나, #블루오션창업, #웰니스기업, #웰니스비즈니스, #조이그룹, #팀파트너20967605, #파리생제르망, #피엠구미사업자모집, #피엠인터내셔널","https://blogimgs.pstatic.net/nblog/mylog/post/btn_confirm.gif, https://ssl.pstatic.net/static/blog/profile/img_profile_preset_07.png, https://ssl.pstatic.net/static/blog/profile/img_profile_preset_01.png, https://ssl.pstatic.net/static/blog/img_ani_blogid2.gif, https://postfiles.pstatic.net/MjAyNTA5MDRfMTEw/MDAxNzU2OTUxNDU1MTQ2.TwIUHpBPdCXFbyU_4GoXVtx_HfdbIKCLzmVrhD5HlGkg.S-FSCxgp2ctfIn0N11CgIaGLIKW-n3Gaz2AGR_MSzyQg.JPEG/900%EF%BC%BF1754904516931.jpg_blur, https://ssl.pstatic.net/static/blog/profile/img_profile_preset_08.png, https://blogimgs.pstatic.net/nblog/quickeditor/btn_qk_set.gif, https://blogimgs.pstatic.net/nblog/mylog/post/btn_close5.gif, https://postfiles.pstatic.net/MjAyNTA5MDRfMTM3/MDAxNzU2OTU4ODQxODcy.3Li5T-Pr0ovm0yo5PwE4mpFC2FG7AXJJkqcUODaERNgg.UHTdr_MaHeoeE3Y_q9rt3eQnkRzvpEafeSyVvIUDY3Ug.JPEG/900%EF%BC%BFScreenshot%EF%BC%BF20250904%EF%BC%BF130712%EF%BC%BFChatGPT.jpg_blur, https://postfiles.pstatic.net/MjAyNTA5MDRfOTYg/MDAxNzU2OTU1NDI5ODM5.gfZCIWkXt8SDYuxX76N4w3-LKa4DphpLufaTTZCUAgMg.9m5XLXZuNEN6qOjwwxoN76bSnP_v0gp1YpAUMgkFqlAg.JPEG/900%EF%BC%BF1756955428703.jpg_blur",https://www.youtube.com/embed/18ZXjv7S-3Q?feature=oembed,2025-11-07 15:13:45
naver_blog,224052084731,njob_,https://blog.naver.com/njob_/224052084731,피엠인터내셔널코리아 7주년 이벤트. 오토십 등록시 액티바이즈 증정(10월15일~11월14일),"안녕하세요:)피엠파트너 전소미입니다.!​한주간은 오프라인으로 바쁘게 보냈어요~오랜만에 블로그로 인사드립니다!!​1993년에 독일에서 시작된 피엠인터내셔널회사는벌써 32주년이 되었어요!!​피엠인터내셔널 코리아.!피엠주스가 한국에 들어온지 7주년이되었습니다.!​​ 그래서 이번에 회사에서 이벤트가진행되고 있어요.!​바로바로!!오토십을 하면 액티바이즈 1개를 증정하는 이벤트요!!회사 너무 대단하죠 ?!!​피엠을 먹고 알리면서 느낀점은사업자를 위한, 그리고 제품을 드시는 회원들을 생각하는 회사구나.! 라고 느낍니다 ^^​​ ​오토십이 그럼 뭔지 궁금하시죠 ?!피엠인터내셔널에서 오토십이란?!​피엠주스인 파워칵테일과, 리스토레이트를소비자가, 우대회원가보다 가장 싸게 드시는 방법으로 회사에서 진행하는 프로모션의 혜택도받아볼 수 있습니다.!!​예를들어,​오늘 10월24일 회원가입 후,오토십을 신청하면,​파워칵테일 3박스(3개월치),리스토레이트 3박스(3개월치)​선 배송 되고, 결제는 한번에 되는것이 아니고다달이 137,100원씩 지정된 날짜에 결제가됩니다.!지정된 날짜는 5, 15, 25일 선택가능하시고,예로 15일에 선택하면오늘 오토십 신청했으니,오늘 결제 137,100원11월 15일에 137,100원12월 15일에 137,100원이결제되는거죠~ ​오토십을 하면회사에서 5+1 행사제품을 구매할 수도 있고나를 통해 피엠제품을 먹는다면,10%수당도 받을 수 있는 제도입니다!​참 쉽죠 ?! ^^​지금 회사에서 이벤트가 있다보니,소개도 나오고,연락도 주시는 분들이 계셔서,,이번주는 내내 바빴어요 ㅎㅎ​피엠주스가 입소문이 나기 시작하면서좋은 제품인걸 이제는 고객이 먼저알아보시고 연락주시더라구요 ^^​간단하게 파워칵테일과, 리스토레이트액티바이즈를 알아볼게요 ^^ ​활기찬 하루의 시작으로 매일 필요한 영양소를 한 포로 간편하게!!파워칵테일!! 미네랄 듬뿍, 하루의 마무리 리스토레이트 에너지가 필요한 순간!!비타민8종을 한번에 에너지up!!! 이렇게 쏨언니는 바쁘게 지냈습니다.!!그리고 연합세미나가 있었는데,참석할 수 있는 기회가 되어서 ^^세미나를 하고 왔답니다 ^^​너무 좋은 시간이었어요~무엇보다 피엠사업의 방향성이 참 좋아요.!사업자끼리 나만, 우리팀만이 잘되는게 아니라,한국에서 피엠사업을 하시는리더분들의 방향이 함께, 연합이예요.​그래서 함께 하는 사업,좋은 제품을 알리는 사업,사람 살리는 일을 저는 오늘도 합니다 ^^ 피엠주스가 요즘 좋다고 하는거 같던데..궁금하신분들.!!!좋은 타이밍에 선택해 보세요 ^^​연합세미나에서 그룹장님이 전달해준메세지 중에 하나를 나누고 인사드릴게요.​건강과, 풍요는 결국 내가 선택하는거다.!​​날씨가 많이 쌀쌀해졌어요~모두 감기 조심하세요 ~!​오늘도 쏨언니는당신을그리고나를응원합니다!!! ^^​함께보면좋은글 돈 안 드는 기회, 피엠 무료회원가입 → 오토십 → 풀세트 사업까지 지금이 타이밍 돈 안 드는 피엠 무료회원가입, 지금이 타이밍.! 안녕하세요:) 피엠파트너 전소미입니다.!! 돈 안 드는 피... blog.naver.com ​#피엠인터내셔널 #오토십 #피엠오토십 #연합세미나 #피엠쏨 #피엠쏨언니 #파워칵테일 #리스토레이트 #액티바이즈 #40대건강 #건강기능식품 #피엠주스 #피엠 #피엠회원가입 #아침주스 #저녁주스 #피엠주스효능 #피엠풀세트 #혈액순환 #영양 #과일주스 #야채주스 #디톡스 #건강주스 #피엠사업 #피엠전소미 #50대건강 #60대건강 #블로그이웃 #서이추 #블로그소통 #네트워크마케팅 #네트워크사업 #피엠사업방법 #미네랄 #비타민8종 #무기질",,,,16,2,"#40대건강, #50대건강, #60대건강, #건강기능식품, #건강주스, #과일주스, #네트워크마케팅, #네트워크사업, #디톡스, #리스토레이트, #무기질, #미네랄, #블로그소통, #블로그이웃, #비타민8종, #서이추, #아침주스, #액티바이즈, #야채주스, #연합세미나, #영양, #오토십, #저녁주스, #태그, #파워칵테일, #피엠, #피엠사업, #피엠사업방법, #피엠쏨, #피엠쏨언니, #피엠오토십, #피엠인터내셔널, #피엠전소미, #피엠주스, #피엠주스효능, #피엠풀세트, #피엠회원가입, #혈액순환","https://postfiles.pstatic.net/MjAyNTEwMzFfMTgg/MDAxNzYxOTA4ODAzOTY1.d_GfPz6k6SKQV-Ca1JB8OfC1trQ0VqxZH_K3SMMfqm8g.NT9ng8XQsUApvJY9HZS6737kZF-1VYx2iNZKN-ZT4VAg.JPEG/BandPhoto%A3%DF2025%A3%DF10%A3%DF31%A3%DF11%A3%DF01%A3%DF07.jpg, https://blogimgs.pstatic.net/nblog/mylog/post/btn_confirm.gif, https://ssl.pstatic.net/static/blog/profile/img_profile_preset_07.png, https://ssl.pstatic.net/static/blog/profile/img_profile_preset_01.png, https://ssl.pstatic.net/static/blog/img_ani_blogid2.gif, https://storep-phinf.pstatic.net/ogq_5e3bd7cbf8b23/original_7.png_100, https://postfiles.pstatic.net/MjAyNTEwMjRfMjU3/MDAxNzYxMjY5MjkyNTg0.GDtflQea31hqIcPQkYXtkx6cCW2uP29VjaK0Ni5UxQgg.KmE-dTQueRcpqgzpjpCZqTR1qG5UH06aGhaVn-VBqlUg.JPEG/KakaoTalk_20251024_102736887.jpg_blur, https://postfiles.pstatic.net/MjAyNTEwMjRfODMg/MDAxNzYxMjY4MDY5MTIy.H_0E94hi6pTalsvvwO_2jGv6ML8PX-j0kPpOGbgwaS8g.P3dL5r0Dpgt8DgQwOWUics__ZmNg4DC2AaLKilCo4SEg.JPEG/KakaoTalk_20251024_094852641_02.jpg_blur, https://ssl.pstatic.net/static/blog/profile/img_profile_preset_08.png, https://blogimgs.pstatic.net/nblog/quickeditor/btn_qk_set.gif",,2025-11-07 15:13:51
naver_blog,224063171370,ohjungseok13,https://blog.naver.com/ohjungseok13/224063171370,피엠인터내셔널 11월 초대박 프로모션 / 딱 한달만 진행 !!,"안녕하세요독일피엠서기입니다 !​피엠인터내셔널 회사에서 11월 초대박 프로모션을 딱 한달동안만 진행한다고해서알려드리겠습니다~​피엠회사가 7주년을 맞이해 대박 프로모션을 진행합니다.​ ​기존 오토십을 진행 할 시파워칵테일3개 리스토레이트3개월 137,100원에 드실 수 있는데 이번에 신규로 가입하시면 무려 42,000원 상당의액티바이즈를 무료로 드립니다!​ ​11월달에는 액션팩을 구매할 수있는데 구성으로는파워칵테일5개리스토레이트5개입니다. 오토십과 비교해보면액션팩이 월 27,980원이 더 저렴합니다🤭그러니 이번기회 꼭 놓치지말아야겠죠!?​ ​이게끝이면 너무 아쉬울 거같은데바로 11월에는 액션팩을 두개 구매시파워칵테일2박스,리스토레이트2박스이 두가지를 무료로 증정 !!​내건강을 위해서 이왕이면 정가보단회원가로 더 저렴하게 챙겨보아요~​ 제품 및 사업 문의010.2343.9982회원번호 21296610 ​#독일피엠 #쏘해피팀 #야베스그룹#11월프로모션 #저렴한 #글로벌비즈니스#역대급프로모션 #오토십 #조기품절주의#파워칵테일 #리스토레이트 #액티바이즈",,,21296610,0,0,"#11월프로모션, #2박3일국내여행, #경제적자유, #글로벌, #글로벌비즈니스, #글로벌야베스, #네트워크마케팅, #다단계, #독일피엠, #독일피엠인터내셔널, #리스토레이트, #무항생제, #쏘해피팀, #액티바이즈, #야베스그룹, #역대급프로모션, #오토십, #저렴한, #조기품절주의, #파워칵테일","https://blogimgs.pstatic.net/nblog/mylog/post/btn_confirm.gif, https://ssl.pstatic.net/static/blog/profile/img_profile_preset_07.png, https://ssl.pstatic.net/static/blog/profile/img_profile_preset_01.png, https://ssl.pstatic.net/static/blog/img_ani_blogid2.gif, https://ssl.pstatic.net/static/blog/profile/img_profile_preset_08.png, https://blogimgs.pstatic.net/nblog/quickeditor/btn_qk_set.gif, https://blogimgs.pstatic.net/nblog/mylog/post/btn_close5.gif, https://blogimgs.pstatic.net/nblog/mylog/post/btn_download2.gif, https://postfiles.pstatic.net/MjAyNTExMDJfMTEg/MDAxNzYyMDg2NTgxMTk1.pictxNZtDMVfvM646s8-HS0d0P2n7QyWNfPODNrjwakg.4P5s7tWj-e6-cV1ZuwGJc3BSaaYR507aNHiucVhJ4uEg.JPEG/IMG%EF%BC%BF2915.JPG_blur, https://ssl.pstatic.net/static/common/btn/btn_confirm2.gif",,2025-11-07 15:13:57
naver_blog,223992269595,lgm309,https://blog.naver.com/lgm309/223992269595,피엠인터내셔널 미국회원가입방법,"https://www.pmi-korea.com/ 피엠인터내셔널 독일 직접판매 업체, 건강기능식품, 화장품, 단백질 보충용 식품 등 판매 www.pmi-korea.com 한국 피엠인터내셔널 홈페이지로 접속합니다 본사홈페이지를 클릭합니다 우측상단 지구본 아이콘을 클릭합니다 영어로 그대로 진행하셔도 되고 한글로 페이지를 보고싶으신분들께서는 한국어로 번역해서 진행하셔도 됩니다.​'INT|EN'으로 되어 있는지 확인하시고'Join us'를 클릭합니다​ 추천인 아이디를 입력하고 'Continue'를 클릭해서 계속 진행합니다​ 추천인 이름이 정확한지 확인합니다​ 태어난 년원일을 입력합니다.​미국 회원가입을 하실때는 Demo Bag(대모백)은 기본으로 구입을 하셔야합니다.그리고 팀파트너로만 가입을할때는 오른쪽 옵티멀세트만 선택하시면 되는데매너저로 진입을 하실려면 왼쪽 매니저퀵스타트팩을 선택하셔야합니다.즉, 매니저퀵스타트팩을 선택하시면 가입첫달 QM을 통과히실수 있고,다음달부터 매니저 수당지급을 받을수 있는 조건달성이 됩니다.​ 매니저로 집입할때는 액티바이즈+액티바이즈세럼을 무상으로 받게됩니다.​ 옵티멀세트외에 다른 팩을 선택하고싶다면 'Alternative Pack'을 클릭하고 위의 다른 팩을 선택하셔도됩니다.​ 다음으로 액티바이즈세럼을 -50%로 구매할수 있는 기회가 있으며,다른 제품을 선택할수 있는 메뉴가 있습니다.​ 이제부터 회원 정보를 입력하실차례입니다.*로 표시된 항목은 필수정보로써 모두 입력하셔야합니다.​ 배송방법과 지불방법을 선택하시고 계속 진행합니다.​다음페이지에서 비밀번호 결재방법등을 입력하고 신용카드정보를 등록하시면 됩니다.​감사합니다.​독일피엠 탑세일러☎010-4593-1462#부산피엠 #서울피엠 #대구피엠 #구미피엠 #광주피엠",,010-4593-1462,,295,80,"#광주피엠, #구미피엠, #대구피엠, #부산피엠, #서울피엠","https://postfiles.pstatic.net/MjAyNTA5MDJfMjk4/MDAxNzU2NzgzMzYyMTMw.0-3AFA6QYhjblFhSb53ku_V-Kb3mn662R1IX7xMl9wIg.LNVN7py4NHw4nYDoq-sqcKJHmbsjtOLkucP1zww9VoQg.PNG/image.png_blur, https://blogimgs.pstatic.net/nblog/mylog/post/btn_confirm.gif, https://ssl.pstatic.net/static/blog/profile/img_profile_preset_07.png, https://ssl.pstatic.net/static/blog/profile/img_profile_preset_01.png, https://ssl.pstatic.net/static/blog/img_ani_blogid2.gif, https://blogpfthumb-phinf.pstatic.net/MjAyNTEwMjhfMTkg/MDAxNzYxNjUyODY3ODAx.N6ocVTk7GVmr8HGl0sFbjgpKvUTyAxSjNDRfaOgeQi4g.GOSJ_REgVmfMfgUQb70MLSLhmCgToE3-krR4fbU2guMg.JPEG/%EC%A0%9C%EB%AA%A9_%EC%97%86%EC%9D%8C.jpg/%25EC%25A0%259C%25EB%25AA%25A9%2B%25EC%2597%2586%25EC%259D%258C.jpg, https://ssl.pstatic.net/static/blog/profile/img_profile_preset_08.png, https://blogimgs.pstatic.net/nblog/quickeditor/btn_qk_set.gif, https://blogimgs.pstatic.net/nblog/mylog/post/btn_close5.gif, https://blogpfthumb-phinf.pstatic.net/MjAyNTEwMjhfMTkg/MDAxNzYxNjUyODY3ODAx.N6ocVTk7GVmr8HGl0sFbjgpKvUTyAxSjNDRfaOgeQi4g.GOSJ_REgVmfMfgUQb70MLSLhmCgToE3-krR4fbU2guMg.JPEG/%EC%A0%9C%EB%AA%A9_%EC%97%86%EC%9D%8C.jpg/%EC%A0%9C%EB%AA%A9+%EC%97%86%EC%9D%8C.jpg",,2025-11-07 15:14:02
naver_blog,224021761063,ttlboy,https://blog.naver.com/ttlboy/224021761063,피엠인터내셔널 피엠주스 9월 프로모션 개꿀 할인 꿀팁!,"독일피엠주스 9월 5+1 프로모션 행사 안내 안녕하세요^^이제 9월도 얼마 남지 않았는데요. 아침 저녁으로 선선해지면서 계절의 변화가 느껴지는 요즘입니다!!​환절기에 건강관리 활력 보충에 신경을 써주시고! 독일 프리미엄 건강기능식품으로 건강을 위한 루틴을 만들어 보시기바랍니다 !!​건강을 위해서 챙겨 먹어야 할 제품들의 가격이 부담 스러워 망설이시는분들도 계실텐데요. ​ 0초 0초 광고 후 계속됩니다. 다음 동영상 subject author 취소 피엠인터내셔널 피엠주스 9월 프로모션 개꿀 할인 꿀팁! 재생 9 좋아요 0 좋아요 공유하기 재생 (space/k) 재생 00:27 0:00:00 재생 (space/k) 재생 음소거 (m) 음소거 00:00 / 00:27 실시간 설정 전체 화면 (f) 해상도 자동 480p 자막 사용 안함 재생 속도 1.0x (기본) 해상도 자동 (480p) 1080p HD 720p HD 480p 270p 144p 자막 설정 사용 안함 옵션 글자 크기 배경색 재생 속도 0.5x 1.0x (기본) 1.5x 2.0x 죄송합니다. 문제가 발생했습니다. 다시 시도해 주세요. 도움말 음소거 상태입니다. 도움말 라이센스 고화질 재생이 가능한 영상입니다. 설정에서 해상도를 변경해보세요. 더 알아보기 00:00 접기/펴기피엠인터내셔널 피엠주스 9월 프로모션 개꿀 할인 꿀팁! 오늘은 그런분들을위해서 5+1 프로모션 꿀팁을 모아 알려 드리겠습니다. 이번 달은 진짜!! 개꿀! 할인 찬스라 할 정도로 다양한 프로모션 행사들이 진행을 하고 있는데요. ​좋은 기회를 놓치지 마시고 다가올 추석 명절에 사랑하는 가족들에게 건강을 선물해 주시기바랍니다 !! 남성 맞춤 올인원 스킨 솔루션맨페이스 밸런스 앤 프로텍트 피트라인 맨플러스와 함께 건강한 피부를 가꾸어 보시기바랍니다!​자연 그대로의 무기질과 나이아신이 함유되어 건강한 피부의 균형을 되찾아줍니다!​피부 장벽 개선, 항산화제 함유, 광범위한 자외선 차단으로 밝고 매끄러운 피부결을 선사합니다! 더 아름다운 내일을 위한 피트라인 뷰티일상의 생기를 더하는 건강한 습관까지 생각한 제품입니다. 건강한 세포를 지키는 피트라인 젤슈츠유해산소로부터 세포를 보호하는 항산화영양소의 힘!! 관절연골엔 피트라인 겔링핏하루 3스푼으로 상큼한 레몬맛으로 관절연골 건강을 챙겨보시기바랍니다! ​ 에너지가 필요한 순간!피트라인 액티바이즈 에너지 대사에 필요한 8가지 비타민b군과 부성분인 과라나 추출분말, 비트루트분말 등을 새콤 달콤 맛있게 즐길 수 있는 제품입니다! ​ 오렌지맛 젤슈츠와 동일한 성분으로 맛있게 드실 수 있는 사과맛 젤슈츠!​기본 액티바이즈와 성분은 동일! 복숭아맛 피치맛으로 맛있게 섭취 하실 수 있는 제품입니다! 9월 프로모션 5+1 행사로 추석 선물까지 준비해 보시는건 어떠실까요?^^​​ 독일피엠주스 가품! 짝퉁주의!! 정품 독일피엠주스는 오직!!피엠인터내셔널 홈페이지에서만 주문을 하실수 있습니다 !​건강을 위해서 챙겨 드시는건데 정품피엠주스로 건강을 챙기시는걸 적극 추천드립니다 ^^ 피엠인터내셔널 무료회원가입 방법 1.피엠인터내셔널 무료회원가입 2.팀파트너로 가입하기 ! 가장 저렴! 다양한 혜택!3.추천인아이디 20198945 조민선 4.오토십신청하기! 오토십 신청시 선물 증정! 오토십을 신청해 주시는분들에게는 선물을 보내드리고 있습니다 ^^좋은 혜택 많이 받아가시기 바랍니다 !!​궁금하신 부분은 문의 주시면 진심을 담아 상담 도와드리겠습니다 ^^​ 궁금할 땐 네이버 톡톡하세요! 0초 0초 광고 후 계속됩니다. 다음 동영상 subject author 취소 피엠주스 재생 7 좋아요 0 좋아요 공유하기 재생 (space/k) 재생 00:18 0:00:00 재생 (space/k) 재생 음소거 (m) 음소거 00:00 / 00:18 실시간 설정 전체 화면 (f) 해상도 자동 480p 자막 사용 안함 재생 속도 1.0x (기본) 해상도 자동 (480p) 720p HD 480p 270p 144p 자막 설정 사용 안함 옵션 글자 크기 배경색 재생 속도 0.5x 1.0x (기본) 1.5x 2.0x 죄송합니다. 문제가 발생했습니다. 다시 시도해 주세요. 도움말 음소거 상태입니다. 도움말 라이센스 고화질 재생이 가능한 영상입니다. 설정에서 해상도를 변경해보세요. 더 알아보기 00:00 접기/펴기피엠주스피엠주스",,,20198945,7,1,"#겔링핏행사, #독일피엠9월프로모션행사, #독일피엠프로모션, #뷰티행사, #액티바이즈행사, #피엠9월행사, #피엠인터내셔널행사","https://blogimgs.pstatic.net/nblog/mylog/post/btn_confirm.gif, https://ssl.pstatic.net/static/blog/profile/img_profile_preset_07.png, https://ssl.pstatic.net/static/blog/profile/img_profile_preset_01.png, https://ssl.pstatic.net/static/blog/img_ani_blogid2.gif, https://ssl.pstatic.net/static/blog/profile/img_profile_preset_08.png, https://blogimgs.pstatic.net/nblog/quickeditor/btn_qk_set.gif, https://blogimgs.pstatic.net/nblog/mylog/post/btn_close5.gif, https://blogimgs.pstatic.net/nblog/mylog/post/btn_download2.gif, https://ssl.pstatic.net/static/common/btn/btn_confirm2.gif, https://blogimgs.pstatic.net/nblog/spc.gif",,2025-11-07 15:14:07
naver_blog,224020526155,chlehd14,https://blog.naver.com/chlehd14/224020526155,피엠인터내셔널 회원가입 방법 총정리 | 정품 구매 가이드,"안녕하세요 😊​독일 PM 사업가 최동희입니다.​​오늘은 공식 홈페이지에서정품을 가장 합리적으로 구매하는회원가입 절차를 처음부터 끝까지깔끔하게 정리했습니다.​​먼저, 피엠인터내셔널 공식 사이트에서시작해 볼게요.​ ​1) 피엠인터내셔널 공식 홈페이지 접속공식 링크: https://pm.pmi-korea.com/main.do링크 클릭!​​⬇️⬇️⬇️⬇️⬇️⬇️⬇️⬇️⬇️⬇️⬇️​​ 오른쪽 상단 회원가입 버튼을 눌러주세요. ​​⬇️⬇️⬇️⬇️⬇️⬇️⬇️⬇️⬇️⬇️⬇️ ​많은 혜택과 저렴하게 구매하는 방법을 고려하면 팀 파트너 선택이 유리합니다 👍​​​​⬇️⬇️⬇️⬇️⬇️⬇️⬇️⬇️⬇️⬇️⬇️​​ 2) 약관 동의 & 본인 인증약관 전체 동의(체크 시 회색 → 파란색)​​​⬇️⬇️⬇️⬇️⬇️⬇️⬇️⬇️⬇️⬇️⬇️​​ 통신사 선택 후 휴대폰 본인 인증이름 · 주민등록번호 · 연락처 · 보안문자 입력 → 확인​문자인증 번호가 오면 입력 후 다시확인을 누르면 됩니다.​​​⬇️⬇️⬇️⬇️⬇️⬇️⬇️⬇️⬇️⬇️⬇️​​ ​3) 기본정보 / 추천인 코드 입력회원가입 시 추천인은 필수입니다.아래 코드 번호를 입력해 주세요.​​추천 코드: 20766344 (최동희)​​입력 후 가입 완료를 누르면 끝! 사진 보시면서 함께 따라 하면 더 쉬워요 📸​ ​​4) 가입 후 혜택 & 오토십가입이 완료되면 공식몰에서 피엠인터내셔널 정품을 보다 합리적인 가격으로 구매할 수 있습니다.​​아래 링크를 통해서더 저렴한 가격과 정기 배송을 원하시면 오토십을 설정해 보세요. ​⬇️⬇️⬇️⬇️⬇️​https://blog.naver.com/chlehd14/223953876033 공식 피엠인터내셔널 홈페이지로 정품 쥬스 싸게 먹는 꿀팁 안녕하세요 ^_^ 오늘은 공식 피엠인터내셔널 홈페이지로 정품 쥬스 싸게 먹는 꿀팁에 대해 알려드릴게요~! ... blog.naver.com ​​저렴함, 편의성은 물론, 안내드리는 ​소정의 선물 🎁 혜택도 챙기실 수 있어요.​​ ​5) 한눈에 보는 체크리스트공식 사이트 접속 → 회원가입 클릭팀 파트너 선택 → 약관 동의 & 본인 인증추천 코드 입력: 20766344 (최동희)가입 완료 후 피엠인터내셔널 정품 합리적 구매저렴한 오토십으로 정기 배송 설정 ​함께 성장하는 팀 문화로, 처음부터 끝까지 옆에서 돕겠습니다 ✨​​​정품 구매 방법, 오토십 설정,혹은 사업 시작에 관한 문의는 언제든 편하게 남겨 주세요.​​​공식몰 이용 팁과 피엠인터내셔널 가입 동선도 필요하시면 추가로 정리해 드릴게요!​​​마지막으로, 정품 가격 혜택을 꾸준히 누리시려면피엠인터내셔널 공식 홈페이지를이용하시면 됩니다 🙌​​​궁금한 점이 있으시다면 카톡으로 문의 주세요~!​피엠인터내셔널 관련 실전 팁까지 상세히 안내드리겠습니다 📱​​https://blog.naver.com/chlehd14/223727996310 독일 피엠 인터내셔널 제품 및 비즈니스 문의ㅣ최신버전 독일 피엠 인터내셔널 공식 사업가 최동희입니다. 🔽 아래 카톡 프로필로 연락주세요. 🔽 https://open... blog.naver.com ​",,,20766344,3,1,"#PM인터내셔널, #PM쥬스3종, #PM쥬스다이어트, #PM쥬스부작용, #pm, #pm쥬스, #pm쥬스다단계, #독일PM, #독일피엠쥬스, #독일피엠쥬스부작용, #파워칵테일, #피엠, #피엠인터내셔널, #피엠주스, #피엠쥬스, #피엠쥬스액티바이즈, #피엠쥬스효능","https://postfiles.pstatic.net/MjAyNTA5MjRfOTAg/MDAxNzU4NjgzNjUwOTEx.NH0_p9-tgdt_E3gBTCTfBRCY-oSoxZW6pNy72OGrMUAg.c-8AsxFEnd1aDc9aGio_eVIb3ccks8xavTqypeXeYEYg.PNG/%ED%94%BC%EC%97%A0%ED%9A%8C%EC%9B%90%EA%B0%80%EC%9E%857.png_blur, https://blogimgs.pstatic.net/nblog/mylog/post/btn_confirm.gif, https://ssl.pstatic.net/static/blog/profile/img_profile_preset_07.png, https://ssl.pstatic.net/static/blog/profile/img_profile_preset_01.png, https://ssl.pstatic.net/static/blog/img_ani_blogid2.gif, https://postfiles.pstatic.net/MjAyNTAxMTZfMTEx/MDAxNzM3MDE2ODY3ODc2.e_kQnaRtWtpg7MzlNhbiRSHtfNRPmQxvCY1NUxC_SIog._GKMnf8LbQyj9a9dRuDzxs8NNuN1vqSMESti9U7fqtAg.PNG/%C1%A6%B8%F1%C0%BB-%C0%D4%B7%C2%C7%D8%C1%D6%BC%BC%BF%E4_-001.png, https://ssl.pstatic.net/static/blog/profile/img_profile_preset_08.png, https://blogimgs.pstatic.net/nblog/quickeditor/btn_qk_set.gif, https://postfiles.pstatic.net/MjAyNTExMDFfMTEy/MDAxNzYxOTczOTgxMzI0.mWQ8d8dzeEKYAM7IT946c0-_glrX3LB6ixtN7V-EMSog.DLY78Oy3KSbQbF3zDehJEr--KgPCUbEwA-iTbALMWg0g.PNG/image.png, https://blogimgs.pstatic.net/nblog/mylog/post/btn_close5.gif",,2025-11-07 15:14:13
naver_blog,224067792445,soyong486,https://blog.naver.com/soyong486/224067792445,"11월 한정! 피엠인터내셔널 액션팩, 액티 펀치부터 오토십 가입 혜택까지 – 절대 놓치지 마세요!","​안녕하세요!! 건강과 기회를 연결하는 라이프 디자이너 조이그룹 팀리더 이소용 입니다. 💫​ 피엠인터내셔널 조이그룹 팀리더 이소용 ⬆️자동전화연결 ​​가을이 깊어지는 11월, 피엠인터내셔널에서 풍성한 혜택이 쏟아집니다!건강한 루틴을 새롭게 시작하고 싶은 분, 오토십(Autoship)으로 현명한 소비를 원하는 분,그리고 팀 파트너로 비즈니스를 함께 성장시키고 싶은 분들께 딱 맞는 11월 특별 프로모션을 소개합니다.​ 피엠인터내셔널 11월 프로모션 ​11월 한정! 피엠인터내셔널 액션팩, 액티 펀치부터 오토십 가입 혜택까지 – 절대 놓치지 마세요! 🌿 1. 액션팩 (Action Pack) ​‘피엠의 대표 세트’라고 불리는 액션팩은 에너지와 회복, 영양 밸런스를 모두 챙길 수 있는 베이직 구성입니다.하루의 시작을 돕는 파워칵테일(Power Cocktail), 잠들기 전 밸런스를 맞춰주는 리스토레이트(Restorate),그리고 활력을 더해주는 액티바이즈(Activize) 로 구성되어 있죠.​이번 달에는 기본 액션팩 구매만으로도 건강 루틴을 완성할 수 있습니다.하지만 더 놀라운 혜택이 있습니다 👇​ 피엠인터내셔널 피트라인 액션팩 ​11월 한정! 피엠인터내셔널 액션팩, 액티 펀치부터 오토십 가입 혜택까지 – 절대 놓치지 마세요! 🎁 2. 액션팩 2세트 구매 시, 선물 4박스 증정! 11월에는 액션팩 2세트 구매 시👉 파워칵테일 2박스 + 리스토레이트 2박스를 추가 증정합니다!​즉, 기본 구성 외에도 총 4박스의 보너스 제품을 받을 수 있는 절호의 기회예요.지인과 함께 나누거나, 한 달 루틴을 여유 있게 이어가기에 완벽합니다.이런 구성은 흔치 않기 때문에 재고 소진 전 빠른 참여를 추천드려요.​ 피엠인터내셔널 fitline 액션팩 프로모션 11월 한정! 피엠인터내셔널 액션팩, 액티 펀치부터 오토십 가입 혜택까지 – 절대 놓치지 마세요! 🥤 3. 액티펀치 5+1 프로모션 ​에너지 드링크보다 가볍고, 피엠의 노하우가 담긴 액티펀치(Activize Punch)!11월에는 5개 구입 시 1개 무료로 드립니다.​👉 ‘하루 활력 루틴’을 실천하는 분들,👉 운동 전후 에너지 부스팅을 원하는 분들께 강력 추천합니다.맛과 편리함, 그리고 피엠만의 프리미엄 포뮬러를 동시에 느껴보세요.​ 피엠인터내셔널 fitline 액티펀치 ​​11월 한정! 피엠인터내셔널 액션팩, 액티 펀치부터 오토십 가입 혜택까지 – 절대 놓치지 마세요! 💪 4. BA 프로모션 – 인기 핏라인 5+1 ​바쁜 현대인을 위한 건강 솔루션 , BA라인에서도 5+1 혜택이 진행됩니다!​ 피엠인터내셔널 11월 BA프로모션 11월 한정! 피엠인터내셔널 액션팩, 액티 펀치부터 오토십 가입 혜택까지 – 절대 놓치지 마세요! 🆕 5. 신규 오토십(Autoship) 가입 시, 액티바이즈 1통 선물( ~2025년11월 14일까지) ​이번 달 신규 오토십 가입 고객께는 액티바이즈 본품 1통을 증정합니다!​​ 피엠인터내셔널 오토십 프로모션 ​오토십은 매달 자동으로 제품을 받아보는 정기배송 시스템으로,가격 혜택뿐 아니라 꾸준한 건강 루틴을 이어갈 수 있어 많은 분들이 선택하고 있습니다.​💡 오토십의 핵심 장점 • 3개월 단위 자동 배송으로 ‘건강 루틴 유지’ • 가격 혜택 및 프로모션 우선 참여 • ABO 회원에게는 수익 구조 기반 제공(추천시 10%캐쉬백)​즉, 건강한 습관 + 경제적 혜택 + 비즈니스 기회를 동시에 잡을 수 있는 시스템이에요.​ ​11월 한정! 피엠인터내셔널 액션팩, 액티 펀치부터 오토십 가입 혜택까지 – 절대 놓치지 마세요! 🌟 6. 왜 지금 가입해야 할까? ​11월 프로모션은 단순한 할인 이벤트가 아니라,피엠의 제품 라인 전체를 가장 합리적으로 경험할 수 있는 절호의 기회입니다.​특히 오토십 신규 가입 고객은👉 “건강관리 시작” + “경제적 절약” + “사업 기회 확보”세 가지 효과를 한 번에 얻을 수 있죠.​팀 파트너로 성장하고 싶은 분이라면 이번 달이 가장 좋습니다.액션팩 2세트 혜택과 BA 프로모션을 함께 활용하면,고객 상담 시 “실제 사용 후 경험 + 혜택 전달”이 동시에 가능합니다.​ 🛒 7. 구매 또는 가입 방법 ​1️⃣ 조이그룹 팀리더 이소용에게 문의하기2️⃣ 제품 구성 확인 및 추천 세트 안내3️⃣ 간단한 가입 절차 (오토십 소비자/ 사업자 선택 가능)4️⃣ 배송 정보 입력 및 결제 후 혜택 적용⬇️ QR로 팀파트너 가입(가장 현명한 소비)​ 피엠인터내셔널 무료회원가입 ​💌 지금 바로 문의 주시면 맞춤 제품 추천 + 오토십 등록 안내를 도와드립니다.​ ​​✨ 마무리이번 11월 피엠인터내셔널 프로모션은건강을 챙기며 동시에 미래의 기회를 만들 수 있는 가장 현명한 선택입니다.조이그룹과 함께라면 건강한 루틴과 성공적인 비즈니스, 두 가지 모두 잡을 수 있습니다.​“건강과 기회를 연결하는 당신의 선택, 지금 바로 시작하세요.”​👉 문의: 라이프 디자이너 조이그룹 팀리더 이소용☎️010-8595-0580 ​​",2025-11-07 15:14:18,010-8595-0580,,3,0,#태그,"https://blogimgs.pstatic.net/nblog/mylog/post/btn_confirm.gif, https://ssl.pstatic.net/static/blog/profile/img_profile_preset_07.png, https://ssl.pstatic.net/static/blog/profile/img_profile_preset_01.png, https://ssl.pstatic.net/static/blog/img_ani_blogid2.gif, https://blogpfthumb-phinf.pstatic.net/MjAyNDA4MTBfMjgx/MDAxNzIzMjQ3NTY0MjU1.MRAyZUGCj41WVMe8C_dCp7XAWTd1dDNMuyPLIyfiq4Mg.58m_qK_GgEgiy4DANMatCgt9HbnWNlm-LaPFwFBtkYQg.PNG/profileImage.png, https://postfiles.pstatic.net/MjAyNTExMDdfMjYg/MDAxNzYyNDgxMDczMzU5.JhK-5Buq08vzD-i6aMPUd4li9_8DFTnecw8RrTYyQGwg.UfTjvM2LJY1Y4PlNZweH8aHKtGiLRaH8-9fKmgtBKN0g.JPEG/output%EF%BC%BF2465189497.jpg_blur, https://ssl.pstatic.net/static/blog/profile/img_profile_preset_08.png, https://blogimgs.pstatic.net/nblog/quickeditor/btn_qk_set.gif, https://postfiles.pstatic.net/MjAyNTExMDdfMjA0/MDAxNzYyNDgxMTYzMDE2.v70ptKUYYosRWoe9uDjIQTlrqlk_hpyfluxKg6nicm4g.PVwyQQVTLv96MZ0X8gixICBNRX_uUL2GxMxJweA9nAcg.PNG/IMG%EF%BC%BF3147.PNG_blur, https://storep-phinf.pstatic.net/ogq_5c7a4110e1762/original_6.png_100",,2025-11-07 15:14:19
naver_blog,224064119505,jungvelylife,https://blog.naver.com/jungvelylife/224064119505,피엠 인터내셔널 피트라인 액션팩 프로모션,"​안녕하세요 ​“사는 동안 건강하자”를 삶의 모토로 매일 건강 루틴을 지켜가는 독일 피엠 정블리입니다.​오늘은 정말 놓치면 아쉬운 대박 소식!​전할게요.​바로바로‼.​피엠 인터내셔널코리아 7주년 기념피트라인 액션팩 프로모션 소식입니다​ ​ Fitline 액션팩 이란 ​피트라인 액션팩은​하루의 활력을 채워주는 파워칵테일​밤사이 회복을 돕는 리스토레이트 를세트로 구성한 인기 제품입니다​균형 잡힌 영양 루틴을 만들고 싶은 분들께가장 사랑받는 조합이죠​​액션팩 구성은​FitLine 파워칵테일 5박스​FitLine 리스토레이트 5박스이고가격은 545,600원입니다​​매년 1년에 딱!! 두 번5월 11월 구매 가능한 특별 프로모션으로​2025년 11월엔​피엠 인터내셔널 코리아가 7주년을 맞이해특별한 구성으로 ‘액션팩 프로모션’을 진행하고 있어요​이번 혜택은 정말 “놓치면 후회할 수준”​ Fitline 액션팩 11월 프로모션혜택 조건 이번 달 한정 피엠 인터내셔널 코리아7주년 스페셜 액션팩 혜택 조건은동일한 주문번호 기준으로액션팩 2세트 구매 시 ​무료 증정 혜택이 적용됩니다!​​​ 파워칵테일 5박스 + 리스토레이트 5박스 구성의 액션팩 2세트 구매 시​파워칵테일 2박스+리스토레이트 2박스 선물 증정​​즉~!!!​파워칵테일12박스 + 리스토레이트12박스 를받으시는 거죠~!!!​​​ ​세트 수량이 늘어날수록 증정 제품도 함께 늘어나는 구조입니다​예를 들면4~5세트 구매 시 👉 4박스+4박스 증정10세트 구매 시 👉 무려 10박스+10박스 증정 ​1인당 최대 10세트까지 구매 가능하고​증정 제품의 소비기한은 2026년 5월 제품부터 출고됩니다​주문은 홈페이지 내 프로모션 창에서 간편하게 가능하고오토쉽(ABO) 구독 중인 팀 파트너 분들이라면 누구나 참여 OK!​혹...오토십 회원이 아니다...그럼 바로 네이버 톡 톡으로 문의하세요​구매 방법 안내드릴게요​https://talk.naver.com/profile/w5vhud​​​ Fitline 액션팩 프로모션 기간 피트라인 액션팩 프로모션 기간은 2025년 11월 1일(토) 오전 11시 11월 30일(일) 오후 11:59입니다​프로모션 수량 소진 시 조기 종료될 수도 있어요.....​ Fitline 액션팩이런 분들께 꼭 추천드려요 ​✔ 아침마다 활력이 떨어진다고 느끼는 분✔ 피로가 쉽게 쌓이고 회복이 더딘 분✔ 꾸준한 영양 루틴으로 건강 챙기고 싶은 분✔ 피엠 제품을 이미 섭취 중이거나 재구매를 고민 중인 분​ 혼자 먹기에 비용이나 소비기한이 걱정이시라면친구나 가족과 함께 2세트 구매 나누는 방법 추천드려요~!!​무료 증정 제품도 함께 나누면더 알뜰하고, 더 똑똑하게 건강 루틴을 챙길 수 있겠죠~~^^​또 좋은 혜택 좋은 정보 안내드릴게요​ ​​​​​",,,,4,0,"#fitline, #건강루틴, #독일피엠정블리, #동안루틴, #리스토레이트, #액션팩, #파워칵테일, #피엠인터내셔널, #피엠피테크, #피트라인","https://blogimgs.pstatic.net/nblog/mylog/post/btn_confirm.gif, https://ssl.pstatic.net/static/blog/profile/img_profile_preset_07.png, https://ssl.pstatic.net/static/blog/profile/img_profile_preset_01.png, https://ssl.pstatic.net/static/blog/img_ani_blogid2.gif, https://postfiles.pstatic.net/MjAyNTExMDRfMjIx/MDAxNzYyMjE5NDQwODQ4.sVWR34igCDs08j0yx-S78wc8kSf2hpPqRMls3UMhd98g.czEzamhbclAN5lAns-lCvaMuQhTvm3OrRpMjxfDmZXog.JPEG/900%EF%BC%BF1762219440537.jpg_blur, https://ssl.pstatic.net/static/blog/profile/img_profile_preset_08.png, https://blogimgs.pstatic.net/nblog/quickeditor/btn_qk_set.gif, https://blogimgs.pstatic.net/nblog/mylog/post/btn_close5.gif, https://storep-phinf.pstatic.net/cafe_001/original_1.gif?type=pa50_50, https://blogimgs.pstatic.net/nblog/mylog/post/btn_download2.gif",,2025-11-07 15:14:37
naver_blog,224034098431,cheina2,https://blog.naver.com/cheina2/224034098431,피엠인터내셔널 파워칵테일이 장 건강에 좋은 5가지 이유,"명절 연휴 잘 보내고 계신가요?5년 넘게 독일피엠 전문가로 활동하는해운대독일피엠 채이나입니다~​(상담 예약 : 010-5595-7239)줌, 전화, 대면 상담 예약제 운영​ 부산 pt 채이나 해운대독일피엠 상담실(예약제) 어렸을 때 저는 명절만 되면 두 살 터울 키 큰 언니랑 늘 비교를 당했는데요!^^;(저처럼 밥 안 먹는 키즈가 있다면 상담 필수ㅋ)​생각해 보니 먹기만 하면 배가 아파서먹기를 꺼려 하고 가리는 음식도 많았네요 소화불량 키작은 아이 복통 유산균 영양제 ​성인이 되고서는 불규칙하게 야근이 잦은 디자인 업무를 했는데, 매일 아침 변비약을 한 움큼씩 사 먹는 것이 일상이었답니다ㅠ © CoolPubilcDomains, 출처 OGQ ​결혼 후 잠시 좋은듯했으나 불규칙한 일상이 패턴으로 고질적인 장 문제를 안고 살았어요. 40대 후반, 피엠쥬스를 만나기 전까지는요!ㅠㅠ...그러다 5년 4개월 전 피엠쥬스를 만났네요! 피엠인터내셔널 파워칵테일 색깔 ​평생 내겐 없을 것 같았던 1일 1💩정말 뱃속이 편하니 만사가 편해지더라고요 독일피엠을 만나 건강 공부를 하면 할수록“장(腸)이 건강해야 몸이 건강하다""라는 말을 뼛속 깊이 실감하게 된답니다 피엠쥬스 액티바이즈 맛 효능 뛰어나 ​장 속의 미생물들이 우리 몸의 면역력과 피부, 심지어 기분까지 영향을 준다고 하네요.​그래서 단순히 유산균만 먹는 게 아니라 유산균 + 유산균 먹이 + 영양소를 함께 챙기는 게 중요하답니다.​그렇다면 왜 이렇게 피엠인터내셔널의 파워칵테일이 장 건강에 좋은건지,그 근거와 성분에 대해 이야기해볼게요. 5가지 이유로 쉽고 명확하게 정리는 기본 😊이쯤에서 해운대독일피엠2 이웃추가 해주세요ㅋㅋ 피엠인터내셔널 파워칵테일이 장 건강에 좋은 5가지이유​1️⃣락토바실러스가 나쁜 균 억제​피엠인터내셔널 파워칵테일 속, 장에 좋은 유산균인 락토바실러스(Lactobacillus)는장 속에서 나쁜 세균 증식을 막아주고,음식 찌꺼기가 잘 배출되게 만들어 배를 편안하게 해준답니다.​쉽게 말하면 장 속의 “청소부” 예요!🧹 파워칵테일 아침주스 영양주스 세포주스 채이나 락토바실러스는 위산에도 잘 견디기 때문에,다른 유산균보다 장까지 살아남을 가능성이 높으며 ,꾸준히 섭취하면 변비, 설사, 복부 팽만 같은 불편함이 줄어들 수 있답니다. 2️⃣프리바이오틱스- 유산균 먹이​유산균도 밥을 먹어야 오래 살 수 있겠죠?그 밥이 바로 프리바이오틱스예요 🍽️독일피엠 파워칵테일에는 *이눌린(inulin)이라는 천연 프리바이오틱스가 들어 있어요.​이눌린은 식물에서 나오는 특별한 섬유질로유산균이 먹으면서 더 잘 자라도록​ 도와주는 “먹이” 같은 역할을 해요. 그래서 유산균이 장 속에서 오래 살아남고, 더 많이 늘어나도록 도와주는 거예요.​즉, 파워칵테일은 유산균 + 유산균 먹이 두 가지를 동시에 챙길 수 있는 똑똑한 제품! 독일피엠 파워칵테일 야채과일 성분 사진 ​3️⃣식이섬유가 장을 깨끗이 청소​피엠인터내셔널 파워칵테일에는 귀리 섬유, 완두콩섬유같은 식이섬유가 풍부하게 있어요.​이 식이섬유들은 변이 부드럽게 하고장 속 노폐물을 붙잡아 배출하는 청소기 같은 역할을 합니다.​또한 식이섬유는 장 안의 좋은 세균들이 살기 좋은 환경을 만들어주지요. 해운대독일피엠 부산 독일pm 상담센터 꾸준히 섭취하면 장이 깨끗해지고, 변비 예방 및 속 더부룩함 완화에 도움 ​4️⃣효소,항산화 성분- 장 튼튼히​독일 피엠사의 파워칵테일이 색깔도 예쁘고 맛도 좋다 보니, 당근주스나 토마토주스 정도로 여기시는 분들이 계신데요^^;;​ 사실 파워칵테일 속에는 야채, 과일 25종식이섬유6종, 유산균2종,그 외 비타민B군,비타민C, 베타카로틴 등등이 들어있는 파워풀한 영양 종합 주스랍니다. ㅋㅋ 피엠인터내셔널 성분표 참조 ​​ 독일pm 파워칵테일 야채 과일 또한 소화 효소(아밀라아제, 프로테아제)가 음식을 더 잘게 부수고 흡수시키지요.덕분에 장이 부담 없이 일을 할 수 있답니다. 해운대독일피엠 블로그강사 피엠전문가 또한, 파워칵테일에는 브로콜리, 강황, 과일, 허브 등의 항산화 성분이 들어 있어요.이 성분들은 장벽을 건강하게 유지하고, 염증을 줄여주는 역할을 해요.즉, 장 속 “환경 정비”를 해주는 셈이에요 🌿 5가지 좋은 이유 중 마지막으로는5️⃣비타민, 미네랄 장 면역 높여​피엠인터내셔널 파워칵테일에는비타민C, 비타민 B군, 비타민E, 셀레늄 등 다양한 영양소가 함께 들어 있어서 장 점막을 보호, 장내 유익균 성장을 돕지요.​장 건강 = 면역력이런 영양소들이 함께 작용하면 몸 전체가 더 활기차고 건강해질 가능성 up💪 독일pm쥬스 정기구독 오토십 정품 확인 해운대pm 총정리 해드립니다! 파워칵테일이 장건강에 좋은 5가지 이유​1️⃣락토바실러스 유산균- 장 속 균형유지2️⃣프리바이오틱스- 유산균 증식에 도움3️⃣식이섬유- 노폐물 제거 역할4️⃣효소·항산화 성분- 장벽 보호5️⃣비타민·미네랄- 장 면역력 강화도움 그러므로 파워칵테일은 장 건강에 확실히 도움을 줄 수 있는 제품이에요!!​매일 아침 한 잔의 파워칵테일로 편안한 하루를 시작하세요😊 ​피엠인터내셔널 젤슈츠가 궁금하신분은 아래링크를 클릭하여 더 많은 정보를 보세요!https://blog.naver.com/cheina2/224030744844 독일PM쥬스 젤슈츠 효능 영양사면허와 다이어트코치 자격증이 있는 해운대독일피엠 채이나입니다. 6년 차 누적회원 2천여명을 관리... blog.naver.com ​​아래 이미지를 클릭하시면 바로 전화연결(문자로 상담예약 문의가능) ↑↑↑ 이미지를 클릭하시면 바로 전화연결 됩니다. 이상으로 해운대독일피엠 채이나 였습니다.감사합니다.더 좋은 포스팅으로 뵙겠습니다!♥좋아요! ◆이웃추가 부탁드려요^^",,010-5595-7239,,6,1,"#장건강영양제, #파워칵테일, #피엠인터내셔널","https://postfiles.pstatic.net/MjAyNTEwMDdfNzgg/MDAxNzU5ODE1MTA1MTIz.byzwNO1rTBe-HFzDJ5kWU178UgJhwlyLH4scZ2fdMvAg.9TKrHom9AloHKJ4SO7Wkj4LOlesUlNaaloeESRRMP2og.JPEG/SE-bd31de33-a323-11f0-ae64-e35e9537b099.jpg_blur, https://blogimgs.pstatic.net/nblog/mylog/post/btn_confirm.gif, https://ssl.pstatic.net/static/blog/profile/img_profile_preset_07.png, https://ssl.pstatic.net/static/blog/profile/img_profile_preset_01.png, https://ssl.pstatic.net/static/blog/img_ani_blogid2.gif, https://postfiles.pstatic.net/MjAyNTEwMDdfMjY1/MDAxNzU5ODE4MTY5MDA2.GGUsZaFDbCyTMim2416aQhWtTyXxiWNJK6u2I46Jbj4g.mFSuHN1TEew-XAoepwTq8H4vltRksN8jUWPRvzI1bsgg.JPEG/SE-9a4da660-b563-456d-8a63-9542498a2cf1.jpg_blur, https://ssl.pstatic.net/static/blog/profile/img_profile_preset_08.png, https://blogimgs.pstatic.net/nblog/quickeditor/btn_qk_set.gif, https://blogimgs.pstatic.net/nblog/mylog/post/btn_close5.gif, https://storep-phinf.pstatic.net/ogq_5c438b1a7f6ce/original_6.png_100",,2025-11-07 15:14:44
naver_blog,224049367183,contents-lab,https://blog.naver.com/contents-lab/224049367183,[ 피엠 인터내셔널 ] 2025 내셔널 콩그레스 리뷰 | 지금이 PM 시작하기 가장 좋은 타이밍인 이유,"​​ ​​2025 NC 피엠의 새로운 소식들​최대 규모 연례행사내셔널콩그레스 리뷰​​ ​​#피엠인터내셔널 #독일피엠 #피엠쥬스#피엠내셔널콩그레스스 #피엠프리미엄그룹​​​​ 피엠 인터내셔널최대 규모 행사 내셔널콩그레스PM 사업의 새로운 기회가 열리다 ​​​​2025년 10월, PM International 역사상 가장 큰 규모의 내셔널 콩그레스가 개최되었습니다. ​​현장 12,000명, 온라인 20,000명 총 32,000명이 참여한 이번 행사에서 PM의 미래를 바꿀 중대한 발표들이 이어졌습니다.​​ ​ 🎙️롤프 소로그 회장님 연설 Rolf sorg ""한국은 PM International 역사상 가장 빠르게 성장한 국가입니다. ​시장 잠재력은 490억 달러입니다. 우리는 아직 10%도 달성하지 못했습니다. 성장 가능성이 무한합니다."" ​1. 회사의 글로벌 성장​-인프라 투자 유럽 본사: 2003년 착공, 2004년 이전 ​-아시아태평양 본사: 싱가포르 (2,200만 유로 투자) ​-미주 본사: 11월 7일 리본커팅 예정 (2,200만 달러 투자)​​2. 성과와 인정 ​- 5년 연속 전 세계 다이렉트 세일즈에서 가장 빠르게 성장하는 기업 ​- 23회 연속 독일 탑 이노베이터 상 수상 (독일 최고 혁신기업 100개 중 하나) ​- 포브스 표지 등장 (직접판매 기업 최초) ​- 올해 목표: 40억 달러 매출 (25% 성장률) ​​ ​​3. 제품 혁신​- 기존 제품 성과 디드링크: 재출시 후 250% 판매 증가 (월 65,000개 판매) ​- 92개 특허 보유 + 37개 특허 출원 중 ​- C밸런스(혈당 블로커) 특허 획득 ​- NTC(영양소 전달) 기술의 우수성 ​- 신제품 론칭 ​ 얼티메이트 영 3분 리프팅 효과 시장에서 가장 안전한 pH 수준 눈가 임상 실험 완료 모든 피부톤에 100% 매칭 경쟁력 있는 가격 ​ 포에버 중장기 안티에이징 효과 유럽 기술 + 한국/아시아 혁신 결합 전 세계 어디에도 없는 독특한 NTC 개념 AI 통합 전체 제품 라인은 내년 공개 예정 ​​ ​​4. 7주년 특별 프로모션​- 10월 프로모션 (10/15-11/14, 30일간) 피트라인 클럽 캠페인 신규 ABO 가입자마다 액티바이즈 1개 무료 증정 ​- 11월 프로모션 역대급 액션팩 (구체적 내용은 추후 공개) ""평생 다시 없을"" 특별 혜택 30-50% 추가 수익 기회 IMM 인센티브 자격 첫 달 (프랑크푸르트 WMC 2026) ​- 12월 프로모션 추가 매직 이벤트 예고​​ ""한계는 오직 자신의 마음속에만 존재합니다. 완벽하지 않아도 80% 노력으로 꾸준히 행동한다면 성공 가능합니다."" ​ ​ ❤️ 비키 소로그 자선대사 Vicki sorg ​ 비즈니스를 넘어선 영향력 제품 판매와 데모를 통해 고객의 삶 개선 전 세계 취약 계층 아동 지원 ​""단순히 비즈니스가 아닌 사람들의 삶을 바꾸는 일"" ​​1. PM 인터내셔널의 사회적 책임​""우리는 발자국을 남기며 사람들의 삶을 바꾸고 있습니다"" ​제품으로 건강한 삶 지원 수익의 일부로 취약 아동 지원 말 그대로 세상을 변화시키는 비즈니스 ​팀 파트너들의 역할 매 판매, 매 데모가 아이들의 삶을 변화 자신감 있게 말할 수 있는 차별점 다른 기업과 확연히 구별되는 가치 ​​2. 월드비전 파트너십​- 파트너십 규모와 역사 PM 인터내셔널의 위상 월드비전의 가장 큰 기업 후원자 전 세계적으로 가장 큰 이윤 기여 기업 2013년부터 10년 이상 지속적 협력 ​- 공식 인정 월드비전 코리아로부터 감사패 전달 장기 파트너십에 대한 공식 감사 신뢰받는 파트너로서의 지위 ​월드비전의 메시지 ""가장 취약한 아이들을 도와주셔서 감사합니다"" ""월드비전 코리아는 항상 여러분들께서 하시는 일에 자부심을 느껴왔습니다"" ​​3. 구체적인 지원 프로젝트전체 규모 45개 프로젝트 운영 전 세계 다양한 지역에서 동시 진행 체계적이고 지속적인 지원 시스템 장기적 관점의 개발 프로젝트 직접 수혜자 6,600명 이상의 아동과 가족 ​ ​​4. 실제 수혜자의 증언​월드비전 코리아 대표의 성공 스토리 ​- 과거의 상황 ""정말 가난한 인생을 시작했습니다"" 극빈층 가정 출신 기회조차 없는 환경 희망 없는 미래 ​- 월드비전 후원의 영향 ""후원 덕분에 멋진 한국의 남자가 되었습니다"" 교육 기회 획득 인생의 전환점 완전히 달라진 미래 ​- 현재의 성취 교수가 됨 과학자가 됨 기업가가 됨 ​이제는 다른 아이들을 돕는 사람으로 후원의 힘에 대한 증언 ​작은 것의 큰 영향 ""이 작은 것이 얼마나 기여할지 가끔 의심할 때도 있을지 모르겠지만..."" ""여러분의 후원은 한 아이의 인생을 변화시킵니다"" ""바로 제가 그 증거입니다""​​5. 비키 소로그의 핵심 메시지​""여러분들이 매일같이 하고 있는 일, 이게 정말 대단한 의지라고 생각합니다""​""매일같이 하시는 업무에 정말 감사합니다"" ​""PM 인터내셔널과 함께하는 우리 모두는 세상에 사랑을 전하고 있습니다"" ​타 기업과의 차이PM 인터내셔널의 규모와 진정성이 특별 세계 최대 규모의 기업 후원 ​​ ""저희 팀에게 이 말씀 꼭 드리고 싶습니다""​""지금 이 세상에서 우리가 희망의 등불입니다"" ​ ​​ 🌏 마커스 샌더스트롬 Marcus Sandstrom ""한국은 7년간 가장 빠르게 성장한 시장입니다""​아태 지역 핵심 시장 한국은 전 세계 3위 시장 ​QM 제도 완전 폐지 ​마커스 샌더스트롬 APAC CSO의 충격 발표:​​ 10년 전 도입했던 QM 제도를 완전히 폐지합니다. 아시아태평양 시장이 성숙한 시장으로 인정받았습니다. QM 폐지의 의미즉시 매니저 등록 가능진입장벽 완전 제거신규 사업자 빠른 성장 가능​아시아 시장 성과PM 글로벌 매출의 50% 이상 차지한국이 아시아 성장 견인일본, 말레이시아, 태국 동반 성장​​​2. 인프라 투자​싱가포르 본사2,200만 유로 투자아시아 허브 역할물류 및 교육 센터​중국 진출최종 승인 단계2026년 본격 영업 예정""게임체인저가 될 것""​신규 시장 전략베트남, 인도네시아 확대인도 시장 진출 검토동남아 전체 커버리지 목표​​ 글로벌 네트워크 ""저희는 전 세계적인 회사입니다"" ​""어디를 오시든지 사무실 문은 여러분들을 위해서 항상 열려 있습니다"" ​ ​ 🎙️오상준 지사장님 PM 인터내셔널이 아주 윤리적이고 모든 면에서 선두에 있다는 점​""세계 경제와 모든 문화를 인도하고 있다"" ​​1. 가격인상 철회​관세 문제 미국의 과도한 관세 정책 관세 관련 문제가 매우 심각 한국 경제 타격​ ""우리나라는 특히 많은 타격을 받고 있는 현실"" ​환율 문제 독일에서 유로화로 제품 수입 달러 상승으로 유로화도 동반 상승 수입 비용 증가 압박 ​PM 코리아의 대응 가격 동결 결정 ​""금년 5월에도 원래 가격 인상을 예정했으나, 팀 파트너분들을 위해서 인상하지 않았습니다"" ​​2. QM 제도 폐지 (역사적 전환점)​QM 제도란? 아시아 태평양 시장 오픈 시 도입 새로운 시장 진입 시 견제 장치 ​10년 전: 이머징 마켓(신흥 시장) 10년 후: 성숙한 시장으로 성장 ​한국의 질주 일본, 말레이시아 등 아시아 전역의 성장 ​""이제는 아시아 퍼시픽 시장이 믿음직스러운 성숙한 시장이 되었다는 점"" ​​ 즉시 매니저 등록 가능​""새로운 시장에 들어갈 때마다 항상 견제하는 QM 제도를 폐지하고,제한 없이 누구나 등록하면 바로 매니저가 될 수 있습니다"" ​​ ​🧪 버나드 처 & 줄리안 웨그후버 ​1. 피트라인 제품의 핵심 역량​프리미엄 제품 철학 프리미엄 제품으로 포지셔닝 최대 안정성, 최고 품질, 최상의 결과 추구 독일 GMP 표준 준수 독립 검증 기관의 엄격한 품질 관리 ​​NTC (Nutrient Transfer Concept) - 영양소 전달 개념 PM International의 핵심 차별화 기술 체외 및 체내 효과적 전달 시스템 화장품과 건강보조제 모두 적용​​ NTC의 핵심 요소 충분한 수분 섭취로 빠른 흡수 엄선된 고품질 원료로 시너지 효과 흡수 부스터(Absorption Booster) 적용 다양한 경로(장, 점막 등)를 통한 전달 최신 과학 연구 기반의 전체론적 접근 ​특허 현황 92개의 특허 기반 기술 37개의 신규 특허 보유 모든 피트라인 제품에 특허 기술 적용 신규 흡수 부스터 개발 진행 중​​ ​​신제품 관련 과학적인 데이터와 자료들은법적인 문제로 공개 불가인걸로 알아요.아쉽지만자세한 내용은 프리미엄 그룹메신저를 통해 공유할께요​​ ​​🌅 친구들과 함께라 더 특별했던 시간 ​​ 너희 BA 갈때나도 한번 데리고 가줘 ​​인스파이어에서내셔널 콩그레스 하는데거기 가볼래?​​고등학교 시절부터 이어진우리의 인연이어떻게 40이 넘어서 다시 이어진건지,,​​이런게 인연인건가?​​선영이와 내가 BA 다니는 모습이너무 재미있어보이고특별히 관리하는 거 없는데여전히 생기있는 게 신기하다고궁금해하던 친구와​​나들이 삼아내셔널 콩그레스로 출발!​​​​​ ​​우리가 좋아하는 제품을 같이 좋아해주고함께 건강해진 후기를 나누고​​피엠의 연중 최대 행사인내셔널 콩그레스 현장도함께 누비며 좋아해주는 모습에​​왜 내가 더 고마운지^^​​네트워크 초보인 우리는아직도 여전히보상플랜을 통한 사업확장보다제품으로 지인들의 건강을 챙기고후기와 정보를 나누며하나씩 진정성있게 나아가는 것이더 의미있지 않나 생각합니다.​​뭐가 정답인지는 모르겠지만느리게 가면 어때요~​​나아가는 과정도 즐거운데^^​​​ ​​인스파이어 아레나!너무 커서 우리 팀이랑 스치듯 보고많은 리더 사장님들과 인사도 못했지만​​12000명이 한 곳에 모인 광경은 상상 이상이었어요. ​​무대 위 거대한 스크린, 화려한 조명, ​​그보다 더 빛나던사람들의 눈빛. ​​각자의 꿈을 품고 모인 사람들의 열정이 공기 중에 진동하는 것 같았어요.​​​​ ​​누군가의 삶을 바꾸는유일한 도구​​건강, 행복한 삶, 자유를 주는완벽한 도구​​저는 피엠이라고 생각합니다!​​​ ​​아니, 얼마나 좋길래매출 성장률이 5년 연속 1위고포브스 표지모델로네트워크 회사 대표가 인터뷰를 해?​​​그게 그렇게 좋아?!!​​​영양제 잘 챙겨 먹지만늘 피곤하고통증도 살도 그대로라면​​​이참에 피엠으로바꿔보는 건 어떠세요?​​한달간피엠의 베스트셀로액티바이즈 1통이 무료!!​​​10년간 유지됐던피엠의 QM제도도 폐지!!​​​저는 지금이피엠을 시작하기 딱 좋은타이밍인 것 같은데,,​​프리미엄 그룹이 준비하고 있었던플랜을 알기라도 한건지회사가 저희에게 딱 맞는프로모션까지 제공해주고 있거든요​​어떤 계획과 전략을 가지고이 기회를 잡으려고 하는지한번 들어보고 판단해주세요^^​​​이렇게 외부로 뿌려지던 자료가 멈췄는데우리가 이 일을 계속 열심히 했다는건보여지지 않는 자료가더 늘었다는 뜻 아니겠어요 ㅋ​​​지금이야말로 최고의 기회입니다. ​​​시작은 지금부터입니다.​​​ ​​​​#피엠인터내셔널#독일피엠#피엠쥬스#피엠프리미엄그룹#피엠임희정#피엠주스#피엠내셔널콩그레스​​​​​​",,,,3,0,"#, #독일피엠, #피, #피엠내셔널콩그레스, #피엠내셔널콩그레스스, #피엠인터내셔널, #피엠임희정, #피엠주스, #피엠쥬스, #피엠프리미엄그룹","https://blogimgs.pstatic.net/nblog/mylog/post/btn_confirm.gif, https://ssl.pstatic.net/static/blog/profile/img_profile_preset_07.png, https://ssl.pstatic.net/static/blog/profile/img_profile_preset_01.png, https://ssl.pstatic.net/static/blog/img_ani_blogid2.gif, https://postfiles.pstatic.net/MjAyNTEwMjJfMjIy/MDAxNzYxMDYwMjMxMzcy.Kp-Dqh3C_jewYuOW-SgS-ijHzlXemuy0sFN8MeKmGiUg.V67-5Ry5i_sPIvFpW4vqEw6O--xbU088oqm2k7cPmW0g.JPEG/output%EF%BC%BF2095596509.jpg_blur, https://ssl.pstatic.net/static/blog/profile/img_profile_preset_08.png, https://blogimgs.pstatic.net/nblog/quickeditor/btn_qk_set.gif, https://blogimgs.pstatic.net/nblog/mylog/post/btn_close5.gif, https://postfiles.pstatic.net/MjAyNTEwMjJfMTcg/MDAxNzYxMDcwNTk3MjQ3.1McP_ZQ2H6CXRievnezsCFhJx6_W-S3XA8YQkPfMPUAg.YDm3_xDvoZ7EkejlhHeTCBvQRu7zLzHu3vL5ssM4-ocg.PNG/image.png_blur, https://postfiles.pstatic.net/MjAyNDA1MDlfODMg/MDAxNzE1MjU5MzQ3MTQ0.SLH0gtvo7bbnx_HCEK1gkW_LZUEbdiASmiHX86mUmG8g.eGVupWFWmmSF2d2dgxq8noxM5LrKnpv7AzVrLy3YkDAg.GIF/%C1%A6%B8%F1_%BE%F8%C0%BD.gif",,2025-11-07 15:14:52
naver_blog,224047740798,shinsang_beauty,https://blog.naver.com/shinsang_beauty/224047740798,"스피루리나, 피엠인터내셔널 액티바이즈 레몬라임 속 슈퍼푸드의 비밀","🌿 스피루리나, 피엠인터내셔널 액티바이즈 레몬라임 속 슈퍼푸드의 비밀바쁜 하루 속에서 피로는 쌓이고, 에너지는 점점 떨어진다고 느끼신 적 있나요?커피나 에너지음료 대신 자연의 힘으로 활력을 채워주는 제품을 찾고 있다면, 오늘 소개할 ‘피엠인터내셔널 액티바이즈 레몬라임맛’을 눈여겨보세요. 이 제품에는 슈퍼푸드로 불리는 ‘스피루리나’가 함유되어 있어,단순한 비타민 음료가 아닌 진짜 에너지 밸런스 음료로 불릴 만합니다. 스피루리나 피트라인 액티바이즈 레몬라임맛 ✅ 스피루리나란?스피루리나는 단세포 남조류로, 지구상에서 가장 오래된 생명체 중 하나입니다.그 작은 생물 안에는 무려 60~70%의 단백질이 들어 있으며,비타민, 미네랄, 엽록소, 피코시아닌(항산화 성분) 등이 풍부하게 들어 있습니다.​세계보건기구(WHO)는 스피루리나를 “21세기 최고의 건강식품 중 하나”라고 지정했을 정도로, 그 영양가가 탁월하죠. 특히 스피루리나는피로 회복면역력 강화체내 독소 배출피부 건강 개선등에 도움을 주는 것으로 알려져 있습니다. 🍋 피엠인터내셔널 액티바이즈 레몬라임맛 속 스피루리나피엠인터내셔널의 FitLine Activize Lemon-Lime 제품은비타민 B군과 비타민 C를 주원료로 하여 체내 에너지 대사와 세포 보호를 돕습니다.​그런데 이 제품이 특별한 이유는,바로 부원료로 스피루리나 농축액이 함유되어 있기 때문이에요. 이 한 가지 차이가 기존의 액티바이즈(레드캔 버전)와의 가장 큰 차별점입니다.기존 액티바이즈: 비트뿌리추출물 중심레몬라임 액티바이즈: 스피루리나 농축액 포함즉, 스피루리나의 항산화력과 천연 에너지원이 더해져보다 깨끗하고 상쾌한 에너지 부스팅을 느낄 수 있습니다. 피트라인 액티바이즈 과라나 추출물, 스피루리나 농축액 ⚡ 달달하지만 인공적이지 않은 이유많은 분들이 “피엠 액티바이즈는 달콤해서 마시기 좋아요”라고 말씀하시죠.하지만 이 단맛은 일반 음료의 인공 감미료와 다릅니다.포도당(천연당)이 들어 있어,빠르게 흡수되어 에너지로 바로 전환되며​피로한 몸을 즉각적으로 깨워주는 역할을 합니다.게다가 상큼한 레몬과 라임의 천연 향이 더해져운동 전후나 집중력이 필요한 시간에자연스럽게 마실 수 있는 건강한 ‘비타민 에너지 드링크’가 됩니다. 💚 이런 분들에게 특히 추천합니다✅ 카페인 없이 에너지 보충을 원하시는 분✅ 비타민 B군이 부족해 피로감을 자주 느끼는 직장인✅ 달콤하면서도 건강한 음료를 찾는 분✅ 피부 톤이나 활력 개선에 관심 있는 분✅ 피엠 제품 중 상큼하고 부드러운 맛을 선호하는 분​하루 1~2회 정도, 물이나 스파클링 워터에 3스푼 정도 타서 마시면기분 좋은 산뜻함과 함께 활력이 돌아옵니다.​여름에는 얼음과 민트를 넣어 모히토처럼 즐기기도 좋죠.(피엠 공식 교육자료에서도 추천하는 레시피입니다.) 스피루리나 피트라인 액티바이즈 먹는 방법 🧬 피엠인터내셔널의 NTC 시스템이 만든 흡수력피엠 제품이 특별한 이유는 단순히 원료 때문만이 아닙니다. 모든 FitLine 제품에는 NTC®(Nutrient Transport Concept) 기술이 적용되어 있습니다.​이는 영양소가 필요한 시점에, 필요한 곳으로, 최적의 속도로 전달되도록 설계된 시스템이에요. 즉, 스피루리나에 들어 있는 유효 성분이나 비타민 B군, C 등이 몸속에 효율적으로 흡수되어 낭비 없이 에너지로 전환되도록 돕는 것이죠. 🌱 스피루리나가 주는 에너지의 차이스피루리나는 단순히 ‘영양이 풍부한 식품’이 아니라몸속 에너지 공장인 미토콘드리아의 기능을 지원하는 영양소입니다.​비타민 B군과 함께 작용해탄수화물 → 에너지로 전환산화 스트레스 완화세포 재생 촉진 등의 작용을 하므로, 꾸준히 섭취할수록 몸의 리듬이 살아나는 걸 느낄 수 있습니다.​그래서 액티바이즈 레몬라임맛을 마신 분들 중에는“피곤함이 덜하고, 머리가 맑아졌다”“운동 전후에 마시니 회복이 빠르다”는 피드백이 많습니다. 🧡 맛있게 건강을 챙기는 습관스피루리나 하면 ‘녹색 맛’, ‘비린 맛’을 떠올리는 분들도 있죠. 0초 0초 광고 후 계속됩니다. 다음 동영상 subject author 취소 스피루리나 독일피엠 주스 액티바이즈 레몬라임맛 재생 0 좋아요 0 좋아요 공유하기 재생 (space/k) 재생 00:08 0:00:00 재생 (space/k) 재생 음소거 (m) 음소거 00:00 / 00:08 실시간 설정 전체 화면 (f) 해상도 자동 480p 자막 사용 안함 재생 속도 1.0x (기본) 해상도 자동 (480p) 1080p HD 720p HD 480p 270p 144p 자막 설정 사용 안함 옵션 글자 크기 배경색 재생 속도 0.5x 1.0x (기본) 1.5x 2.0x 죄송합니다. 문제가 발생했습니다. 다시 시도해 주세요. 도움말 음소거 상태입니다. 도움말 라이센스 고화질 재생이 가능한 영상입니다. 설정에서 해상도를 변경해보세요. 더 알아보기 00:00 접기/펴기스피루리나 독일피엠 주스 액티바이즈 레몬라임맛#레몬라임맛#액티바이즈 하지만 액티바이즈 레몬라임맛은 그런 걱정이 전혀 없습니다.​스피루리나의 영양은 그대로 유지하면서상큼하고 달콤한 맛으로 부담 없이 즐길 수 있거든요.피엠인터내셔널은 이처럼“건강을 꾸준히 챙길 수 있도록 맛의 장벽을 낮춘 제품”이라는 점에서 많은 분들의 꾸준한 선택을 받고 있습니다. 스피루리나는 이제 단순한 슈퍼푸드를 넘어,현대인의 피로와 스트레스를 다스리는 천연 에너지 공급원으로 자리 잡고 있습니다.그 스피루리나가 들어 있는피엠인터내셔널 액티바이즈 레몬라임맛은비타민 B군과 C, 그리고 천연 원료의 조화로매일의 활력을 책임지는 완벽한 데일리 파트너가 되어줄 거예요. 🌿 “내 몸의 에너지를 자연에서 채우세요.”오늘부터 액티바이즈 레몬라임으로 건강한 활력을 시작해보세요. ​이 글이 도움되셨다면댓글과 이웃추가♡ 지인들에게공유해주세요",,,,2,1,"#건강정보, #레몬라임맛, #스피루리나, #액티바이즈","https://blogimgs.pstatic.net/nblog/mylog/post/btn_confirm.gif, https://ssl.pstatic.net/static/blog/profile/img_profile_preset_07.png, https://ssl.pstatic.net/static/blog/profile/img_profile_preset_01.png, https://ssl.pstatic.net/static/blog/img_ani_blogid2.gif, https://postfiles.pstatic.net/MjAyNTEwMjBfNTQg/MDAxNzYwOTUwODYyNzYz.XPYaY3lzVs90QmhllbcjbCM2PBtGI6D4ZnA9GxVv-tQg.k_TQrV4v95mLu4l6h_jHfFTcMEaLA6pF1oIJgk1W1scg.PNG/image.png, https://ssl.pstatic.net/static/blog/profile/img_profile_preset_08.png, https://blogimgs.pstatic.net/nblog/quickeditor/btn_qk_set.gif, https://blogimgs.pstatic.net/nblog/mylog/post/btn_close5.gif, https://postfiles.pstatic.net/MjAyNTEwMjBfMTA5/MDAxNzYwOTUwODg3MjUy._UvYYTgoa4__DpFOkdrqLWMJcGcVg-TWGwoEv4JqFowg.QfMT8I-XK7lMOhHuEBzyuY1xnv0wui0-GChDihCSQb4g.PNG/image.png_blur, https://postfiles.pstatic.net/MjAyNTEwMjBfMjA5/MDAxNzYwOTUzMTg0MzEw.yh_7hbEqeWj6iBb_SvS04c3Lj8_GDKJyz_1gkTTbRbgg.jDzqqG_KSOM_si5HSbpy2E5qqJrMsN8xmBTN4i3CKLsg.JPEG/900%EF%BC%BF1760952910025.jpg_blur",,2025-11-07 15:14:58
naver_blog,224038436380,emo0503,https://blog.naver.com/emo0503/224038436380,피엠인터내셔널 창립자 롤프 소르그 회장 방한! 2025 내셔널 콩그레스 안내,"롤프 소르그 회장님 방한, 내셔널 콩그레스현장으로 초대합니다 🇩🇪 ​피엠코리아에서 매년 단 한 번!글로벌 리더와 함께하는 최대 규모 리더십 이벤트​✨🌍 KOREA NATIONAL CONGRESS 2025​PM-International 창립자이자 CEO,롤프 소르그(Rolf Sorg) 회장님이 직접 한국에 오십니다.​​​1993년 단 한 사람의 철학으로 시작된 PM은현재 전 세계 46개국에 진출,유럽 웰니스 시장 1위 기업으로 성장했습니다.​​이제 그 놀라운 성공 스토리와PM의 비전을 한국 무대에서 직접 체험하세요!​​ 네트워크 최초 포브스 표지모델 피엠 롤프소르그회장님 ​​📅 행사 일정🗓️ 2025년 10월 14일 (화) 오후 1시~6시30분(입장 시작: 오전 11시부터)​📍 행사 장소인스파이어 리조트 아레나(인천 중구 공항문화로 127)​🎁 도어기프트FitLine 액티바이즈 + FitLine 젤슈츠 오렌지맛 ​ ​​​​💬 이 행사가 특별한 이유!✔ 유럽 1위 웰니스 기업의 비전 공유✔ 글로벌 리더들과의 만남✔ 롤프 소르그 회장님과의 미래방향성✔ 성공자 인터뷰 & 리더 시상식✔ 핏라인 신제품 발표​​이 자리는 단순한 행사가 아니라,당신의 인생이 바뀌는 전환점이 될 수 있는 순간입니다.​​​​ ​🌟 ​PM은 ‘꿈을 현실로 만드는 시스템’입니다.아무런 리스크 없이, 글로벌 시장과 연결되는가장 스마트한 비즈니스 모델.​​지금 이 초대장을 보셨다면,당신은 이미 변화의 중심에 서 있습니다.​​✨ 보는 만큼 확신하고, 경험하는 만큼 성장합니다.2025년 10월,14일 그 현장에 함께하세요!​​ 0초 0초 광고 후 계속됩니다. 다음 동영상 subject author 취소 2025 한국 내셔널콩그레스 재생 8 좋아요 0 좋아요 공유하기 재생 (space/k) 재생 00:58 0:00:00 재생 (space/k) 재생 음소거 (m) 음소거 00:00 / 00:58 실시간 설정 전체 화면 (f) 해상도 자동 480p 자막 사용 안함 재생 속도 1.0x (기본) 해상도 자동 (480p) 720p HD 480p 270p 144p 자막 설정 사용 안함 옵션 글자 크기 배경색 재생 속도 0.5x 1.0x (기본) 1.5x 2.0x 죄송합니다. 문제가 발생했습니다. 다시 시도해 주세요. 도움말 음소거 상태입니다. 도움말 라이센스 고화질 재생이 가능한 영상입니다. 설정에서 해상도를 변경해보세요. 더 알아보기 00:00 접기/펴기2025년 10월14일 인천 인스파이어 아레나2025 한국 내셔널콩그레스 ​​​ ​​#피엠코리아 #피엠인터내셔널 #FitLine #피엠행사 #내셔널콩그레스 #롤프소르그회장님 #블루오션 #글로벌리더십 #인스파이어리조트 #피엠세미나 #조이그룹 #조이핏 #독일피엠율라 #구미피엠 #팀파트너20967605 #웰니스비즈니스 #PM사업자 #리더십성장 #글로벌성공 ​",,,20967605,7,0,"#FitLine, #PM사업자, #구미피엠, #글로벌리더십, #글로벌성공, #내셔널콩그레스, #독일피엠율라, #롤프소르그회장님, #리더십성장, #블루오션, #웰니스비즈니스, #인스파이어리조트, #조이그룹, #조이핏, #팀파트너20967605, #피엠세미나, #피엠인터내셔널, #피엠코리아, #피엠행사","https://blogimgs.pstatic.net/nblog/mylog/post/btn_confirm.gif, https://postfiles.pstatic.net/MjAyNTEwMTBfMjE2/MDAxNzYwMDU4MzYxODU0.fW5_r7t3RVElpxqesKPpnFY76a7C_v3YfV8UR2AgNSEg.dmnsmmPK-ZfCv53HgBamAgmLrouU98eEiPQQCLiQ61sg.JPEG/900%EF%BC%BF1760058360753.jpg_blur, https://ssl.pstatic.net/static/blog/profile/img_profile_preset_07.png, https://ssl.pstatic.net/static/blog/profile/img_profile_preset_01.png, https://ssl.pstatic.net/static/blog/img_ani_blogid2.gif, https://ssl.pstatic.net/static/blog/profile/img_profile_preset_08.png, https://blogimgs.pstatic.net/nblog/quickeditor/btn_qk_set.gif, https://blogimgs.pstatic.net/nblog/mylog/post/btn_close5.gif, https://postfiles.pstatic.net/MjAyNTEwMTBfMTMx/MDAxNzYwMDU4MzIxMzg2.u0zxEBWYy3dIz85VtTFhciKa6ZfRhMHXF7c87s_fzNgg.t6D9Spv_VdIhdKs7Ru35PR87RA8ZqVQSZOuxo94wfmwg.JPEG/900%EF%BC%BF1754644891504.jpg_blur, https://blogimgs.pstatic.net/nblog/mylog/post/btn_download2.gif",,2025-11-07 15:15:10
naver_blog,224061510536,njob_,https://blog.naver.com/njob_/224061510536,"피엠인터내셔널 액션팩 연중 최저가 파격행사, 한국 7주년 빅이벤트 구매하기 딱 좋은 타이밍","피엠인터내셔널 액션팩피엠인터내셔널 액션팩피엠인처내셔널 액션팩 안녕하세요:)피엠 쏨언니입니다.​11월1일 회사에서 큰이벤트가진행된다고 했는데,정말 깜짝 놀랄만한 소식으로아침부터 피엠사업자들방이떠들썩했습니다^^ 쏨언니가 어제 블로그에 피엄주스 최저가 이벤트를 올렸는데,와우.!!액션팩!!파워칵테일, 리스토레이트를추가로 주는 역대급 행사 진행중입니다!​피엠 회원 가입 후,오토십 신청하신분들께액티바이즈 1개 증정하는 이벤트도와우~회사에서 통크게 푼다라고느꼈는데요~진짜 역대급 행사인거예요~^^​저는 3년전부터 먹었는데,역대급행사는 처음이였어요~이유는 한국 오픈한지 7주년 기념이랍니다 액션팩이란,​파워칵테일 5박스 리스토레이트 5박스​한세트당 109,120원꼴로총 545,600원으로 구매하실 수 있어요이렇게 5세트를 1조라고 합니다^^​ ​액션팩 2세트(2조)를 구매하시면파워칵테일2박스 리스토레이트2박스무료증정하는 이벤트에요.회사 스케일이 참 크죠~?^^통크게 쏘는 이때~!!구매하기 딱 좋은 타이밍이죠^^ ​피엠인터내셔널 회사포브스에 실린 롤프소로그회장님.기업의 방향,최고의 제품을 가장 좋은 타이밍에구매하실수 있으세요:)궁금하신점은 연락주세요^^​ ​회원가입 안내 해 드립니다:)함께 보면 좋은글^^클릭 돈 안 드는 기회, 피엠 무료회원가입 → 오토십 → 풀세트 사업까지 지금이 타이밍 돈 안 드는 피엠 무료회원가입, 지금이 타이밍.! 안녕하세요:) 피엠파트너 전소미입니다.!! 돈 안 드는 피... m.blog.naver.com ​​#액션팩 #피엠인터내셔널코리아 #피엠인터내셔널 #피엠쏨언니 #피엠주스 #파워칵테일 #리스토레이트 #피엠행사 #건강주스 #롤프소로그 #포브스 #건강산업#네트워크마케팅 #ABO #피엠오토십 #정기구독 #건강기능식품 #독일주스 #건강 #영양제 #빅이벤트 #액션팩행사 #피엠액션팩 #피엠다이어트 #혈관건강 #다이어트 #산소 #혈행개선 #쏨언니건강한수다",,,,11,3,"#2025블로그챌린지, #ABO, #건강, #건강기능식품, #건강산업, #건강주스, #네트워크마케팅, #다이어트, #독일주스, #롤프소로그, #리스토레이트, #빅이벤트, #산소, #쏨언니건강한수다, #액션팩, #액션팩행사, #영양제, #왓츠인마이블로그, #정기구독, #태그, #파워칵테일, #포브스, #피엠다이어트, #피엠쏨언니, #피엠액션팩, #피엠오토십, #피엠인터내셔널, #피엠인터내셔널코리아, #피엠주스, #피엠행사, #혈관건강, #혈행개선","https://postfiles.pstatic.net/MjAyNTEwMzFfMTgg/MDAxNzYxOTA4ODAzOTY1.d_GfPz6k6SKQV-Ca1JB8OfC1trQ0VqxZH_K3SMMfqm8g.NT9ng8XQsUApvJY9HZS6737kZF-1VYx2iNZKN-ZT4VAg.JPEG/BandPhoto%A3%DF2025%A3%DF10%A3%DF31%A3%DF11%A3%DF01%A3%DF07.jpg, https://postfiles.pstatic.net/MjAyNTExMDZfMjc1/MDAxNzYyMzg5MTUzNjg2.qfz77-Oa1PnS1aHWHeRV6z1fp3ehkXI6ikB3DVXOukMg._a04h_ktzFdv5MsuVzdKkkPSNJ3lmLDMXqLi7Vw2i_gg.JPEG/BandPhoto%A3%DF2025%A3%DF11%A3%DF06%A3%DF09%A3%DF31%A3%DF11%A3%DF3.jpg, https://blogimgs.pstatic.net/nblog/mylog/post/btn_confirm.gif, https://ssl.pstatic.net/static/blog/profile/img_profile_preset_07.png, https://ssl.pstatic.net/static/blog/profile/img_profile_preset_01.png, https://ssl.pstatic.net/static/blog/img_ani_blogid2.gif, https://ssl.pstatic.net/static/blog/profile/img_profile_preset_08.png, https://blogimgs.pstatic.net/nblog/quickeditor/btn_qk_set.gif, https://blogimgs.pstatic.net/nblog/mylog/post/btn_close5.gif, https://postfiles.pstatic.net/MjAyNTExMDFfMTAy/MDAxNzYyMDA4NDEwODkx.0lexavrJ3jUtAfGVXD07tF76HnMsrs6gNu7NjNz_fzEg.vg9OwmFl1e3d5aBXp1xT_6-bn_Bj6IfYClfujnRKSpkg.JPEG/1761961350120.jpg_blur",,2025-11-07 15:15:16
naver_blog,224006733964,mct_cnc_,https://blog.naver.com/mct_cnc_/224006733964,피엠인터내셔널 추천인 코드,"피엠인터내셔널 가입시 추천인 코드 넣게 되어 있습니다.21529313 넣어주세요. 팀가격으로 저렴하게 구매하실수 있습니다. PM인터내셔널 은 네트웍마케팅 으로 판매되고 내 추천인 코드를 상대에게 알려주면상대가 제품 구매시 나에게 후원금이 쌓이게 됩니다. ​피엠인터내셔널 제품을 먹어보고 내 몸의 변화에 만족하신다면, 지인에게 추천하고, 그 노력의 댓가를 지불받게 되는 시스템입니다. 이걸 흔히 다단계라 합니다. ^^왜그런지 모르겠지만 다단계 에 대해 안좋은 시선으로 보는 사람들이 많습니다. 저도 그중 하나였는데요. ​건강식품 판매회사에겐 이 보다 획기적인 마케팅 방법이 없습니다. 자사제품으로 직접 효과본 사람들이 지인들에게 소개하고 , 그 보상을 받으니, 그 경로가 몇번 반복하면 기하급수적으로 홍보가 됩니다. 국내에 수많은 다단계 회사가 있습니다. 제품력이 뛰어난 회사는 시간이 갈수록 매출이 늘고 회원이 늡니다. ​피엠인터내셔널 제품군은 단순하지만, 짧은 시간내에 많은 판매량을 자랑합니다. 피엠인터내셔널 제품을 체험하고, 같이 공부해 보실까요.?​ ​전 공복혈당이 높아 당뇨 판정을 받았고, PM인터내셔널 제품군중 당관리 제품을 선택하여, 섭취해 보고 변화를 기록할 생각입니다. 지방간도 좀 있습니다. 곧있으면 간 관련 제품이 라인업 된다는데 기대가 큽니다. ​",,,21529313,5,15,"#PM인터내셔널추천인코드, #tag, #피엠인터내셔널추천인번호, #피엠인터내셔널추천인코드","https://blogimgs.pstatic.net/nblog/mylog/post/btn_confirm.gif, https://ssl.pstatic.net/static/blog/profile/img_profile_preset_07.png, https://ssl.pstatic.net/static/blog/profile/img_profile_preset_01.png, https://ssl.pstatic.net/static/blog/img_ani_blogid2.gif, https://ssl.pstatic.net/static/blog/profile/img_profile_preset_08.png, https://blogimgs.pstatic.net/nblog/quickeditor/btn_qk_set.gif, https://blogimgs.pstatic.net/nblog/mylog/post/btn_close5.gif, https://blogpfthumb-phinf.pstatic.net/MjAyNDA1MTBfMjAg/MDAxNzE1MzIzMTMxOTI5.HvMCY88v_ZC68MktzK0gRsPOLYEtgPaG2abxp0R2Hiog.SeFsZigpJpI5ioyCnksxhR3r7wPYnsFXY4e3w5hBTYcg.JPEG/%EC%9A%B0.jpg/%25EC%259A%25B0.jpg, https://blogimgs.pstatic.net/nblog/mylog/post/btn_download2.gif, https://ssl.pstatic.net/static/common/btn/btn_confirm2.gif",,2025-11-07 15:15:22
naver_blog,223980652649,ttlboy,https://blog.naver.com/ttlboy/223980652649,피엠인터내셔널 8월 월말 추가 5+1프로모션 행사 안내,"독일pm주스 8월 프로모션 안내 안녕하세요^^8월 한여름 무더위 속에서 건강관리는선택이 아닌, 필수가 되어버렸습니다!하지만 바쁜 일상 속에서 제대로 된 ​영양소를 챙기기는 쉽지가 않은데요. 그래서 많은분들이 간편하게 물이랑 타서 맛있게 드실 수 있는 독일pm주스를 찾고 계시는 것 같습니다 !!​​ 이번 8월달은 더 특별하게 한정으로 5+1프로모션이 진행되기 때문에건강을 챙기면서 합리적인 가격 혜택까지 누릴 수 있는 절호의 기회가 되실겁니다! 왜 독일 피엠주스 프로모션에 주목해야 할까요? 고금리, 계속 오르는 물가.. 경지침체... 정말 많은 이유들이 있는데요. 건강기능식품 가격도 예외는 아닙니다!​하지만 이번 8월 피엠은 정품 피트라인 제품을 가장 합리적인 조건으로 만나 보실 수 있게 준비를 하였습니다 ! ​여름철 무더위로 지치기 쉬운 몸!수분과 영양 밸런스를 지키는 게 무엇보다 중요합니다 !! ​단순 할인! 5+1프로모션이 아닌, 사랑하는 내 가족들과 같이 챙겨 드실 수 있는 프리미엄! 건강기능식품! 제품입니다 !​ 독일피엠주스 3종 독일피엠주스는 가루분말 형태로 되어 있어서 물과 함께 언제 어디서나 챙겨 드실 수 있는 건강기능식품입니다. ​풍부한 영양소와 타 먹는 재미!! 그리고 맛까지 있는 독일pm주스입니다 !평소에 잘 챙겨 드시지 못했던​과일, 야채, 식이섬유, 유산균, 비타민, 무기질 등등 필요한 영양소를 간편하게 챙겨 드시면서 건강한 루틴을 만들어 보시는걸 추천드립니다 !! 건강은 미뤄 둘수 있는게 아닙니다!지금부터 바로 챙겨야 할 가장 큰 자산입니다!​먹는 습관이 곧 ~ 건강한 내 몸을 만들고 좋은 것을 선택하면 몸은 반드시 반응을 합니다. 저 또한 독일피엠주스를 꾸준히 섭취하면서 정말 많은 효과를 보면서 피트라인 제품을 수시로 챙겨 먹고 있는데요. ​앞으로 평생 pm주스를 섭취하려고합니다 !건강만큼 중요 한 것은 없다고생각합니다^^​ 좋은 제품! 섭취하면서~시너지 효과를 보기위해!운동도 꾸준히 하고 있는데요. 피엠주스 덕분에 지치지 않고 ​빠른 회복과 포퍼먼스로 운동 할 맛나는 요즘입니다! 여러분들도 피엠주스로 결과를 경험해 보시기바랍니다 !! 운동 전, 중, 후에도 항상 피트라인을 챙겨 먹고 있습니다 ^^ 지금 챙기는 한잔이 앞으로의 저를 건강하고!활력있게 바꿔 주는 것 같습니다 !​ 가품주의!! 짝퉁주의!! 피엠주스가 최근 인기가 많아지면서 가품! 짝퉁 제품들이 판을 치고 있는데요. 우리가 건강을 위해서 챙겨 먹는 것인데​정품 피엠주스로 세상에서 가장 소중한 나에게 그리고 사랑하는 내 가족들에게 정품으로 건강을 선물해 주시는 걸 적극 추천드립니다 !! 정품 피엠주스는 독일에서 제조 생산하여 비행기로 한국으로 도착을 합니다!피엠인터내셔널 홈페이지에서만 정품 제품을 주문을 하실 수 있는데요. ​무료로 회원가입이 가능하여 ~ 정품 제품으로 건강을 챙겨 보시는 걸 적극 강력 추천드립니다!​ 피엠인터내셔널 무료회원가입 방법 피엠인터내셔널 홈페이지에서 무료로 회원가입을 하시고, 팀파트너로 가장 저렴하게 !다양한 혜택까지 받아 보시는 걸 추천드립니다 ! 추천인아이디는 21458216 CUI MEIZI 입력을 하신 후 오토십을 신청해 주시는 분들에게는 ~ 선물을 보내드리고 있습니다 ^^좋은 혜택 많이 받아 가시기바랍니다 !!​ 궁금할 땐 네이버 톡톡하세요! 제품 문의와 궁금하신 부분은 문의 주시면 진심을 담아 답변드리겠습니다 !감사합니다 ♥ ​​​​​ 0초 0초 광고 후 계속됩니다. 다음 동영상 subject author 취소 피엠프로모션 재생 0 좋아요 0 좋아요 공유하기 재생 (space/k) 재생 00:20 0:00:00 재생 (space/k) 재생 음소거 (m) 음소거 00:00 / 00:20 실시간 설정 전체 화면 (f) 해상도 자동 480p 자막 사용 안함 재생 속도 1.0x (기본) 해상도 자동 (480p) 1080p HD 720p HD 480p 270p 144p 자막 설정 사용 안함 옵션 글자 크기 배경색 재생 속도 0.5x 1.0x (기본) 1.5x 2.0x 죄송합니다. 문제가 발생했습니다. 다시 시도해 주세요. 도움말 음소거 상태입니다. 도움말 라이센스 고화질 재생이 가능한 영상입니다. 설정에서 해상도를 변경해보세요. 더 알아보기 00:00 접기/펴기피엠프로모션피엠프로모션 0초 0초 광고 후 계속됩니다. 다음 동영상 subject author 취소 피엠인터내셔널 8월 월말 추가 5+1프로모션 행사 안내 재생 0 좋아요 0 좋아요 공유하기 재생 (space/k) 재생 00:11 0:00:00 재생 (space/k) 재생 음소거 (m) 음소거 00:00 / 00:11 실시간 설정 전체 화면 (f) 해상도 자동 480p 자막 사용 안함 재생 속도 1.0x (기본) 해상도 자동 (480p) 1080p HD 720p HD 480p 270p 144p 자막 설정 사용 안함 옵션 글자 크기 배경색 재생 속도 0.5x 1.0x (기본) 1.5x 2.0x 죄송합니다. 문제가 발생했습니다. 다시 시도해 주세요. 도움말 음소거 상태입니다. 도움말 라이센스 고화질 재생이 가능한 영상입니다. 설정에서 해상도를 변경해보세요. 더 알아보기 00:00 접기/펴기피엠인터내셔널 8월 월말 추가 5+1프로모션 행사 안내",,,21458216,7,3,"#PM프로모션, #독일피엠주스, #독일피엠주스프로모션, #피엠8월프로모션, #피엠인터내셔널프로모션, #피엠주스","https://blogimgs.pstatic.net/nblog/mylog/post/btn_confirm.gif, https://ssl.pstatic.net/static/blog/profile/img_profile_preset_07.png, https://ssl.pstatic.net/static/blog/profile/img_profile_preset_01.png, https://ssl.pstatic.net/static/blog/img_ani_blogid2.gif, https://ssl.pstatic.net/static/blog/profile/img_profile_preset_08.png, https://blogimgs.pstatic.net/nblog/quickeditor/btn_qk_set.gif, https://postfiles.pstatic.net/MjAyNTA4MjJfMTc1/MDAxNzU1ODUyNzkxMjE3.I6pvYxQ2u30V60tgciERecj_qsDEXNSgc1ToDGFLKHQg.DrSezAmd3GAHFvJ-hCdy0bBIHXbylgvyrOh97yY_I70g.JPEG/IMG%EF%BC%BF9367.jpg_blur, https://blogimgs.pstatic.net/nblog/mylog/post/btn_close5.gif, https://blogimgs.pstatic.net/nblog/mylog/post/btn_download2.gif, https://postfiles.pstatic.net/MjAyNTA4MjJfMTYy/MDAxNzU1ODUyNzk1NjQy.i3izdUdbLt5PaNkNIrjBEYeQqozH4kVDU433AwOJdSMg.uZLqEWSLm_wBrEUzIJllJXjMfC_SDK0Vx_6qMAaS3OUg.JPEG/IMG%EF%BC%BF9361.JPG_blur",,2025-11-07 15:15:29
naver_blog,224061340704,acacia0301,https://blog.naver.com/acacia0301/224061340704,[공지] PM인터내셔널코리아 7주년 기념 액션팩 프로모션 초대박 독일피엠이벤트 🎉,"PM인터내셔널코리아 7주년 기념2025년 11월 액션팩 프로모션 초대박 독일피엠이벤트 🎉​매년 5월과 11월, 1년에 단 두 번 진행되는 ‘액션팩 프로모션’이 돌아왔습니다!이번 11월은 특히 피엠인터내셔널코리아 7주년을 맞이해그 어느 때보다 푸짐한 혜택이 준비되어 있어요. Wow! 🌟 액션팩 프로모션이란?FitLine의 대표 제품인 파워칵테일과 리스토레이트를가장 합리적인 가격에 구입할 수 있는 초특가 이벤트입니다.건강을 챙기면서 가족 모두가 함께 즐길 수 있는가장 실속 있는 구성으로 준비되었어요. 🗓 프로모션 기간2025년 11월 1일(토) 오전 11시 ~ 11월 30일(일) 밤 11시 59분(※ 준비된 수량에 따라 조기 종료될 수 있습니다.)​🎯 프로모션 대상오토십(ABO) 구독 중인 팀파트너​🛒 주문 방법홈페이지 내 ‘프로모션 창’을 통해 주문 가능​💥 액션팩 구성FitLine 파워칵테일 5개 + FitLine 리스토레이트 5개팀파트너가: 545,600원PV: 500(1인 최대 10세트까지 구매 가능)소비기한: 2026년 5월 제품부터 출고​🎁 7주년 스페셜 혜택동일 주문번호 기준으로 액션팩 2세트 주문 시,FitLine 파워칵테일 2개 + 리스토레이트 2개를 무료 증정! 예를 들어,액션팩 2세트 주문 → 파워칵테일 2개 + 리스토레이트 2개 증정액션팩 4세트 주문 → 파워칵테일 4개 + 리스토레이트 4개 증정액션팩 10세트 주문 → 파워칵테일 10개 + 리스토레이트 10개 증정​이보다 더 알찬 구성은 없습니다🔥 🍊 이런 분들에게 딱 좋아요!가족이 함께 독일피엠 제품을 즐기며 항상 제품이 부족했던 분꾸준히 마시고 싶은데 조금이라도 합리적인 가격에 사고 싶던 분주변에 나누고 선물할 여유분이 필요했던 분​11월 한 달간 진행되는 이 초대박 7주년 독일피엠 이벤트는매년 기다리던 PM 회원분들에게 최고의 기회가 될 거예요✨ 💌 액션팩 주문 원하신다면?지금 바로 아래 채널로 문의 주세요👇재고 소진 전, 서두르셔야 해요!액션팩 주문하러 GoGoGo! 🚀 제품구매/사업문의는❓⏬카톡⏬ 또는 ⏬카카오채널⏬로! 피엠리아의 독일피엠인터내셔널 독일 건강기능식품 피엠 인터내셔널의 회원가입/제품구매/사업문의 주세요. 한국 호주 PM pf.kakao.com ​#피엠인터내셔널 #FitLine #독일PM쥬스 #액션팩프로모션 #11월이벤트 #피엠세일 #파워칵테일 #리스토레이트 #PM사업 #건강기능식품 #피엠리아 #피엠7주년 #피엠이벤트 #피엠제품할인 #PMActionPack #건강습관 #FitLinePowerCocktail",,,,4,1,"#11월이벤트, #FitLine, #FitLinePowerCocktail, #PMActionPack, #PM사업, #건강기능식품, #건강습관, #독일PM쥬스, #리스토레이트, #액션팩프로모션, #태그, #파워칵테일, #피엠7주년, #피엠리아, #피엠세일, #피엠이벤트, #피엠인터내셔널, #피엠제품할인","https://postfiles.pstatic.net/MjAyNTExMDFfMjkg/MDAxNzYxOTk1ODYwNDEx.-V5yEnGu8kc-owGyG8RbY5yGma9aLmL71gzf3qVMb6Qg.vE3m_Vy6JUNtwo_QM_3C8kbIgu307yD-HzK2IBz-Fd8g.JPEG/Screenshot_20251101_220102_Chrome.jpg, https://blogimgs.pstatic.net/nblog/mylog/post/btn_confirm.gif, https://ssl.pstatic.net/static/blog/profile/img_profile_preset_07.png, https://ssl.pstatic.net/static/blog/profile/img_profile_preset_01.png, https://ssl.pstatic.net/static/blog/img_ani_blogid2.gif, https://ssl.pstatic.net/static/blog/profile/img_profile_preset_08.png, https://blogimgs.pstatic.net/nblog/quickeditor/btn_qk_set.gif, https://blogimgs.pstatic.net/nblog/mylog/post/btn_close5.gif, https://storep-phinf.pstatic.net/motion3d_02/original_20.gif?type=pa50_50, https://postfiles.pstatic.net/MjAyNTExMDFfMjIx/MDAxNzYxOTk1NDM1NzUz.5hO85jD48OKIXEdV0tMW5rgfK7VSWWJsabaFb0U3eXog.Gu6UAK7Ijnz01mvtE336eq9b1YMJbhkW1ts3GPy9078g.JPEG/images_%281%29.jpeg_blur",,2025-11-07 15:15:35
naver_blog,224020087399,soyong486,https://blog.naver.com/soyong486/224020087399,"독일 피엠인터내셔널 사업, 온라인으로 가능한 이유 3가지[조이그룹]","건강과 기회를 연결하는라이프 디자이너조이그룹 팀리더 이소용입니다.​ 독일 피엠인터내셔널 조이그룹 팀리더 이소용 현대 사회는 디지털 네트워크로 연결되어 있습니다. 건강과 웰빙을 추구하는 피엠인터내셔널(PM-International) 사업 역시 온라인 환경과 만나며 더욱 폭발적인 성장을 이루고 있습니다. 특히, 온라인으로 누구나 쉽게 시작하고 확장할 수 있다는 점은 많은 파트너들이 선택하는 이유이기도 합니다.​그렇다면, 피엠인터내셔널 사업이 온라인으로 가능한 이유는 무엇일까요? 지금부터 3가지 핵심 포인트를 살펴보겠습니다. 피엠인터내셔널 글로벌 원 서버 플랫폼 ​ 독일 피엠인터내셔널 사업, 온라인으로 가능한 이유 3가지1. 글로벌 브랜드와 온라인 플랫폼의 결합 피엠인터내셔널은 전 세계 45개국 이상에 진출한 글로벌 기업입니다.따라서 온라인을 통해 국경을 넘어 누구와도 연결될 수 있습니다.• 공식 온라인 쇼핑몰과 오토십 시스템을 통해 제품을 손쉽게 주문할 수 있고,• 파트너는 별도의 물류나 재고 관리 없이 웹사이트 링크를 공유하는 것만으로도 사업을 전개할 수 있습니다.​이처럼 디지털 플랫폼이 완벽히 구축되어 있기 때문에 온라인에서도 신뢰성 있게 사업을 운영할 수 있습니다.​ ​​ 독일 피엠인터내셔널 사업, 온라인으로 가능한 이유 3가지2. 시간과 장소의 제약이 없는 사업 구조 온라인 사업의 가장 큰 장점은 언제 어디서든 가능하다는 것입니다.• 스마트폰 하나로 제품 홍보, 고객 관리, 팀 교육까지 모두 가능합니다.• 줌(Zoom)이나 카카오톡, SNS를 통해 팀원들과 연결되어 교육과 소통을 진행할 수 있고,• 블로그, 인스타그램, 유튜브 같은 채널을 활용하면 24시간 자동 홍보 시스템을 만들 수 있습니다.​즉, 오프라인 미팅에 의존하지 않고도 효율적으로 사업을 운영할 수 있는 환경이 마련되어 있습니다.​ 0초 0초 광고 후 계속됩니다. 다음 동영상 subject author 취소 시간과 장소의 제약이 없는 사업 구조 재생 2 좋아요 0 좋아요 공유하기 재생 (space/k) 재생 00:10 0:00:00 재생 (space/k) 재생 음소거 (m) 음소거 00:00 / 00:10 실시간 설정 전체 화면 (f) 해상도 자동 480p 자막 사용 안함 재생 속도 1.0x (기본) 해상도 자동 (480p) 1080p HD 720p HD 480p 270p 144p 자막 설정 사용 안함 옵션 글자 크기 배경색 재생 속도 0.5x 1.0x (기본) 1.5x 2.0x 죄송합니다. 문제가 발생했습니다. 다시 시도해 주세요. 도움말 음소거 상태입니다. 도움말 라이센스 고화질 재생이 가능한 영상입니다. 설정에서 해상도를 변경해보세요. 더 알아보기 00:00 접기/펴기시간과 장소의 제약이 없는 사업 구조#SNS마케팅#글로벌원코드 ​​ 독일 피엠인터내셔널 사업, 온라인으로 가능한 이유 3가지3. 웰빙 트렌드와 온라인 콘텐츠의 시너지 요즘 사람들은 건강과 웰빙에 관한 정보를 대부분 온라인에서 찾습니다.피엠인터내셔널의 제품과 프로그램은 오토파지, 디톡스, 에너지 관리, 면역 강화 등 최신 웰빙 키워드와 잘 맞아떨어집니다.• 블로그 포스팅이나 SNS 콘텐츠로 경험담을 나누면 공감과 신뢰를 얻을 수 있습니다.•‘건강 루틴 만들기’, ‘조이핏 건강 챌린지’ 같은 온라인 커뮤니티 프로그램을 기획하면 사람들의 자발적 참여가 늘어납니다.• 결과적으로 건강을 원하는 사람들이 자연스럽게 온라인을 통해 파트너로 연결되는 선순환이 만들어집니다.​ 독일 피엠인터내셔널 조이그룹 조이핏 건강챌린지 ​ ​ 독일 피엠인터내셔널 사업, 온라인으로 가능한 이유 3가지▪️마무리: 온라인은 선택이 아닌 필수 피엠인터내셔널 사업이 온라인으로 가능한 이유는 단순히 편리함 때문만은 아닙니다. • 글로벌 플랫폼(글로벌 원 서버 - 어느 나라에서든 #8370124 추천인으로 사업 시작 가능) • 시간·장소의 자유 • 웰빙(웰니스) 트렌드와 콘텐츠의 시너지​이 세 가지가 만나 누구나 도전할 수 있는 성공의 기회를 제공합니다. 👉 지금 당신의 스마트폰으로 첫걸음을 내딛어 보세요.온라인에서 건강과 재정적 성장을 동시에 잡는 기회, 피엠인터내셔널 조이그룹 팀리더 이소용이 함께합니다. 독일 피엠인터내셔널 조이그룹 팀리더 이소용 ⭐️ 인스타 피엠인터내셔널 독일피엠 리쏭 이소용(@ri_ssong_) • Instagram 사진 및 동영상 팔로워 9,394명, 팔로잉 6,182명, 게시물 898개 - 피엠인터내셔널 독일피엠 리쏭 이소용(@ri_ssong_)님의 Instagram 사진 및 동영상 보기 www.instagram.com ⭐️유튜브 독일피엠 리쏭 이소용 [조이그룹] 독일피엠[프리미엄 비타민 미네랄 건강기능식품]을 알리고 있어요. 가치와 문화가 남다른 #조이그룹에서 #정성이 실력이라는 슬로건으로 현장에서 일할 때가 가장 가슴 뛰며 만남을 소중히 여기며 정성으로 잘 이어가려 합니다. 부동산임대업과 중소기업을 운영하며 피엠 비즈니스의 큰 비전을 발견하여 어떤 사업보다 집중하며 또 하나의 파이프라인을 구축하고 있습니다. 이소용팀을 마주하게 되심이 기쁨이 되실수 있도록 섬기며 겸손히 임하겠습니다. 사업/제품/문의 이소용 010 8595 0580 ➡️네이버검색창 🔎독일피엠리쏭 ☑️ 인스타그램 @ri_s... youtube.com ​​",,010-8595-0580,,6,0,"#8370124, #SNS마케팅, #글로벌원코드, #정성이, #조이그룹에서, #태그, #피엠인터내셔널 독일피엠 리쏭 이소용(@ri_ssong_) • Instagram 사진 및 동영상팔로워 9,394명, 팔로잉 6,182명, 게시물 898개 - 피엠인터내셔널 독일피엠 리쏭 이소용(@ri_ssong_)님의 Instagram 사진 및 동영상 보기www.instagram.com","https://blogimgs.pstatic.net/nblog/mylog/post/btn_confirm.gif, https://ssl.pstatic.net/static/blog/profile/img_profile_preset_07.png, https://ssl.pstatic.net/static/blog/profile/img_profile_preset_01.png, https://ssl.pstatic.net/static/blog/img_ani_blogid2.gif, https://blogpfthumb-phinf.pstatic.net/MjAyNDA4MTBfMjgx/MDAxNzIzMjQ3NTY0MjU1.MRAyZUGCj41WVMe8C_dCp7XAWTd1dDNMuyPLIyfiq4Mg.58m_qK_GgEgiy4DANMatCgt9HbnWNlm-LaPFwFBtkYQg.PNG/profileImage.png, https://ssl.pstatic.net/static/blog/profile/img_profile_preset_08.png, https://blogimgs.pstatic.net/nblog/quickeditor/btn_qk_set.gif, https://storep-phinf.pstatic.net/ogq_5c7a4110e1762/original_6.png_100, https://blogimgs.pstatic.net/nblog/mylog/post/btn_close5.gif, https://postfiles.pstatic.net/MjAyNTA5MjRfNjgg/MDAxNzU4NjkyMTE2NzA4.BkfOqIjlTOf9w6X68lAGcebAZsGAOYgd50_kG01qXqcg.3XWc9MRd2pZMhhLWCYtwRH4fIQTL1JaLTTFOiL9t5ssg.JPEG/SE-DD13B29E-9FA8-4BD8-AD70-5DC0D3D14E3D.jpg_blur",,2025-11-07 15:15:42
naver_blog,223775680574,rlatpsk46,https://blog.naver.com/rlatpsk46/223775680574,건강기능식품1위 피엠인터내셔널 소비자 사업자 회원가입방법,"​안녕하세요💕 독일피엠의 모멘텀 쎄나언니입니다!건강기능식품1위 피엠인터내셔널 소비자 사업자회원가입하는 방법을 알려드릴거에요😍​​​가짜에 속지마시고 피엠인터내셔널에가입하실 때에는 반드시!!!​👇👇👇👇👇​이 링크공식홈페이지에서팀파트너클릭 후 진행하시면되세요❤️​추천인 8124290 김세나​ 피엠인터내셔널 독일 직접판매 업체, 건강기능식품, 화장품, 단백질 보충용 식품 등 판매 m.pmi-korea.com ​그리고! 본사에서 나온 뜨끈한 최신자료🖐🏻​피엠 한국암웨이 제치고 건강기능식품수입 2년연속 1위​제약회사 모두 포함 건강기능식픔!!!​ ​와... 정말 20여가지의 제품만 가지고한국1위? 건강기능식품 시장이 얼마나 큰지 아시나요?​피엠은 이제 국민식품선택이 아닌 필수입니다​최고의 안전성 ❤️전 제품 도핑테스트통과천연 효소 발효제품​ ​SNS를 보시고 판교에서 연락이 오셨어요🫶몇년 전 피엠주스를 드시다가안드시니...다시..생각이 나셔서 저에게 연락을 주셔서약속 잡고 바로 판교로 미팅​ ​ ​오전부터 미팅미팅내가 하는 일은​매일매일 꿈을 전달하는 일💛​ ​회원가입 바로 하시고오토십 주문❤️​그리고 그 다음미팅을 위해용인동백으로 우리 파트너 사장님들과라인미팅😊​​ ​역시 ❤️ 실력도 좋으시고 추진력도정말 빠르신 우리 헬스장 관장님과 실장님​ ​요즘 정말 상담전화가 많은데요특히 탑쉐이프로 진행하는해피다이어트 프로그램을 너무 기다리고 계세요!​탑쉐이프를 드시고 싶으셔도못드시고 계시는분들이 정말 많으세요ㅠㅠㅠ​저희팀에서는 구매 가능합니다^^저희 쏘해피팀은 글로벌사업을하고 있기에🖐🏻​ ​그리고 이번에는 키즈영양제주니어칵테일을 문의하셨어요❤️🤎​ ​상담 후 가입 후 칵테일과 젤슈츠 주문완료🖐🏻 ​피엠 신제품 디드링크간해독제품으로 지금 너무나 핫하죠벌써 ​품절...​💚​건강기능식품은 건강전문관리사와상의하시고 제대로 섭취하세요 ​가입완료 후 디드링크 제품이다시 판매제개가 될 때까지오토십으로 먼저 드시기로 결정!!!​ ​바쁜 상담 스케줄로 행복한 요즘❤️주일은 예배드리고지혜를 달라고 하나님께 간절히 기도하고​나의 자기개발을 위해인스타교육받으러 건대로 출발​​ ​우리 대표님 목소리 완전 멋있당강의는 정말 잘하신다퀄리티가 다른페이서스코리아🫶​ ​ 피엠인터내셔널모멘텀 쎄나언니​피엠비즈니스는 좋은 스폰서좋은 팀을 만나야성공할 수 있습니다​저희팀이 함께 하겠습니다^^​상담010 4702 4643 ​#쎄나언니 #야베스쏘해피 #암웨이#건기식순위 #제약회사순위 #피엠회원가입#피엠소비자 #피엠사업자",,010-4702-4643,,6,5,"#건기식순위, #쎄나언니, #암웨이, #야베스쏘해피, #제약회사순위, #태그, #피엠사업자, #피엠소비자, #피엠회원가입","https://blogimgs.pstatic.net/nblog/mylog/post/btn_confirm.gif, https://ssl.pstatic.net/static/blog/profile/img_profile_preset_07.png, https://ssl.pstatic.net/static/blog/profile/img_profile_preset_01.png, https://ssl.pstatic.net/static/blog/img_ani_blogid2.gif, https://storep-phinf.pstatic.net/cafe_001/original_3.gif?type=pa50_50, https://ssl.pstatic.net/static/blog/profile/img_profile_preset_08.png, https://blogimgs.pstatic.net/nblog/quickeditor/btn_qk_set.gif, https://blogimgs.pstatic.net/nblog/mylog/post/btn_close5.gif, https://postfiles.pstatic.net/MjAyNTAyMjNfMjc1/MDAxNzQwMjg1Njg2OTY1.8_usbO91qJXXuzaMI3xVh5LlL9K5LTz52LpMZWMkYmMg.QtRZrqhWh5FJ4sel9OQrNVY0clROQ3_I4XpsYZt2hzQg.JPEG/IMG_6575.JPG_blur, https://postfiles.pstatic.net/MjAyNTAyMTZfMTIw/MDAxNzM5NjcwOTk0MzQx.N0fL6H0h6pHWBB8JRh9CiahN7nbxv6VKkXdI74GQBVsg.uk6NMlcAPe5EAwQGr6wxt-5strs03hlifZ19kSCVEtMg.JPEG/output_816861521.jpg",,2025-11-07 15:15:55
naver_blog,224038916186,cheina2,https://blog.naver.com/cheina2/224038916186,피엠인터내셔널 피트라인 액티바이즈가 탁월하게 좋은이유,"안녕하세요~질병으로부터 자유롭게![영양사 면허]가 있는 해운대 독일 피엠 채이나입니다. 해운대독일피엠 유투브 채이나 피엠쥬스 복용법 요즘 독일 피엠 비즈니스의 열기가 후끈한데요!​피엠인터내셔널, 그중에서도 피트라인 액티바이즈, 왜 사람들이 이 제품에 열광하는지 5가지 이유로 정리해 드리려고 합니다.​건강기능식품, 이제 선택이 아닌 필수가 되었지만 비슷한 가격대의 제품들이 너무 많아 선택이 어려우실 겁니다. 오늘은 ‘피엠 인터내셔널 액티바이즈’가 어떤 점에서 탁월한지, 직접 비교해드릴게요. 피엠인터내셔널 피트라인 액티바이즈 ​---​1. 흡수율부터 다르다! 액상 제형의 차별성​많은 제품들이 여전히 정제(알약) 형태로 출시되고 있지만,피엠 쥬스 액티바이즈는 미세 파우더형 건강기능식품으로 언제 어디서 건 물에 태우는 즉시 액상형 영양제로 전환되는 효소주스입니다.​일반적인 제품(정제형- 알약)이 흡수율이나 체내 이용률 면에서 낮을 수 있는 반면 피엠쥬스 액티바이즈는물에 타서 바로 마시는 액상형으로 흡수 속도와 생체이용률이 뛰어남.​ 액티바이즈 효능 차별성 비타민B군 건강기능식품은 흡수력이 중요!얼마나 잘 흡수되느냐가 핵심이므로[속도 차이 = 효능의 차이]는 분명합니다.​​​2. 에너지 부스터 역할피곤할 틈이 없어요!​피엠쥬스 액티바이즈의 주성분은비타민 B 군 8종 + C, 과라나 추출물(브라질의 인삼으로 블리우는 열매)피로 회복, 집중력 UP, 에너지 대사에 핵심적인 영양소들이 가득 들어있어요.​비슷한 가격대의 제품을 보면비타민B군만 강조하는 경우가 대부분 피엠쥬스 액티바이즈 피트라인 부산피엠 하지만 피엠쥬스 액티바이즈는 1. 물에 태워 마심 수분 보충에 도움2. 맛있는 주스 타입 간식 역할 톡톡3. 공복에 마시면 체온유지에 도움4. 식후에 마시면 대사작용에 도움5. 육류 섭취 시 소화작용에 도움​ 해운대 독일 피엠 채이나 이런 것만 봐도 확연히 다른완벽한 비타민B군 이지요!​​3. 까다로운 최고의 유럽 인증 획득​피엠 인터내셔널의 액티바이즈는 다양한 유럽 인증을 획득한 제품 GMP(우수 의약품 제조기준) 인증, TÜV SÜD 및 ELAB 인증 또한, 도핑 테스트를 전제품 통과하여 스포츠 국가대표 선수들도 안심하고 섭취할 수 있는 제품이랍니다. 액티바이즈 특징 해운대독일피엠 고품질, 안전성, 신뢰도​GMP(우수 의약품 제조 기준) 인증: 제조 과정에서 일관된 품질을 유지하도록 보장하며, 제품의 안전성과 효능을 높이는 데 기여할랄 인증: 이슬람 율법에 따라 허용된 원료와 제조 공정을 사용했음을 증명하여, 무슬림 소비자들에게 신뢰를 제공합니다. 또한 글로벌 시장에서 경쟁력을 높이는 데 도움TÜV SÜD 및 ELAB 인증: 제품의 안전성, 품질, 지속 가능성을 평가하는 기술 인증으로, 소비자에게 신뢰할 수 있는 제품임을 보장이러한 인증들은 제품의 품질을 높일 뿐만 아니라 소비자에게는 신뢰를 확보하며, 국제 시장에서 경쟁력을 강화하는 데 중요한 역할​​--- 피엠쥬스 피트라인 액티바이즈 부산PM 4. 합성향료,보존제,착색료 무첨가​요즘 소비자들의 최대 관심사 - 첨가물 유무​그 이유는 바로 안정성과 관련있기 때문!액티바이즈는 호르몬 전구체, 합성 향료, 인공 색소, 방부제가 첨가되지 않은 프리미엄(Premium) 제품입니다.​건강하려고 먹었는데 혹시 여러분은 불필요한 화학성분까지 먹고 계시나요?​ 레몬라임맛 액티바이즈 스피루리나 5+1 프로모션 ​5. 환상적인 맛의 조합​사실 시중의 일반적인 건강식품 중에는 “효능은 있는데 너무 먹기 힘들다""라는 제품들이 꽤 많이 있지요. ​그러나 독일피엠 액티바이즈는 천연 과일 야채 동결 건조공법으로 상큼하고 풍성한 맛이 매력만점 피엠인터내셔널 프리미엄주스 독일pm쥬스 ▶평소에 약에 대한 거부감이 많은분도 ▶알약으로 목넘김이 힘드신 분도 ▶맛에 예민한 어린아이나 자녀들도 남녀노소 할것없이 너무 맛있다라는 반응입니다. 부담 없이 한 잔의 주스로 하루의 영양을 다 채울 수 있다면 얼마나 간편한 식사 대용이 될까요?​기억하세요!! 스스로 꾸준히 먹을 수 있어야 진짜 효능을 볼 수 있습니다.​ 액티바이즈 수용성비타민 비타민B군 회원가입시 큐알코드 후 팀파트너로 가입 ​피엠인터내셔널 피트라인 액티바이즈 굳이 이것저것 비교하지 않아도효능과 흡수력만큼은 압도적인 차이!​이제 선택은 여러분의 몫이에요.하루의 에너지를 책임질 건강기능식품,​매일1잔= 1420원매일3잔을 마셔도 4260원 ▲▲▲이미지를 클릭하시면 자동전화연결▲▲▲ 365일 24시간 언제라도 상담원없이 피엠인터내셔널 사이트에서 정식회원가입 및 주문 가능결재방식은( 카드/ 가상계좌)가능 (회원가입사이트)▼▼▼▼직접가입 클릭▼▼▼▼ ​ PM-International KOREA - https://m.pmi-korea.com/member/join/step01.do​본사출고/정품인증/사은품제공​​탁월한 효능을 가진 독일에서 온독일피엠쥬스가 궁금하시다면 이미지 클릭▼▼▼▼▼▼▼▼https://blog.naver.com/cheina2/224030744844 독일PM쥬스 젤슈츠 효능 영양사면허와 다이어트코치 자격증이 있는 해운대독일피엠 채이나입니다. 6년 차 누적회원 2천여명을 관리... blog.naver.com ▲▲▲▲▲▲▲▲​​오늘은 많은 문의가 끊이지않는피엠인터내셔널 피트라인 액티바이즈에 대한 포스팅 이었습니다. 감사합니다^^정보가 필요하신 분들과 함께보세요​​​ ​",,,,3,0,"#독일pm쥬스, #부산피엠쥬스, #액티바이즈, #피엠인터내셔널, #피트라인","https://blogimgs.pstatic.net/nblog/mylog/post/btn_confirm.gif, https://ssl.pstatic.net/static/blog/profile/img_profile_preset_07.png, https://ssl.pstatic.net/static/blog/profile/img_profile_preset_01.png, https://ssl.pstatic.net/static/blog/img_ani_blogid2.gif, https://ssl.pstatic.net/static/blog/profile/img_profile_preset_08.png, https://blogimgs.pstatic.net/nblog/quickeditor/btn_qk_set.gif, https://postfiles.pstatic.net/MjAyNTEwMTdfMTM2/MDAxNzYwNjkyNjgxMzMx.IOdE1Lt2ToeZmGG33xSk3p-d75xk701zqeFYdXGJf1gg.TH8OXlAB-QCHyjx-2n7cg0Xtbhu_y43-sCSnuAMJsJog.JPEG/900%EF%BC%BF1760658482255.jpg_blur, https://blogimgs.pstatic.net/nblog/mylog/post/btn_close5.gif, https://postfiles.pstatic.net/MjAyNTEwMTJfMTMw/MDAxNzYwMjcyMzQ2ODM4.t1PppnsmpOnFNf96oBmtRAqRb3g2w3EQ8KCjoLGDo_Yg.mWmbYIWx3M_z3M32pbKdiYBsBfuNaycIugsPj22IPhUg.JPEG/KakaoTalk_20250324_231709951_16.jpg, https://blogimgs.pstatic.net/nblog/mylog/post/btn_download2.gif",,2025-11-07 15:16:02
naver_blog,224063445054,rmado0525,https://blog.naver.com/rmado0525/224063445054,"피엠인터내셔널 액션팩,액티바이즈,오토십이벤트","안녕하세요~피엠인터내셔널 11월달프로모션을 안내해드리겠습니다 11월 액션팩행사 안내 ​한국7주년 역대급 액션팩 행사!!! 1년에 딱 2번만5월/11월에진행하는 프로모션 액션팩 행사입니다.​5개월치 제품파워칵테일/리스토레이트를각 각5박스씩​가장 저렴하게주문하실 수 있는기회입니다!​ 액션팩 2세트 주문시 추가로 또? ​ 이번 액션팩 2세트를 주문시추가로 파워칵테일이랑리스토레이트를각 각 2개무료 증정한다고 하네요.​11월 1일부터11월 30일까지주문 하실 수 있습니다. 이번기회 가족들과함께 드시면 좋을꺼 같네요^^​ 11월 온라인티켓 구매안내 매월초에 진행되는BA온라인티켓구매 성공하시면액티바이즈 1통을2.8000에받아보실수 있습니다.​대전 비즈니스온라인티켓을 구매하시면되시는데요.온라인으로도 BA현장의열정과 에너지를피엠티비를통해 확인하실수있습니다! 11월 4일 화요일오전 11시화원아이디 짝수 11월 5일 수요일오전 11시회원아이디 홀수 피엠인터내셔널홈페이지미리 로그인후온라인티켓구매하시길 바랍니다.​ 11월 BA프로모션 안내 온라인 티켓구매성공하시면프로모션행사 상품일련번호로주문하실수 있습니다.​ 따뜻하게 마실수있는 액티바이즈 액티펀치!! 겨월에만 만나보실수있는제품!!액티펀치 이번달에 행사를합니다.​​따뜻하게 마실 수있는 액티바이즈로추운겨울지내시는것두 좋을꺼같습니다.​ 피엠본사 오토십 이벤트 ​​ 10월 15일부터11월 14일까지오토십 신청시 액티바이즈증정이벤트를진행하고 있습니다.​이번기회에주변지인분들께추천해주세요~^^ 다 함께건강을 위하여~^^​ 팀파트너로 가입하기!!! ​ 정품 제품을가장저렴하게그리고다양한 혜택을받아보실수 있는팀파트너로가입하시는걸추천드립니다!!!​ 피엠인터내서널 무료회원가입 안내 1.피엠인터내셔널홈페이지 무료회원가입2.팀파트너로 가입하기3.추천인 아이디 21355114/최서연4.오토십 신청하기​ 오토십및 소개해주시분선물 증정!!! 오토십 신청및추천해주시는분들께물병과 액티바이즈 1통을 선물로보내드립니다.​​ 민쌤PM - 네이버톡톡 궁금할 땐, 부담없이 물어보세요. talk.naver.com ​",,,21355114,2,0,"#pm액션팩, #독일피엠액션팩, #액션팩, #피엠쥬스액션팩","https://blogimgs.pstatic.net/nblog/mylog/post/btn_confirm.gif, https://ssl.pstatic.net/static/blog/profile/img_profile_preset_07.png, https://ssl.pstatic.net/static/blog/profile/img_profile_preset_01.png, https://ssl.pstatic.net/static/blog/img_ani_blogid2.gif, https://ssl.pstatic.net/static/blog/profile/img_profile_preset_08.png, https://blogimgs.pstatic.net/nblog/quickeditor/btn_qk_set.gif, https://blogimgs.pstatic.net/nblog/mylog/post/btn_close5.gif, https://postfiles.pstatic.net/MjAyNTExMDNfMjM0/MDAxNzYyMTM1NzA4NjUy.rGtaxUx6yc7ZtiwG1tfcS7XgDSwocrG1AB6d4_qiPdgg.FfQ86DWtOyqSyEKvT7E07lIj_BpkzVbbkdoD1WWaCXkg.JPEG/IMG%EF%BC%BF4258.JPG_blur, https://postfiles.pstatic.net/MjAyNTExMDNfMTAg/MDAxNzYyMTM1NjkwMTA1.TgpHkqkHrgLoeEQOZgO60pWTHpyWUvDSJnY1i8_Y1Xog.SOImw78acmI4phfKtvLxpTY8gzIsnVMddITtfvE9FYQg.JPEG/IMG%EF%BC%BF4265.JPG_blur, https://blogimgs.pstatic.net/nblog/mylog/post/btn_download2.gif",,2025-11-07 15:16:07
naver_blog,222872074097,longzzu,https://blog.naver.com/longzzu/222872074097,피엠인터내셔널 보상플랜 중 퍼스트라인보너스 풀보너스,"​​피엠 인터내셔널의 보상플랜은​유니레벨과 브레이크 어웨이 방식을 보완한​하이브리드 방식의혁신적인 보상플랜입니다.​#하이브리드방식보상플랜​​#피엠인터내셔널 이 가장 빠르게 성장한 이유 중 하나가 #보상플랜 일 정도로​​​ ​​피엠은매우 실질적이고 합리적인7가지의 보상을 제공합니다.​(리테일보너스까지 총 8가지이지만 실제적으로 팀파트너들이 잘 활용하지는 않습니다.)​7가지 피엠의 보상플랜에는​퍼스트라인보너스풀보너스​6세대 후원보너스리더십보너스​카보너스여행프로모션빠른 승급 보너스가 있습니다.​피엠의 보상플랜을 받을 수 있는공통 자격조건은 #오토십 입니다.​​​ ​오토십은 매달 정기구매를 의미하고독일어로 #Abonnement (아보느모)의약자로 #ABO (아보)라 부릅니다.​한국의 ABO는 파워칵테일과 리스토레이트 구성으로매달 133,140원에 제공됩니다.​​​ ​6세대 후원수당을 받기 위해서는매니저 유지 자격인 CA 이상​리더십보너스는최소 SM직급 이상이어야 합니다.​피엠의 오토십 제도, ABO는안정적 수입의 토대가 되며피엠 성장에 일등공신이라 할 수 있습니다.​​​ ​타사도 정기구매제도를 도입하지만피엠의 정기구매는 매우 특별합니다.​첫 달 오토십을 결제하면결제한 제품 이외에결제 전인 제품까지총 3달분의 제품을 받게 됩니다.#선배송후결제​​#독일피엠오토십이쉬운이유​ABO를 할 경우가격이 회원가보다 저렴하고석달 간의 정기구매라고객 입장에서보다 쉽게 시작하는 경향이 있습니다.​​​ ​#ABO혜택ABO를 하게 되면캐시백을 받을 자격은 물론,각 종 할인 프로모션에도참여할 수 있는 기회가 생깁니다.​팀파트너 입장에서는석달 간의 수입이 보장되며고객을 피엠러버로 만들 수 있는 기간을 확보하게 됩니다.​​지금부터​보다 직접적이면서​소비자에게는 굉장한 호기심을! ​초기사업자에게는 강력한 힘이 되는!​퍼스트라인 보너스와풀보너스를 소개하겠습니다.​퍼스트라인 보너스에서​퍼스트라인은 내가 직접 추천한 회원들을 의미합니다.​퍼스트라인에서제품을 살 때마다나는 GV의 10%를 받게 됩니다.​​​ ​​홈페이지에서 shop을 클릭하면각 제품의 GV와 포인트가 표기되어있는데​​​ ​GV는 퍼스트라인 보너스를 계산할 때,포인트는 후원수당을 계산할 때 사용됩니다.​GV가 포인트보다 높고제품가격과 엇비슷하게 책정되어 있습니다.​게다가 독일회사라 유로 1,300원을 곱해서 계산하다보니​실질적으로 받는퍼스트라인 보너스는제품가격의 10-11%나 됩니다.​네트워크마케팅 업계 최고 수준의 추천수당이라 할 수 있습니다.​참고로 웨이와 BA스페셜, 액션팩 등은 워낙 저렴한 가격에 제공되다보니GV가 없습니다.​퍼스트라인 보너스는소비자 입장에서도ABO만 하고 있으면재미있는 일이 일어납니다.​한 분을 소개한 뒤그 분이 단품을 구매해도제품 가격의 10-11%의 퍼스트라인 보너스를 받을 수 있습니다.​​​ ​어느 마트를 가도 결코 받을 수 없는매우 매력적인 캐시백입니다. ​​내가 매니저 유지를 하게 되면​내 아이디로 구매한 제품의추천수당도 받을 수 있게 됩니다.​매니저를 가기 위해서는먼저 매니저 자격을 획득해야 합니다.​매니저 자격을 획득하는 것을Qualifying Manager줄여서 QM이라고 합니다.​​​ ​QM이 되는 방법, 첫번째로는내 아이디 구매 포인트가 1000포인트혹은 나와 내 산하 포인트 합산이1000포인트가 되는 것입니다.​두번째는가장 간단하고도 스피드하게매니저자격에 직행하는 방법입니다.​오토십을 시작한 첫 달에내 아이디로 풀셋을 구매하는 것입니다.​​​ ​풀셋의 구성은파워칵테일 6박스리스토레이트 6박스액티바이즈 3통이며​풀셋의 가격은회원가로 구매하는 것보다 저렴한920,900원입니다.​​​ ​QM이 된 다음 달부터매니저를 유지할 수 있는데​매니저 유지를체크 어슈어런스, (Check Assurance)줄여서 CA라고 부릅니다.​매달 CA를 달성하면매달 발생하는 후원수당에 도전할 자격이 주어집니다.​CA를 달성하는 방법은내 아이디로 구매한 제품들이600포인트 이상이거나​내 아이디 구매 포인트와퍼스트라인 아보 100점씩의 합산이 600점이면 됩니다.​즉 퍼스트라인에 매달 5명의 아보가 있으면CA, 매니저 유지를 매우 수월하게 달성할 수 있습니다.​​​ ​풀보너스는내가 추천한 사람이 풀셋을 구매할 때내가 받게되는 보너스를 의미합니다.​전 달 기준, 내가 QM이나 CA였다면풀보너스는 두 배가 됩니다.​예를 들어 이번 달 퍼스트라인의 누군가가 풀셋을 사게 되면​내가 전 달 기준 QM 또는 CA가 아니었을 경우78,000원의 풀보너스를 받게 되고​전 달, QM 또는 CA였다면, 그 두 배인156,000원의 풀보너스를 받게 됩니다.​​​ ​간접적인 풀보너스도 있습니다.​내 하부 라인 중, 전 달 기준 QM이나 CA가 없었던 라인에서 이번 달 풀셋구매가 발생한다면수당은 어떻게 주어지게 될까요?​직추천 업라인이 받는 78,000원을 제외한,나머지 78,000원은​그 라인에서 풀셋구매가 발생할 때마다 내가 수령하게 됩니다.​​​ ​이처럼 피엠의 풀보너스는패키지 가격의 8.5% 또는 17%이고다른 곳에서는 찾아보기 힘든간접 수당까지 있으니 ​단언컨데 패키지 수당 또한업계 최고라고 할 수 있습니다.​​​​자, 그럼~^^다음 시간에는후원수당들에 대해 알아보겠습니다♡​​​#피엠인터내셔널#웰컴toPM#창조적감각적FitLine​#나의뿌리#CL그룹​​웰컴toPM🌱​창조적 감각적 FitLine 김주희​°Mobile 010 9878 9962​°Blog https://blog.naver.com/longzzu 창조적 감각적 Grace : 네이버 블로그 창조적 감각적 Grace 김주희 Talk ID. longzzu blog.naver.com ​​°유튜브https://youtube.com/@welcome2pm 웰컴to피엠 창조적감각적FitLine 우리의 건강과 삶에 축복을💛 독일피엠 Grace 김주희 010 9878 9962 youtube.com ​​​°인스타ID. creativejuhee https://www.instagram.com/creativejuhee 김주희(@creativejuhee) • Instagram 사진 및 동영상 팔로워 1,869명, 팔로잉 1,402명, 게시물 1,338개 - 김주희(@creativejuhee)님의 Instagram 사진 및 동영상 보기 www.instagram.com ​​​°오픈채팅 https://open.kakao.com/o/stVqFVxc 🖌피엠 무엇이든 물어보세요🎨 open.kakao.com ​​​ 궁금할 땐 네이버 톡톡하세요! ​#독일피엠QM개념#독일피엠CA개념",,010-9878-9962,,10,2,"#ABO, #ABO혜택, #ABO혜택ABO를, #Abonnement, #CL그룹, #https://www.instagram.com/creativejuhee, #김주희(@creativejuhee) • Instagram 사진 및 동영상팔로워 1,869명, 팔로잉 1,402명, 게시물 1,338개 - 김주희(@creativejuhee)님의 Instagram 사진 및 동영상 보기www.instagram.com, #나의뿌리, #독일피엠CA개념, #독일피엠QM개념, #독일피엠오토십이쉬운이유, #보상플랜, #선배송후결제, #선제품후결제, #승승패밀리, #아름그룹, #오토십, #우리는, #우리들의뿌리는, #웰컴toPM, #웰컴그룹, #창조적감각적FitLine, #팀Spring, #피닉스그룹, #피엠인터내셔널, #하이브리드방식보상플랜","https://postfiles.pstatic.net/MjAyMjA5MTJfNzkg/MDAxNjYyOTg3NDM4MjM4.5leotvph3c9j4Rcx21zp-MYHykGR_Bob_j0_taEZh7kg.T44_nfSrWFA3qjjf_5yTimrlOBWbD8gM3Fb1Hal5FhEg.JPEG.longzzu/Screenshot%EF%BC%BF20220912%EF%BC%8D193005%EF%BC%BFYouTube.jpg_blur, https://blogimgs.pstatic.net/nblog/mylog/post/btn_confirm.gif, https://ssl.pstatic.net/static/blog/profile/img_profile_preset_07.png, https://ssl.pstatic.net/static/blog/profile/img_profile_preset_01.png, https://ssl.pstatic.net/static/blog/img_ani_blogid2.gif, https://storep-phinf.pstatic.net/bcosall_02/original_7.gif?type=pa50_50, https://postfiles.pstatic.net/MjAyMjA5MTJfODAg/MDAxNjYyOTg3NDYwMjI0.nZDAv29g7bZ4ZiWR6R92GQc1bspDWsdHBNUYBf5sIsUg.p6KoZTciY3NMHQf-MJb4HnktxVUpDrd0Q1t5ZkdhsLUg.JPEG.longzzu/Screenshot%EF%BC%BF20220912%EF%BC%8D193400%EF%BC%BFYouTube.jpg_blur, https://ssl.pstatic.net/static/blog/profile/img_profile_preset_08.png, https://blogimgs.pstatic.net/nblog/quickeditor/btn_qk_set.gif, https://blogimgs.pstatic.net/nblog/mylog/post/btn_close5.gif",,2025-11-07 15:16:13
naver_blog,222689357690,vegalhs,https://blog.naver.com/vegalhs/222689357690,피엠인터내셔널 IMM 트레이닝. 본사주관 피엠사업자 교육 다녀왔어요,"안녕하세요,독일피엠 사업자 살빼언니 이혜선이예요.피엠사업 만 2년이 되는 4월!!초심으로 다시 한 번 비상하려 합니다.피엠 사업 진행 이야기, 피엠 소식 등을조금 더 자주 업로드해보겠습니다~^^​지난 3월 말,피엠인터내셔널 IMM 트레이닝에 다녀온 이야기를 풀어봅니다. ​​​IMM트레이닝은 신규 IMM 직급자를 대상으로진행되는 행사인데, 코로나로 인해 2년만에 진행되었답니다.그간 트레이닝이 진행되지 않았던 관계로기존의 모든 IMM직급 달성자를대상으로 3월~4월까지 진행되고 있어요. 3팀 파트너 사장님들과 함께 ​​​​독일PM의 직급체계는 아래 사진과 같아요.IMM은 이제 사업을 알아가는 초기사업자에서 벗어나본격적으로 사업진행을 하는 직급이라고 보시면 되세요. ​​​이번 행사는 잠실 소피텔 앰베서더 호텔에서 진행되고 있어요.1박2일로 진행이 되는데,2인 1실이였으나 운좋게 혼자서 룸을 사용했어요 ㅎㅎ ​​​1일차 오상준 피엠코리아 지사장님의 인사로 트레이닝이 시작되었습니다.객관적인 자료로 PM회사의 발전과 성장에 관해들어볼 수 있는 시간이였어요.앞으로가 더 기대되는 회사라 첫 시간부터 에너지 up되었답니다. ​​ 1일차 프로그램이동호 상무님의 MLM비교소개김미란 이사님의 매력적인 스피치 이론김호수아나운서 스피치 트레이닝스피치 실전연습 사업자들에게 실용적인 프로그램이 진행되었고,피엠인터내셔널 독일 본사에서 추구하는 T.I.S화법에 대한 이론을 토대로저녁 식사 후에는 실전연습을 해 보았답니다. ​​즐거운 저녁식사시간~맛있는 식사를 앞두고 먼저 C-밸런스는 필수죠~!탄수화물 균형을 맞추어 주어 식사를 조금 무겁게 하더라도 체중 조절에 도움이 되기에늘 먹방을 앞두고 필수적으로 섭취하고 있답니다 ​​감사한 마음으로 맛있게 잘 먹었습니다~ ​​​저녁 조별 실전연습 프로그램을 끝내고방으로 돌아와서 파트너 사장님들과 데모하고,사업노하우 공유하며 즐거운 시간을 보냈답니다. ​​​혼자서 호텔방 사용하기~넘나 좋은거^^ ​2일차 시작~IMM 트레이닝에 왔어도월드탑그룹 밴드라이브 아침방송은 진행되니,6시 기상해서 아침시간을 보내고,파워칵테일과 제너레이션 섞어서 마시기~ ​​​뷔페식 조식을 먹으며파트너 사장님들과의 끊임없는 대화가 이어지고, ​​​10시부터 시작되는 일정으로 후다닥 행사장으로 이동! ​​​2일차 프로그램은사업자들이라면 꼭 알아야 할 교육과마인드셋 할 수 있는 프로그램으로 진행되었답니다.개인적으로 글로벌 전산 이용법 강의를 통해알고 있는 것을 점검하고 확실시하는 시간이 되었어요. ​​​또 식사^^;;;맛있는 걸 계속 주는 트레이닝^^;; ​​​식사 후 프로그램도 알차게~현장에서 직접 반대 상황에 대처하는 방법을사업자분들이 겪었던 체험을 토대로전화하는 상황극을 통해 리얼하게 보고 배웠답니다. ​​​피트라인 데모가방~드디어 완성!!사업에 활용하는 독일피엠쥬스와사업 전달에 활용할 책자들을 모두 담을 수 있어서너무나 활용도 만점!!현장형 피엠사업자가 직접 사업자들의 needs를 반영해서디자인. 수정. 보완해서 만들었어요. ​ 피트라인 데모가방문의 : 피엠줌마 피엠줌마진다희 : 네이버 블로그 ▶육아맘에서 네트워커로 성공 ▶월드탑 전문가 그룹 ▶-건강전문관리사 -다이어트경영자과정자격증 - 다이어트코치자격증 취득 ▶건강을 찾고 꿈도 이루는일 ▶함께 하면 행복한사람 진다희 ☎️제품,사업문의 010-8010-6655 blog.naver.com ​솜씨좋은 파트너 사장님들 덕분에피엠사업하기 더더 좋아집니다~데모가방 만들어줘서 무한 감사~~~~~~ ​​​네트워크사업을 하면서 가장 중요한 것이내가 왜 이 일을 하는가 하는 강력한 WHY를 갖는 것이죠.나만의 위싱보드를 만들며 나의 꿈을 상기하고더 큰 비전을 갖는 시간을 보냈답니다. ​​​독일피엠 사업자 살빼언니 위싱보드~집에 돌아와 더 추가보완해서잘 보이는 곳에 붙여두었습니다^^ ​​나에게 쓰는 편지(행사가 마무리되면 받겠죠^^)여행인센티브에 대한 강의까지 듣고행사가 마무리 되었답니다.이제 하늘길이 열리기 시작했고, 드디어 그간 가지 못해서 쌓여있는(?)여행이 시작되나 봅니다^^ ​​IMM 트레이닝을 통해독일피엠 사업의 비전을 더욱 실감할 수 있었습니다.이제 본격적으로 시작되는 독일PM사업SNS를 통한 온라인 활동도 가능한현장형 네트워커 살빼언니와 함께 하세요~ ​​​",,010-8010-6655,,14,0,"#IMM, #대구피엠, #독일피엠, #살빼언니, #안성피엠, #오창피엠, #천안피엠, #청주피엠, #태그, #평택피엠, #피엠인터내셔널, #피엠직급","https://postfiles.pstatic.net/MjAyMjAzMzBfMTk2/MDAxNjQ4NjQ5MDU1MzM0.-vknGPrNCRwtYzx6voyAk9LnQyKHEMzLpGyClIOXntkg.UGKijXJewBOzlWniY2DTsk2ary0wGiHYpaM7Zfi1yukg.JPEG.vegalhs/SE-34fe660a-2263-4195-85c9-2c6b07c491b7.jpg_blur, https://blogimgs.pstatic.net/nblog/mylog/post/btn_confirm.gif, https://ssl.pstatic.net/static/blog/profile/img_profile_preset_07.png, https://ssl.pstatic.net/static/blog/profile/img_profile_preset_01.png, https://ssl.pstatic.net/static/blog/img_ani_blogid2.gif, https://postfiles.pstatic.net/MjAyMjAzMzBfMTU3/MDAxNjQ4NjQ5MDY3MjA5.YF2bp-FObEHh1KEUKBgOYfstKu9dDpy-V_rs9PQlrGog.qbWtT0gV2cR6rY6kqXJg5L9-ircDhstak8P5PRiCqoog.JPEG.vegalhs/SE-d3e79a12-c6d1-4801-987b-e7fed28b2882.jpg_blur, https://postfiles.pstatic.net/MjAyMTEwMTdfMTk2/MDAxNjM0NDU4NTYzMTU4.DtV4TFQDK3g5j19Xe69h_OdOcRfMIc6qyo77YM5y304g.r6MszBCqyx6zlOyIRs_oUAb77s58SNqbsFJ_9wDx7lkg.JPEG.vegalhs/%C7%C7%C6%AE%B6%F3%C0%CE_%B5%A5%B8%F0%B9%E9_%285%29.jpg, https://postfiles.pstatic.net/MjAyMjAzMzBfMjAg/MDAxNjQ4NjQ5MDY0NTky.9U289YpMRuM0GKAaTakwgrwfA_1ydwVI4hSv039SfiQg.4DfWyV3IFANi45IVSZWuqzGjpk8_GluRpQs_vkBcjFYg.JPEG.vegalhs/SE-d22cf58b-ffab-4491-bc08-b5d5142c69b8.jpg_blur, https://ssl.pstatic.net/static/blog/profile/img_profile_preset_08.png, https://blogimgs.pstatic.net/nblog/quickeditor/btn_qk_set.gif",,2025-11-07 15:16:19
naver_blog,224006594196,mct_cnc_,https://blog.naver.com/mct_cnc_/224006594196,피엠인터내셔널 회원가입 추천인 번호 21529313,"​ 근무중인 직장 이사님께서 PM 회사 제품을 드시면서, 주위에 홍보를 많이 하고 계시길래 이사님 방에 갔다가 PM 제품에 대한 강의를 조금 들었습니다. 요지는 피엠은 독일 회사이고, 독일이 전쟁할때 인체 실험을 많이 해서 축적된 수많은 연구 데이터가존재하기때문에. 건강기능식품 쪽으로 무지하게 발전했다고.. 꽤 근거있는 주장으로 와닿았습니다. ​ 저는 당뇨가 있어 공복 혈당이 160 이 넘었습니다.그래서보조적으로 관리할 건강식품을 공부하고 있었습니다.이사님도 몸이 안좋으셨는데 PM 제품을 드시고 좋아지셨다고 해서 피엠인터내셔널 가입하고당뇨관련 건강식품을 구매해서 먹어볼려고 합니다. ​혹시 PM인터내셔널 건강식품 사이트 가입하시고자 하셔서 이 글을 보셨다면추천인 번호 21529313 부탁드리고요, 같이 PM제품 효과 공유하고 친구되었으면 합니다. ​ 당뇨를 이겨내기 위해 별도의 관리카페에 관리일기 남기고 있습니다. 혹시 당뇨있으신분은 ""당당한나"" CAFE 검색하셔서 같이 정보 공유하면 좋을것 같습니다. ​약 먹으면서 식사량 줄이면서 관리하고 있는데 수치가 드라마틱하게 떨어지지않고있는상태여서 살짝 걱정이 됩니다. PM 제품이 저의 건강에 도움이 되었으면하는 간절한 바램이 있습니다.",,,21529313,3,15,"#PM인터내셔널, #tag, #추천인번호, #피엠인터내셔널회원가입추천인번호","https://blogimgs.pstatic.net/nblog/mylog/post/btn_confirm.gif, https://ssl.pstatic.net/static/blog/profile/img_profile_preset_07.png, https://ssl.pstatic.net/static/blog/profile/img_profile_preset_01.png, https://ssl.pstatic.net/static/blog/img_ani_blogid2.gif, https://postfiles.pstatic.net/MjAyNTA5MTNfOSAg/MDAxNzU3NzUwMDc3NDE4.ps4eo3wnJXkpO4JrsLujT6QBjML-JcCON3eyrqFNpP0g.pn_4Q1MqRRGCWcjQkIWdFHEFcNdRw0uI4VGA1cMHZPYg.JPEG/%ED%94%BC%EC%97%A0%EC%9D%B8%ED%84%B0%EB%82%B4%EC%85%94%EB%84%90_%EC%B6%94%EC%B2%9C%EC%9D%B8_%EB%B2%88%ED%98%B8.jpg, https://ssl.pstatic.net/static/blog/profile/img_profile_preset_08.png, https://blogimgs.pstatic.net/nblog/quickeditor/btn_qk_set.gif, https://blogimgs.pstatic.net/nblog/mylog/post/btn_close5.gif, https://blogpfthumb-phinf.pstatic.net/MjAyNDA1MTBfMjAg/MDAxNzE1MzIzMTMxOTI5.HvMCY88v_ZC68MktzK0gRsPOLYEtgPaG2abxp0R2Hiog.SeFsZigpJpI5ioyCnksxhR3r7wPYnsFXY4e3w5hBTYcg.JPEG/%EC%9A%B0.jpg/%25EC%259A%25B0.jpg, https://blogimgs.pstatic.net/nblog/mylog/post/btn_download2.gif",,2025-11-07 15:16:30
naver_blog,223786057843,ttlboy,https://blog.naver.com/ttlboy/223786057843,피엠인터내셔널 독일피엠쥬스 3월 프로모션 안내,"[피엠인터내셔널 3월 프로모션 안내 🎉]​🌟 5+1 특별 이벤트! 🌟피트라인 제품 5개 구매 시, 1개 무료 증정!건강한 습관을 시작할 절호의 기회!​​ 3월 5+1프로모션 행사 ​📅 기간: 3월 7일 금요일 오전 11시부터 3월 25일까지 ✅인기제품은 조기 품절✅ 일련번호 필요 및 오토십 유지 팀파트너이상 구매가능✅ 이번 기회를 놓치지 마세요!제품 구매가 필요하신분들은 문의 주세요. 📩​💪 독일피엠쥬스로 세상에서 가장 소중한 나에게 건강을 선물해주세요^^​​​​ 액티바이즈 5+1프로모션 행사 📅 기간: 3월 20일 목요일 오전 11시부터 ✅일년에 딱 4번만 진행하는 프로모션! 3월/6월/9월/12월✅ 오토십 유지 팀파트너 이상 구매가능✅ 이번 기회를 놓치지 마세요!제품 구매가 필요하신분들은 문의 주세요. 📩​​​​​ 독일피엠쥬스로 건강을 선물해주세요^^ 작은 습관이 모여 평생의 건강을 만든다.건강은 최고의 재산이다.운동은 몸과 마음을 단련하는 최고의 투자다.몸을 위한 음식은 약이 되고, 잘못된 음식은 병이 된다.​삶에 있어서 건강이 가장 중요하다고 생각을 하는데요. 독일피엠쥬스로 건강을 위한 루틴을 만들어 보시기바랍니다 ^^감사합니다!!​ Instagram의 민쌤PM님 : ""운동은 몸과 마음을 단련하는 최고의 투자다! 몸을위한 음식은 약이되고 잘못된 음식은 병이된다! 피트라인과 운동으로 세상에서 제일 소중한 나에게 건강을 선물해주세요❤️ #건강 #건강기능식품 #운동"" 0 likes, 0 comments - pmjs2025 - March 5, 2025: ""운동은 몸과 마음을 단련하는 최고의 투자다! 몸을위한 음식은 약이되고 잘못된 음식은 병이된다! 피트라인과 운동으로 세상에서 제일 소중한 나에게 건강을 선물해주세요❤️ #건강 #건강기능식품 #운동"". www.instagram.com ​",,,,5,2025,"#Instagram의 민쌤PM님 : ""운동은 몸과 마음을 단련하는 최고의 투자다! 몸을위한 음식은 약이되고 잘못된 음식은 병이된다! 피트라인과 운동으로 세상에서 제일 소중한 나에게 건강을 선물해주세요❤️ #건강 #건강기능식품 #운동""0 likes, 0 comments - pmjs2025 - March 5, 2025: ""운동은 몸과 마음을 단련하는 최고의 투자다! 몸을위한 음식은 약이되고 잘못된 음식은 병이된다! 피트라인과 운동으로 세상에서 제일 소중한 나에게 건강을 선물해주세요❤️ #건강 #건강기능식품 #운동"".www.instagram.com, #건강, #건강기능식품, #독일피엠쥬스, #운동, #피엠3월프로모션, #피엠인터내셔널행사, #피엠프로모션","https://blogimgs.pstatic.net/nblog/mylog/post/btn_confirm.gif, https://ssl.pstatic.net/static/blog/profile/img_profile_preset_07.png, https://ssl.pstatic.net/static/blog/profile/img_profile_preset_01.png, https://ssl.pstatic.net/static/blog/img_ani_blogid2.gif, https://ssl.pstatic.net/static/blog/profile/img_profile_preset_08.png, https://blogimgs.pstatic.net/nblog/quickeditor/btn_qk_set.gif, https://blogimgs.pstatic.net/nblog/mylog/post/btn_close5.gif, https://postfiles.pstatic.net/MjAyNTAzMDZfMTYz/MDAxNzQxMjQ1OTEzNzA1.fZ8HdF5KzgYM9_gRjetp7dPhA61u6sTQc2MHNj30x_Ug.ri14wKTptQXsWS91dUHrY1Rv38A87Sr6M69e2sp1cGQg.JPEG/IMG_8706.JPG_blur, https://blogimgs.pstatic.net/nblog/mylog/post/btn_download2.gif, https://postfiles.pstatic.net/MjAyNTAzMDZfMTMg/MDAxNzQxMjQ1OTEzNTgw.wMj1OUJ8IKhWGgJvj02agoQHGXw5yyv8ljIBaVWvzNkg.SHxgYQxVTQdHxYJwD2hx0yEvrE-aAY623CrQSw8Cmtog.JPEG/IMG_8699.JPG_blur",,2025-11-07 15:16:36
naver_blog,224044631504,cheina2,https://blog.naver.com/cheina2/224044631504,피엠인터내셔널 코리아 회원가입 시 반드시 알아야 할 주의사항 3가지,"반갑습니다♡ 피엠비즈니스 6년차 식품영양학을 전공한 해운대독일피엠 채이나입니다 피엠인터내셔널 회원가입을 고민하고 있다면, 반드시이 글을 끝까지 읽어보세요. 단순히 가입만 하는 게 아니라, 혜택을 제대로 누리고 손해 없이 시작하는 법을 알려드릴게요.​ 해운대독일피엠 전국 회원가입 안내 ​건강기능식품 브랜드로 세계적인 명성을 가진 피엠인터내셔널 코리아​(PM International Korea) 는제품 품질뿐 아니라 회원제 혜택이 뛰어나기로 유명한데요! 회원가입 혜택 추천인 피엠인터내셔널 ​가입구조가 꽤 복잡하기 때문에,주의사항을 모르고 가입하면 큰 손해를 볼 수도 있습니다.​제가 6년차 비즈니스를 진행하며 지켜 본 안타까운 사례를 토대로 정리해 드리고자하니 아직 가입 전 이시라면 더욱 꼼꼼히 읽어보세요!---​ 팀파트너 가입 정품 혜택 독일pm ​​피엠인터내셔널코리아 회원가입 시 반드시 알아야 할 주의사항 3가지 중첫번째는​1️⃣ 반드시 팀파트너로 가입​​많은 분들이 “나는 사업자 아닌 소비자​ 이니, 우대회원으로 가입하면 되겠지?”라고 생각하시죠! 우대라고 하니 왠지 더 좋은거같은....😅😅​​그러나 의도를 아셔야해요!글로벌 웰니스 브랜드인 독일피엠의마케팅 방식은 소비자가 직접 추천하는 방식이고, 회사를 대신하여 입소문을 내 준 소비자에게 소개수당즉, 현금캐시백을 제공합니다. 구전광고 마케팅 네트워크 독일pm ​설사 아무도 소개하지 않더라도 그 의도로 가입한 팀파트너에게 할인율을 높게 책정하여 혜택을 많이주죠! ​그러니 꼬옥 우대회원이 아니라 팀파트너로 가입하셔야 해요.(불이익1도 없음)​만약, 실수로 우대회원으로 가입하셨다면 아무 구매내역 없는상태에서​ 고객센터에 문의하세요!​피엠인터내셔널 02-838-2688​피엠인터내셔널 회원가입에서는 팀파트너가 핵심입니다.​이제 아셨죠?👉 결론: 피엠인터내셔널 회원가입 시팀파트너 선택이 가장 합리적입니다. ​소비자 회원으로 등록 시 제한적 혜택 더 많은 금액을 지불할 수 있음을 명심!​ ​피엠인터내셔널코리아 회원가입 시 반드시 알아야 할 주의사항 3가지 중두번째는2️⃣ 추천인코드 변경 불가​​피엠인터내셔널 회원가입에서 가장 중요한 것이 바로 추천인 코드입니다.​ ⬆️피엠인터내셔널 회원가입 ⬆️ ​이 코드는 단순한 초대코드가 아니라,앞으로 지속적으로 받을 수 있는 수당, 교육, 캐시백, 지원 체계와 직접적으로 연결되는 핵심 정보입니다.​가입 후에는 추천인코드 변경불가무조건 신중하게 선택해야 합니다.​​✔️상담을 진행하다보면 ✅️지인이 부탁해서 그냥 사주었다거나 ✅️미용실,사우나에서 처음 만났다거나 ✅️알고보니 담당이 영 신뢰가 가지 않아✅️재가입 문의를 하시는경우가 많아요! 피엠인터내셔널 회원가입 제품할인가격 ​그러니, 진짜 전문가인지, 꼼꼼히 따져보시고 선택하세요~이후에 지원받을 수 있는 팀이나 시스템이 달라져 도움을 받기 어려울 수도 있기 때문이에요.​👉 이 부분은 실제 회원들이 가장 많이후회하는 포인트 이기도 합니다.​ 독일피엠 회원가입 혜택 ​---피엠인터내셔널 코리아의 또 하나의 중요한 정책은 탈퇴 후 1년 규정입니다.즉, 한번 회원을 탈퇴하면 1년 지난 후다시 가입할 수 있습니다.​이 규정은 회원 관리의 투명성을 지키기 위한 회사의 방침이지만,무심코 탈퇴했다가 다시 가입하려는 분들에겐 큰 불편이 될 수 있습니다. 따라서 가입 전에 충분히 검토하고,추천인 및 혜택 조건을 명확히 이해한 후 결정하는 것이 좋습니다.​👉 피엠인터내셔널 회원가입은 ‘신중한 첫 선택’이 가장 중요합니다. 해운대독일피엠 단톡방 운영 회원관리 피엠인터내셔널코리아 회원가입 시 반드시 알아야 할 주의사항 3가지 중세번째는 3️⃣가입은 선택이 아닌 필수​번거롭다고 가입을 미루지 마세요!​⬇️⬇️⬇️⬇️⬇️⬇️공식 홈페이지를 통해 가입하면 상담원을 거치지 않아도 365일 24시간 가입주문 가능 언제든지 제품을 주문할 수 있으며,제품에 만족하여 지인에게 소개하면10~18% 현금캐시백 혜택도 받을 수 있습니다 혜택이 많은 오토십(정기구독)ABO회원 ​⬆️⬆️⬆️⬆️⬆️⬆️⬆️​ 비공식 경로나 인터넷 쇼핑몰, 중고거래로 구매할 경우정품 여부를 확인하기 어렵고, 캐시백 혜택도 받을 수 없습니다. 👉 공식몰에서 피엠인터내셔널 회원가입을 하면, [정품 보증 + 현금캐시백]혜택을 모두 안전하게 누릴 수 있습니다.​⬇️⬇️안전한 공식 링크⬇️⬇️[네이버검색창- 피엠인터내셔널]회원가입-팀파트너 ​회원가입시 피엠인터내셔널 회원가입 필요사항 ※이메일,영문이름은 살짝 오류있어도 가입에 지장없으나, 본인확인 용도 및 추후 캐시백수령과 관계있는핸드폰인증,계좌인증은​매우 중요합니다(오차없이)^^ ​정리하겠습니다 요약하자면, 1️⃣ 반드시 팀파트너로 가입 2️⃣ 추천인 코드는 변경불가(1년) 3️⃣ 회원가입 후 혜택누리기 부산에서 미국까지-해운대독일피엠- ​※큐알이미지를 다운로드 하신 후, 그 이미지를 3초이상 눌러보시면 연결 ⬆️다운로드 하신 후 팀파트너로 가입⬆️ ​이 세 가지를 기억하면 실수 없이독일피엠 회원가입이 가능합니다.＼(^-^)／작은 선택이지만, 한 번의 신중한 결정이앞으로의 혜택과 신뢰를 크게 바꿉니다.건강한 습관과 현명한 소비,그 시작은 올바른 피엠인터내셔널 회원가입에서 출발합니다. 🌿​오늘은 정말 많은 분들이 놓치는 피엠인터내셔널 회원가입에 대한 3가지 주요사항에 대해 말씀드렸네요. 해운대독일피엠 정회원 특전 3가지1) 1:1 맞춤상담 진행 2) 최고급 보틀 2종 선물 3)단톡방 초대- 정보 제공 채이나 010.5595.7239 ⬆️⬆️이미지를 클릭하시면 전화연결 됩니다⬆️⬆️ 제가 드린 QR코드를 통해 피엠인터내셔널 정식 회원으로 가입 후 오토십 혹은 단품구매(10만원이상)하신 분께는 PM보틀 2종을 선물로 보내드립니다 ^^감사합니다 💕 💕",,,,6,0,"#2025블로그챌린지, #왓츠인마이블로그, #피엠인터내셔널, #피엠인터내셔널코리아, #회원가입","https://blogimgs.pstatic.net/nblog/mylog/post/btn_confirm.gif, https://ssl.pstatic.net/static/blog/profile/img_profile_preset_07.png, https://ssl.pstatic.net/static/blog/profile/img_profile_preset_01.png, https://ssl.pstatic.net/static/blog/img_ani_blogid2.gif, https://ssl.pstatic.net/static/blog/profile/img_profile_preset_08.png, https://blogimgs.pstatic.net/nblog/quickeditor/btn_qk_set.gif, https://blogimgs.pstatic.net/nblog/mylog/post/btn_close5.gif, https://postfiles.pstatic.net/MjAyNTEwMThfODUg/MDAxNzYwNzQzMDU4MzAx.ESkgu__PUM3472ps2E5x3Bmv71LdxYOfQeV85v5Iymwg.mYe2I_IZqdpYxem-QhS2twDDjva2h4VJO-L598zmBogg.JPEG/1760743057201.jpg_blur, https://postfiles.pstatic.net/MjAyNTEwMTdfMTQ0/MDAxNzYwNjc5MTUxMDE4.ix2tqw07rgw5b-vskkRe-cioiJo2393RldSDU8IfnD0g.HHEbrGQkf2GukkE7PAcKkMQyg_QkjMEp104-wzeyiGwg.JPEG/900%EF%BC%BF1760679150077.jpg_blur, https://blogimgs.pstatic.net/nblog/mylog/post/btn_download2.gif",,2025-11-07 15:17:14
naver_blog,224034809521,cheina2,https://blog.naver.com/cheina2/224034809521,피엠인터내셔널코리아 안방에서 글로벌 사업 확장하는 3가지 비결,"피엠인터내셔널코리아는 독일 본사 기반의 글로벌 건강 & 뷰티 기업입니다. 해운대독일피엠 채이나 6년 차 독일피엠사업가 PT 채이나 요즘 글로벌 비즈니스의 핵심은 **‘온라인 확장력’**입니다.​특히 해외 유학파나 글로벌 감각이 있는 분들은“내가 가진 인맥을 바탕으로 세계 어디서든 일할 수 있을까?”라는 고민을 자주 하죠. 독일피엠 연 2회 이상 유럽 해외 포상여행 ​그 해답이 바로 피엠인터내셔널코리아(PM-International Korea)입니다. 피엠인터내셔널코리아⬇️7주년 왕대박 이벤트소식⬇️https://m.blog.naver.com/cheina2/224061097887 피엠인터내셔널코리아의 비밀, 전 세계가 사랑한 올인원 주스 안녕하세요 🌿 피엠비즈니스 6년차, 식품영양 전공자 채이나입니다. 요즘 피엠인터내셔널코리아 고객분들... m.blog.naver.com 그렇다면 여기에서 독일을 중심으로 전세계 50여개국에 진출한 피엠인터내셔널이 어떤 회사이며, 글로벌 입지를 갖고 있는지 먼저 면밀히 살펴보겠습니다! 1. 피엠인터내셔널 설립과 역사 피엠인터내셔널 창립자 롤프 사르그 회장 PM-International은 1993년 독일 림부르거호프(Limburgerhof, 독일 남서부) 에서 Rolf Sorg(현 CEO)가 설립했습니다. 설립 직후 폴란드에 첫 해외 진출국제 진출 신호탄 알림1994년 룩셈부르크로 본사 이전 후유럽 중심의 물류 및 운영 인프라 확장 출처 : 피엠인터내셔널 본사 사이트 자료 피엠인터내셔널 글로벌 본사 현재 본사는 룩셈부르크 솅겐(Schengen)에 위치해 있으며, 전 세계 45개국 이상에 지사를 두고 활동하고 있습니다. ​​2. 유럽 / 세계 내 위상 및 랭킹​Direct Selling 분야 PM-International은 DSN Global 100 등의 랭킹에 여러 차례 포함된 기업으로 최근 자료에 따르면, 2025년 기준 DSN Global 100랭킹에서 6위 유지전 세계 직판(네트워크 마케팅) 회사700여 곳 중 58위로 평가SimilarWeb 기준으로​또한, PM-International이 유럽 내 건강·피트니스·뷰티직판 분야에서 가장 큰 회사 중 하나로 평가영국의 Direct Selling Association(DSA) 피엠인터내셔널 글로벌 기업 ​3. 한국 지사 시작 시점​피엠인터내셔널코리아는(PM-International Korea) 2018년 4월에 한국에서 공식적으로 사업을 시작한 것으로 나와 있습니다. ​출범 이후 빠르게 성장했으며, ▶사업 2년 만에 국내 동종업매출 기준 4위▶2025년 현재 매출 기준 3위 영양, 과학, 혁신적 시스템이 결합된 ‘피트라인(FitLine)’ 제품으로 유럽에서 얻은 압도적인 신뢰와 성장세로 아시아, 특히 한국 지사인피엠인터내셔널코리아로 두각 중 HOW그렇다면 어떻게 피엠 비즈니스가 안방으로부터 글로벌하게 확장될 수 있는지 그 비결 3가지를 공개해 드릴게요! 부산PM 채이나 wmc 여행 마드리드 비결 One1️⃣ 글로벌 비즈니스는 안방에서 시작된다​피엠인터내셔널코리아는 전통적인(face-to-face) 방식 이외에도온라인 시스템으로 언제 어디서든 사업을 운영할 수 있습니다. 글로벌 비즈니스 독일pm사업 해외 집에서도 전 세계와 연결되는 줌(Zoom),자동화된 오토십 시스템,그리고 글로벌 물류 지원까지 이 모든 인프라가 이미 준비되어 있죠.​그래서 당신의 안방이 곧 세계로 연결되는 오피스가 됩니다. ​비결 Two2️⃣ 확실한 교육력으로 성장 속도를 높이자​저는 피엠 사업 6년 차로 해마다 두 번 이상 유럽을 여행 보너스로 다녀왔습니다.​전직 강사 출신 교육 경험을 바탕으로신규 파트너들이 쉽게 따라올 수 있는 단계별 교육 시스템을 제공합니다.​피엠인터내셔널코리아 비즈니스는 단순히 “판매 중심”이 아니라사람을 성장시키는 구조입니다. 독일피엠사업 교육 복제 시스템 줌 미팅 그래서 경험이 없는 사람도글로벌 인맥을 가진 해외파도각자의 강점을 살리며 성장 가능합니다. 비결 Three3️⃣ 부담 없이 소비자부터 시작하라​피엠인터내셔널 비즈니스의 가장 좋은 점은 시작이 가볍다는 것입니다.​오토십 가입과 풀셋 구입,즉 나를 위한 건강관리와 제품 체험부터 출발합니다. 오토십과 풀팩( 매니저 팩) 풀셋 처음에는 단순한 소비자였던 분들이제품의 효과를 느끼고 자연스럽게 비즈니스로 확장하는 경우가 많습니다.​이처럼 부담 없이 시작해 확실하게 성장하는 구조, 그것이 피엠인터내셔널코리아의최대 비즈니스 강점이지요. 부산 PM사업 채이나 PT 해운대독일피엠 스페인 파리 ​​이제 글로벌 감각과 열정을 가진 당신이교육력과 시스템을 겸비한 스폰서를 만나안방에서 세계로 뻗어갈 차례입니다. 작은 시작이 당신의 인생을 바꾸는 터닝포인트가 될 것입니다. ​지금, 피엠인터내셔널코리아에서 그 첫걸음을 내디뎌보세요. ▲▲▲이미지를 클릭하시면 자동 전화연결됩니다. ​ 이상, 해운대독일피엠2 채이나였습니다.계속 새로운 정보로 인사드리겠습니다.상담/문의 : 010-5595-7239​독일PM쥬스 제품이 궁금하시다면아래의 링크를 클릭하세요!https://blog.naver.com/cheina2/224030744844 독일PM쥬스 젤슈츠 효능 영양사면허와 다이어트코치 자격증이 있는 해운대독일피엠 채이나입니다. 6년 차 누적회원 2천여명을 관리... blog.naver.com ​​​​#피엠인터내셔널코리아 #피엠인터내셔널 #피엠사업 #글로벌비즈니스 #온라인사업#네트워크마케팅 #건강라이프 #유럽브랜드 #피엠스폰서 #해외유학파사업",,010-5595-7239,,7,3,"#건강라이프, #글로벌비즈니스, #네트워크마케팅, #온라인사업, #유럽브랜드, #피엠사업, #피엠스폰서, #피엠인터내셔널, #피엠인터내셔널코리아, #해외유학파사업","https://blogimgs.pstatic.net/nblog/mylog/post/btn_confirm.gif, https://postfiles.pstatic.net/MjAyNTEwMDhfMTU5/MDAxNzU5ODk3OTM5NDY4.JDQ2kVXkkB5LFmzM-cYR8eY_iEhTm-k466_OU9fR-jMg.YLAy2sk0gRWACDCA2lByZAd1_RzLxWV9ScsKrkYFXCkg.JPEG/SE-863c6cec-dc55-44f6-9a6b-587f52657c20.jpg_blur, https://ssl.pstatic.net/static/blog/profile/img_profile_preset_07.png, https://ssl.pstatic.net/static/blog/profile/img_profile_preset_01.png, https://ssl.pstatic.net/static/blog/img_ani_blogid2.gif, https://ssl.pstatic.net/static/blog/profile/img_profile_preset_08.png, https://blogimgs.pstatic.net/nblog/quickeditor/btn_qk_set.gif, https://blogimgs.pstatic.net/nblog/mylog/post/btn_close5.gif, https://postfiles.pstatic.net/MjAyNTEwMDhfMjQy/MDAxNzU5ODk4MTQ5MDI5.e606WWO4pP-Gh2lVwS57nVTipCkqOAYWmNnNQFjyCHgg.FsJZ_p8VcMuy8RsgeuVMYLByVK4-tduBZ0-DSVmKLLMg.JPEG/SE-77fe78f8-1386-4025-9c1d-1ebe71bf1c0e.jpg_blur, https://postfiles.pstatic.net/MjAyNTEwMDhfMjAx/MDAxNzU5ODk1OTEwMzU2.2Dmh2cpI9i2DVPG2GZFVtxWCfhN3x1VsUbxAZ1vgeWMg.WWuzuW2F3Oq-L-_G7rmTmsvvOrAzwTtmHUGfXdku_tgg.JPEG/SE-96d5ad25-ac70-41ae-8736-67a763dc5a12.jpg_blur",,2025-11-07 15:17:21
naver_blog,224058295768,soyong486,https://blog.naver.com/soyong486/224058295768,"왜 피엠인터내셔널 오토십(Autoship,ABO) 가입해야 할까?","🌿건강과 기회를 연결하는 라이프 디자이너조이그룹 팀리더 이소용입니다​ 피엠인터내셔널 조이그룹 팀리더 이소용 ​​오늘은 “왜 피엠인터내셔널 오토십(Autoship)에 가입해야 하는가?”그 이유를 건강과 비즈니스 두 가지 관점에서 이야기해보려 합니다.​건강 루틴 + 비즈니스 루틴 = 지속 가능한 성장 ​​ 오토십(Autoship)이란 무엇인가? 꾸준함이 만들어내는 건강과 신뢰 피엠인터내셔널의 오토십은 한 번의 설정으로 매달 제품이 자동 배송되는 정기구독 시스템입니다.건강을 관리하는 데 있어 가장 중요한 것은 ‘꾸준함’.매달 자동으로 제품을 받아볼 수 있으니, 생활 루틴이 자연스럽게 만들어집니다.​이 시스템은 고객 입장에서는 건강 루틴을,사업자 입장에서는 지속적인 수익 구조를 가능하게 하는 핵심 기반이에요. 피엠인터내셔널 오토십(ABO) 파워칵테일 리스토레이트 오토십은 단순한 구독이 아니라 ‘시스템’ 사업을 운영하다 보면, “꾸준히 사용하는 고객”이 가장 소중하다는 걸 알게 됩니다.오토십은 바로 이 꾸준함을 자동화해주는 시스템이에요.내가 설정해 둔 오토십이 유지되는 한,팀 전체의 소비 흐름이 안정적으로 유지되고, 매출과 보너스도 함께 성장합니다.​ 왜 피엠인터내셔널 오토십(Autoship,ABO) 가입해야 할까? 오토십 가입이 필요한 3가지 핵심 이유 ① 건강 루틴을 만드는 자동 습관 ‘꾸준한 섭취 = 진짜 효과’​FitLine 제품은 단기 효과보다 세포단위의 영양 전달(NTC®) 을 통해 지속적으로 몸의 균형을 회복시키는 것을 목표로 합니다.오토십을 설정하면 자연스럽게 매달 제품을 소비하여,건강 루틴이 무너질 틈이 없습니다.​ “건강은 하루에 만들어지지 않지만, 하루의 꾸준함이 건강을 만든다.” 독일피엠 리쏭 ​이 철학이 바로 오토십의 본질이에요.​​​ ② 사업의 안정성과 신뢰 확보 자동 수익 구조 = 지속 가능한 비즈니스​피엠인터내셔널의 비즈니스 구조는 리테일 수익 + 팀 보너스 + 리더십 보너스로 구성됩니다.이 모든 수익의 기반이 되는 것이 바로 ‘오토십 유지율’이에요.​내가 오토십을 유지한다는 건, • 나 자신이 제품을 꾸준히 체험하고 있고, • 고객에게 진심으로 추천할 수 있으며, • 팀에게 모범이 된다는 의미입니다.​즉, 오토십은 팀 신뢰의 언어입니다.사업적 신뢰는 제품을 ‘얼마나 사랑하느냐’에서 시작되고, 그걸 가장 잘 보여주는 지표가 바로 오토십이에요. ③ 시간과 비용의 효율성주문 걱정 NO, 혜택은 YES​매달 직접 주문할 필요 없이 자동으로 3개월 마다 자동 배송되니 시간이 절약되고, 제품 품절 걱정도 없습니다.또한 오토십 등록자는 일반 소비자보다 30% 이상 할인 혜택을 받을 수 있어 경제적으로도 매우 효율적이에요.​배송될 때마다 “내 건강 루틴이 준비됐구나”라는작은 확신이 쌓입니다.그 작은 확신이 결국 지속 가능한 비즈니스 습관으로 바뀝니다. 왜 피엠인터내셔널 오토십(Autoship,ABO) 가입해야 할까? 오토십이 팀 성장에 주는 힘 ‘팀 전체가 성장하는 루틴 시스템’​건강 루틴 → 신뢰 루틴 → 수익 루틴​팀의 리더로서 가장 중요한 건 ‘모델링’이에요.내가 오토십을 꾸준히 유지할 때, 팀원들도 같은 리듬을 타게 됩니다.결국 “건강 루틴 → 수익 루틴 → 성장 루틴” 이라는선순환 구조가 만들어집니다.​💬 “팀원 모두가 오토십을 유지할 때,그 팀은 이미 안정적인 비즈니스 시스템을 갖춘 것입니다.”​ 피엠인터내셔널 오토십(ABO)으로 팀 성장 왜 피엠인터내셔널 오토십(Autoship,ABO) 가입해야 할까? 오토십 활용 팁 1.나만의 오토십 스토리를 만들자​오토십은 단순히 자동 주문이 아닙니다.내 건강을 회복시킨 과정, FitLine 제품을 통해 느낀 체감 변화 등을 ‘나만의 스토리’로 기록하고 공유하세요.그 이야기가 바로 리크루팅의 핵심 콘텐츠가 됩니다.​2.팀 오토십 챌린지 운영​팀 차원에서 “오토십 챌린지”를 만들어보세요.예: • 이번 달 오토십 100% 유지 달성! • 오토십 후기 인증 이벤트! • 팀원별 FitLine 루틴 공유 릴레이​이런 활동은 팀 분위기를 끌어올리고,자연스럽게 오토십 유지율을 높여줍니다.​​⬇️ QR코드 스캔후 팀파트너 가입하기 피엠인터내셔널 오토십(ABO) 가입하기 ​​왜 피엠인터내셔널 오토십(Autoship,ABO) 가입해야 할까? 오토십, 선택이 아닌 필수입니다 ​피엠인터내셔널의 오토십은건강과 비즈니스 모두를 ‘지속 가능한 루틴’으로 만들어주는 시스템입니다.​꾸준히 제품을 사용하고,그 경험을 진심으로 전달하며,팀과 함께 성장하는 모든 과정의 시작이 바로 오토십이에요.​건강이 습관이 되면,성공은 자연스러워집니다.​지금 당신의 건강 루틴과 비즈니스 루틴을오토십으로 자동화하세요.​​​“건강한 삶을 디자인하는 사람,그 삶을 함께 나누는 비즈니스 —그것이 피엠인터내셔널 오토십의 진짜 가치입니다.” ⬇️ 사진을 터치하면 자동 전화 연결됩니다. 피엠인터내셔널 오토십(ABO) 가입하기 독일pm쥬스 오토십(ABO) 해야 하는 이유 3가지? 독일피엠 쥬스가 가장 맛있는 집 흘러넘치는 성실함으로 정성을 담아 전하는 독일피엠 리쏭 입니다. 요즘 ... m.blog.naver.com ​​",,,,2,0,#태그,"https://blogimgs.pstatic.net/nblog/mylog/post/btn_confirm.gif, https://ssl.pstatic.net/static/blog/profile/img_profile_preset_07.png, https://ssl.pstatic.net/static/blog/profile/img_profile_preset_01.png, https://ssl.pstatic.net/static/blog/img_ani_blogid2.gif, https://blogpfthumb-phinf.pstatic.net/MjAyNDA4MTBfMjgx/MDAxNzIzMjQ3NTY0MjU1.MRAyZUGCj41WVMe8C_dCp7XAWTd1dDNMuyPLIyfiq4Mg.58m_qK_GgEgiy4DANMatCgt9HbnWNlm-LaPFwFBtkYQg.PNG/profileImage.png, https://ssl.pstatic.net/static/blog/profile/img_profile_preset_08.png, https://blogimgs.pstatic.net/nblog/quickeditor/btn_qk_set.gif, https://storep-phinf.pstatic.net/ogq_5c7a4110e1762/original_6.png_100, https://blogimgs.pstatic.net/nblog/mylog/post/btn_close5.gif, https://blogimgs.pstatic.net/nblog/mylog/post/btn_download2.gif",https://www.youtube.com/embed/R7UCISqi_GM?feature=oembed,2025-11-07 15:17:50
naver_blog,224040146139,cheina2,https://blog.naver.com/cheina2/224040146139,피엠인터내셔널 피트라인 파워칵테일 가격 최저가 할인정보,"6년차 독일피엠 전문가식품영양전공-영양사면허다이어트코치 자격취득약 2천여명의 회원관리경력오직 정품을 안전하게 구매복용상담-효과-캐시백정보까지한 번에 정리해 드립니다.고급보틀선물+단톡방 초대 지속적인 건강,제품,할인정보 제공 해운대독일피엠 채이나 해운대독일피엠 채이나 상담. 교육 전문 안녕하세요^^해운대독일피엠 채이나 인사드려요!​오늘은 피엠인터내셔널 피트라인 파워칵테일 가격 최저가 할인정보로 인사드립니다.​ 피엠인터내셔널 정기구독(오토십)회원이 되시면 5+1으로 할인하여 구매가능 ​ ​선착순~ 한정수량2025년 10월 14일~31일(조기주문 마감예정) 액션팩 할인 파워칵테일 리스토레이트 최저가 정품 구성: 파워칵테일5+리스토레이트5( 5셋트)▲▲▲▲▲▲▲▲▲▲▲▲▲ ▲▲▲▲▲▲▲▲▲▲▲▲▲​♣ 회원가입및 구매요청010.5595.7239​ ​​​https://blog.naver.com/cheina2/224034098431 피엠인터내셔널 파워칵테일이 장 건강에 좋은 5가지 이유 명절 연휴 잘 보내고 계신가요? 5년 넘게 독일피엠 전문가로 활동하는 해운대독일피엠 채이나입니다~ (상담... blog.naver.com ​ 일상에서 즐기는 피엠인터내셔널피트라인 독일pm쥬스 ​ 피엠인터내셔널 피트라인 C밸런스 할인 5+1 선착순 5+1프로모션(한정수량)서둘러 문자주세요! ​피엠인터내셔널 피트라인 파워칵테일 가격 최저가 할인정보(선착순)​ 10월 할인 프로모션 독일pm쥬스 선착순 ​ 피트라인 가격 할인 정보5+1사과맛젤슈츠1년꺼 쟁여놓기시즌상품 겨울엔 없어요~ 사과맛젤슈츠 항산화 종합비타민제 5+1 피트라인 독일PM 맛도 최고, 청사과 젤슈츠 할인 ​젤슈츠 효능이 궁금하다면▼▼▼▼▼ 독일PM쥬스 젤슈츠 효능 영양사면허와 다이어트코치 자격증이 있는 해운대독일피엠 채이나입니다. 6년 차 누적회원 2천여명을 관리... blog.naver.com ​ 피트라인 탑쉐이프체중조절, 호르몬 불균형, 입에 간식을 달고 산다면 이 제품 놓치지 마세요~​충분한 물과 함께 하루2번 x 3알씩 피트라인 탑쉐이프 독일pm 5+1 식욕조절 ​ 피엠인터내셔널 피트라인 파워칵테일 그 외가격 최저가 할인정보 중 인기템​오메가3+E 피엠인터내셔널 오메가3 프로모션 5+1 독일pm 피트라인 오메가3 액상 흡수빨라요 5+1 ​ 피트라인 5+1 가장 빠른 품절 예상피엠인터내셔널 제너레이션 50+시야가 맑아져요! 인생을 다시 사는 기분​ 제너레이션 50+ 눈건강 영양 5+1 (선착순)할인 ​ 피엠인터내셔널 피트라인 제품 중최고의 스테디셀러템 5+1 독일PM쥬스 뮤노겐하루2번 혈관이 염려되신다면... 뮤노겐 5+1 아르기닌 혈관영양제 독일피엠​ 혈관 아르기닌 뮤노겐 가격할인 5+1 피엠 ​ 선착순 5+1프로모션(한정수량)서둘러 문자주세요! 피엠인터내셔널 피트라인 10월 가격할인정보5+1 (조기종료-선착순)구매를 원하시면 문자주세요! 10월 피엠인터내셔널 할인 5+1 현재는 액티바이즈(5+1) 피치(복숭아티맛)만 가능합니다.맛은 달라도 효능은 같아요!​액티 효능이 궁금하시면▼▼▼▼▼https://blog.naver.com/cheina2/224038916186 피엠인터내셔널 피트라인 액티바이즈가 탁월하게 좋은이유 안녕하세요~질병으로부터 자유롭게! [영양사 면허]가 있는 해운대 독일 피엠 채이나입니다. 요즘 독일 피엠... blog.naver.com ​ 피엠인터내셔널 10월 카드사 무이자안내 ​이상으로 피엠인터내셔널 피트라인 파워칵테일 가격 최저가 할인정보에 대한 포스팅을 마치겠습니다.아직 정회원이 아니신가요?​▼▼아래 이미지를 누르시면 자동전화연결▼▼ 자세한 상담예약은 문자나 전화주세요!감사합니다 ​",,,,6,0,"#독일PM가격, #파워칵테일, #피엠인터내셔널, #피트라인","https://postfiles.pstatic.net/MjAyNTEwMTNfMjUg/MDAxNzYwMzU3ODE1Mzc2.jj5BNXMA0Tn6J3TlPazYN75VZfUAJzKyxkmbrtc3v9Mg.Ek3MMv8nXwVX87TOZlH1ruk0HVV_TnXOc7ZsU4H74fIg.JPEG/SE-f1c3c9b6-0337-48b4-a4f5-917a2ea0b8b1.jpg_blur, https://blogimgs.pstatic.net/nblog/mylog/post/btn_confirm.gif, https://ssl.pstatic.net/static/blog/profile/img_profile_preset_07.png, https://ssl.pstatic.net/static/blog/profile/img_profile_preset_01.png, https://ssl.pstatic.net/static/blog/img_ani_blogid2.gif, https://postfiles.pstatic.net/MjAyNTEwMTNfMjgx/MDAxNzYwMzYwMzAwNTIz.gKm8fAjaIDudp1ArDK0-gzrMFl6eIpUr-SRPdS34ByMg.uYGmJ1GdEtLfgu4dI90zJBhmyHJixhAshShIgU4MoqQg.JPEG/KakaoTalk_20251013_210451064_10.jpg, https://ssl.pstatic.net/static/blog/profile/img_profile_preset_08.png, https://blogimgs.pstatic.net/nblog/quickeditor/btn_qk_set.gif, https://postfiles.pstatic.net/MjAyNTEwMTNfMjM1/MDAxNzYwMzU3ODE2Mjky.ueity4tkUIX5xoTvsBZDHIa6iwzO5Fr2eSY7vg_REx0g.-Aqd0QQnLgLZdlYBI24ZFsMC5hQui8lay542iXAD1D8g.JPEG/SE-4aa56b6f-29b8-46a0-bfe5-151cf55c9209.jpg_blur, https://blogimgs.pstatic.net/nblog/mylog/post/btn_close5.gif",,2025-11-07 15:17:58
naver_blog,223828831879,ttlboy,https://blog.naver.com/ttlboy/223828831879,피엠인터내셔널 굿즈 18종 판매 재개! 서둘러주세요!,"안녕하세요^^활기찬 목요일을 보내고 계신가요?오늘을 피엠인터내셔널 굿즈 18종 판매 재개! 서둘러주세요!에 대해서 포스팅을 해드리겠습니다!​ 부모님의 추천 시작된 PM 저는 작년에 부모님의 추천으로 독일피엠쥬스를 섭취하게 되었는데요. 처음에는 선입견이 조금 있었는데요. ​ 피엠 제품력에 반해 버리다! 독일피엠쥬스를 섭취하기 시작하면서 제품력에 반해버려서 피엠 매력에매료가 되었습니다! ​피엠주스는 건강기능식품입니다!하루에 필요한 영양소를 한포에 담아물이랑 간편하게 섭취하는 건강기능식품입니다! 독일pm쥬스는 가루 형태로 되어있어서 물과 함께 흔들어서 간편하게 섭취 하실 수 있는 건강기능식품입니다!​풍부한 영양소와 타 먹는 재미!맛까지 있답니다! 독일피엠쥬스를 1년정도 섭취를 하면서 많은 효과와 만족감이 점점 높아졌습니다! 정말 다른거 다 떠나서 제품력이 가장 컸던 것 같습니다!​ 독일피엠을 사랑하는 매니아❤️ 저는 #피엠인터내셔널 #피트라인 제품이 사용 하면 할수록 점점 좋아지고 피엠 관련된 이쁘고 특별한 제품들을 소장하고 싶어지더라고요! 피트라인은 일상 생활에서도 자연스러움과 pm 및 피트라인 로고는과하지 않으면서도 건강한 느낌을항상 받고 있습니다!​ 피엠 제품 어디까지 드셔보셨나요? 저는 피엠 피트라인의 다양한 전 제품들을 사용 할 정도로 피엠을 너무 사랑하는pm매니아입니다!​ 운동 할때도 pm ​​ 삶에 있어서 건강이 최고 잖아요!자연스럽게 저도 모르게 입게되는운동복 pm! 블랙을 워낙 좋아 하기도 하고 그래서 더 즐겨 입게 되는 것 같습니다!​ 재미었던 애피소드 ​재미있는 점은 PM 굿즈를 사용하고 있으면 자연스럽게 ‘연결’이 생길 수있는데요. 예를 들어 운동을 갔는데 PM 텀블러를 꺼냈을 때~ 누군가가 말을 걸어온적이 있는데요!​“어? 저도 피엠 먹고있어요!”“피엠 제품 진짜 좋죠~” 하면서공감과 대화의 시작점이 되기도 했었습니다. ​​ 0초 0초 광고 후 계속됩니다. 다음 동영상 subject author 취소 피엠매니아 재생 12 좋아요 0 좋아요 공유하기 재생 (space/k) 재생 00:27 0:00:00 재생 (space/k) 재생 음소거 (m) 음소거 00:00 / 00:27 실시간 설정 전체 화면 (f) 해상도 자동 480p 자막 사용 안함 재생 속도 1.0x (기본) 해상도 자동 (480p) 1080p HD 720p HD 480p 270p 144p 자막 설정 사용 안함 옵션 글자 크기 배경색 재생 속도 0.5x 1.0x (기본) 1.5x 2.0x 죄송합니다. 문제가 발생했습니다. 다시 시도해 주세요. 도움말 음소거 상태입니다. 도움말 라이센스 고화질 재생이 가능한 영상입니다. 설정에서 해상도를 변경해보세요. 더 알아보기 00:00 접기/펴기피엠매니아피엠매니아#피엠매니아 ​​​​ 피엠 굿즈 18종 판매 재개 오전 11시 되자 마자 눈여겨 보았던 굿즈들을 주문하였습니다. ​저는 드로우스트링 백, 페어트레이드 티셔츠,우산, 러닝 힙색, 쇼핑바스켓을 주문성공을 하였습니다. ​아쉽게도 야구모자 화이트는 실패했습니다. 1분만에 품절 된 것같았습니다. 다음을 기야 하려고합니다! ​저처럼 피엠 굿즈 하나하나까지모으는 매니아가 되어보세요^^일상 생활에서 유용하게 사용되는 좋은 점들이 많이 있습니다!​ ​​​​​ 4월 프로모션 역대급! 4월 프로모션 시작하자 마자 조기품절이 될 만큼! 제품력 정말 대단 한 것 같습니다! 이번에 역대급으로 진행되는 만큼좋은 기회를 놓치지 마세요^^​​ 정품 피엠은 피엠인터내셔널 홈페이지에서만 주문가능하다고합니다! 짝퉁! 가품 피엠주스가 요즘 너무 많은데요! 건강을 위해서 챙겨드시는건데 정품으로 세상에서 가장소중한나에게 그리고 사랑하는 내가족들에게 건강을 선물해주세요^^​ 오토십 신청하면 선물까지 준다고? 오토십을 신청해 주시는분에게는액티바이즈와 물병을 증정해 드리고 있습니다. 많이 참여해주세요^^잘해드릴께요! “몸이 말을 듣지 않기 전에..먼저 몸의 말을 들을 수 있게 ”건강은 건강할때 미리 챙겨야합니다!​피엠매니아가 여러분들과 함께 하겠습니다❤️​ 궁금할 땐 네이버 톡톡하세요! 문의 주시면 신경 써 드리겠습니다❤️",,,,10,1,"#pm굿즈, #pm쥬스, #독일피엠굿즈, #독일피엠쥬스, #피엠굿즈, #피엠매니아, #피엠신상, #피엠인터내셔널, #피엠인터내셔널굿즈, #피엠주스, #피트라인","https://blogimgs.pstatic.net/nblog/mylog/post/btn_confirm.gif, https://postfiles.pstatic.net/MjAyNTA0MjdfMTU0/MDAxNzQ1NzY1MzQyMDU2.50w5nbR1XquQ72gylBx6bV0Smul4zX4uhd0sU9GNHaog.iLPmJeiVqiJcC9M320Pq4zaw6mvudmRjerVHe4UdNscg.JPEG/IMG_3147.jpg_blur, https://ssl.pstatic.net/static/blog/profile/img_profile_preset_07.png, https://ssl.pstatic.net/static/blog/profile/img_profile_preset_01.png, https://ssl.pstatic.net/static/blog/img_ani_blogid2.gif, https://ssl.pstatic.net/static/blog/profile/img_profile_preset_08.png, https://blogimgs.pstatic.net/nblog/quickeditor/btn_qk_set.gif, https://blogimgs.pstatic.net/nblog/mylog/post/btn_close5.gif, https://postfiles.pstatic.net/MjAyNTA0MTBfMzEg/MDAxNzQ0Mjc0NTMyNDQx.nwygDWS-Z4FjSuWX9VT_0IciNq238WgdTo33mSDddhAg.F6cVlemUxqpthJ2b2ai3I9SS41lXlz8Ejzm5mlQokpkg.JPEG/IMG_1276.jpg_blur, https://postfiles.pstatic.net/MjAyNTA0MTBfMjAx/MDAxNzQ0Mjc0NTMxNzE5.UxDXzXvQKR84dqg-gA-8qM_ghq7t6yhaHranwqL1WUYg.q1G_IGxkrnm5P68I9DFbEBEvl1jRuRgdLMi7dlf9cMwg.JPEG/IMG_1288.jpg_blur",,2025-11-07 15:18:09
naver_blog,224047504316,soyong486,https://blog.naver.com/soyong486/224047504316,"“피엠인터내셔널 정기구독(오토십 ABO), 비즈니스 성장의 핵심! PM 오토십으로 자동 수익 루틴 만들기”","안녕하세요, 조이그룹 리더 이소용입니다 😊 피엠인터내셔널 조이그룹 팀리더 이소용 ​오늘은 저와 함께 피엠인터내셔널 비즈니스의 핵심 시스템, ‘오토십(Autoship)’이 왜 성공하는 리더들의 비밀 무기인지 함께 살펴보려 합니다.​​ 피엠인터내셔널 오토십 ABO 리스토레이트 ​💡 오토십이란 무엇인가요?​피엠인터내셔널(PM-International)의 오토십(Autoship) 또는 **ABO(Automatic Business Order)**는매달 원하는 피트라인(FitLine) 제품을 자동으로 정기 배송받는 시스템입니다.건강관리의 핵심은 “꾸준함”이라는 원칙 아래, 고객이 제품을 편리하게 이용할 수 있도록 만들어진 스마트 정기구독 서비스입니다.​ 피엠인터내셔널 오토십 ABO 파워칵테일 피엠인터내셔널 정기구독(오토십 ABO), 비즈니스 성장의 핵심! PM 오토십으로 자동 수익 루틴 만들기🌿 1. 꾸준함이 만드는 진짜 변화 ✔ 매달 자동 배송으로 루틴 유지피엠 제품은 일회성이 아닌 지속적인 영양 균형과 세포 레벨의 건강 개선을 위해 설계되었습니다.예를 들어, 파워 칵테일(Power Cocktail)과 리스토레이트(Restorate)는 꾸준히 섭취할수록 체내 밸런스가 안정화되며,한두 번의 섭취보다 지속적인 흡수와 순환 개선 효과가 극대화됩니다.​오토십을 신청하면 제품이 자동으로 도착하므로“깜빡해서 못 마셨다”는 일이 줄어들고,매달 규칙적인 건강 루틴이 자연스럽게 만들어집니다.​ 피엠인터내셔널 정기구독(오토십 ABO), 비즈니스 성장의 핵심! PM 오토십으로 자동 수익 루틴 만들기💰 2. 가격 혜택과 리워드의 이중 이득 ✔ 오토십 전용 할인 혜택정기구독 회원은 일반 구매보다 더 좋은 가격 조건으로 제품을 받을 수 있습니다.제품 할인뿐 아니라, 배송비 절약이나 포인트 적립 등의 추가 혜택도 제공되어 경제적인 부담이 줄어듭니다.​✔ 사업자(ABO)에게는 자동 매출 유지비즈니스 파트너라면 오토십은 단순한 구독을 넘어매달 안정적인 포인트 유지와 지속적인 보너스 수익을 가능하게 합니다.즉, 오토십은 “내 건강 루틴”이자 동시에 “내 사업의 기반 시스템”인 셈이죠. 피엠인터내셔널 정기구독(오토십 ABO), 비즈니스 성장의 핵심! PM 오토십으로 자동 수익 루틴 만들기🚚 3. 편리한 관리와 완벽한 자유 ✔ 원할 때 변경·취소 가능오토십은 고정된 계약이 아닌, 유연한 시스템입니다.원하는 시기에 제품 구성을 바꾸거나필요할 때 일시정지·해지할 수 있어 부담이 없습니다.​✔ 제품 구성 하루 필요한 영양으로에너지 중심 -> 파워칵테일신체 ph밸런스 유지 -> 레스토레이트손쉽게 건강 솔루션을 유지할 수 있습니다.​ 피엠인터내셔널 정기구독 오토십 ABO ​ 피엠인터내셔널 정기구독(오토십 ABO), 비즈니스 성장의 핵심! PM 오토십으로 자동 수익 루틴 만들기🌏 4. 글로벌 시스템이 보장하는 신뢰와 품질 피엠인터내셔널은 전 세계 45개국 이상에서 동일한 제품을, NTC(영양수송개념, Nutrient Transport Concept)을 기반으로 매 배치(batch)마다 품질검사를 거친 프리미엄급 제품만을 제공합니다.​정기구독을 통해 공급받는 제품은언제나 신선한 생산 시점의 공식 제품으로 발송되며,이는 개인 구매보다 훨씬 안정적이고 신뢰도 높은 관리 방식입니다.​ 피엠인터내셔널 정기구독(오토십 ABO), 비즈니스 성장의 핵심! PM 오토십으로 자동 수익 루틴 만들기💬 5. 오토십을 통해 만들어지는 “건강 커뮤니티” 피엠 오토십 회원들은 단순히 제품을 구독하는 것이 아니라, 함께 건강 루틴을 이어가는 커뮤니티 멤버가 됩니다.예를 들어, “조이핏(JoyFit) 챌린지”와 같은 프로그램에서는 정기구독 회원들이 함께, 오토파지 챌린지, 수분·운동·영양습관을 공유하며 서로의 변화를 격려합니다.​건강은 혼자보다 함께할 때 더 오래 지속됩니다.오토십은 바로 그 건강 공동체의 출발점이 됩니다. 피엠인터내셔널 정기구독(오토십 ABO), 비즈니스 성장의 핵심! PM 오토십으로 자동 수익 루틴 만들기🌟 결론: 오토십은 ‘선택’이 아닌 ‘지속 가능한 건강 습관’ 정기구독(오토십)은 단순한 구매 방식이 아니라,건강한 나에게 매달 선물하는 시스템입니다.꾸준함이 건강을 만들고, 그 건강이 또다시 삶의 에너지를 키워줍니다. 피엠인터내셔널의 오토십은“지속 가능한 건강 + 경제적 이득 + 커뮤니티 연결”이라는 세 가지 축을 모두 만족시키는 최고의 선택입니다.​ 꾸준함이 성공을 만든다는 말 처럼 🌿그 꾸준함을 자동으로 만들어주는 피엠인터내셔널 오토십의 진짜 가치를 함께 공유해요.➡️ 조이그룹 이소용 팀에 합류하기tel:010-8595-0580⬇️ 하단 사진 클릭하면 자동 전화 연결됩니다. 피엠인터내셔널 오토십 ABO 파워칵테일,리스토레이트 ​⚠️ 주의 문구본 프로그램은 질병의 예방·치료 목적이 아니며,건강한 생활습관 형성을 돕기 위한 웰빙 프로그램입니다.​ ​​",,010-8595-0580,,5,0,#태그,"https://blogimgs.pstatic.net/nblog/mylog/post/btn_confirm.gif, https://ssl.pstatic.net/static/blog/profile/img_profile_preset_07.png, https://ssl.pstatic.net/static/blog/profile/img_profile_preset_01.png, https://ssl.pstatic.net/static/blog/img_ani_blogid2.gif, https://blogpfthumb-phinf.pstatic.net/MjAyNDA4MTBfMjgx/MDAxNzIzMjQ3NTY0MjU1.MRAyZUGCj41WVMe8C_dCp7XAWTd1dDNMuyPLIyfiq4Mg.58m_qK_GgEgiy4DANMatCgt9HbnWNlm-LaPFwFBtkYQg.PNG/profileImage.png, https://ssl.pstatic.net/static/blog/profile/img_profile_preset_08.png, https://blogimgs.pstatic.net/nblog/quickeditor/btn_qk_set.gif, https://blogimgs.pstatic.net/nblog/mylog/post/btn_close5.gif, https://blogimgs.pstatic.net/nblog/mylog/post/btn_download2.gif, https://ssl.pstatic.net/static/common/btn/btn_confirm2.gif",,2025-11-07 15:18:23
naver_blog,223555303126,ttlboy,https://blog.naver.com/ttlboy/223555303126,피엠인터내셔널 비즈니스 보상플랜 최신판!,"피엠인터내셔널 비즈니스 보상플랜 최신판! 안녕하세요^^비오는 수요일입니다.출근길에 비가 많이 내려서 차가 많이 막혔는데요.비피해 없으시길 바랍니다^^​오늘은 독일피엠쥬스 !건강기능식품 피엠인터내셔널의보상플랜에 대해서 설명을 드리겠습니다.​요즘에 피엠쥬스에 대해서많은분들이 알고 계시는데요.​피엠쥬스는 맛집소개하듯히 추천을 하시면 저렴하게 꽁짜로 그리고용돈벌이와 수익될 수 있는인세~ 권리소득이 발생 할 수 있는웰니스사업입니다!​요즘 현대인들은 건강에 대한관심이 급증을하면서 건강기능식품을 많이 챙겨 드시는데요.​또한 주변에서도 피엠쥬스 권유와 추천을 받으신분들이 많으실꺼라 생각을합니다. ​피엠인터내셔널 보상플랜 최신판!영상도 블로그 하단에 첨부를 해 놓았습니다.참고해주세요^^ 독일피엠쥬스는 가루 분말형태로 되어 있어서 물과 함께 간편하게 섭취를 하실 수 있는 건강기능식품입니다.​타 먹는 재미와 맛까지 있는피엠쥬스입니다!! 내 건강을 위한 탁월한 선택!피엠오토십으로부터 보상플랜이 시작된다고 보실 수 있습니다.! 피엠오토십은 3개월 정기배송 서비스로파워칵테일과 리스토레이트를 저렴한 가격으로드실 수 있습니다. ​3개월동안 133,140원이 결제가 되시며오토십 하나로 피엠의 다양한 혜택들을받아 보실 수 있습니다. 오토십 첫달 133,140원이 결제가 되시며파워칵테일과 리스토레이트 3개월치 제품이한번에 배송이 되십니다. ​나머지 두달은 지정하신 결제일에 결제만 되시는 시스템이십니다.​저도 처음에 피엠을 접하게 되었을때한달에 133,140원이란 금액이 부담스러웠습니다.​하지만 피엠을 조금씩 알게 되면서네트워크의 장점인 소개가 이루어 지면꽁짜로 먹을 수 있고 수당이 생기는걸 알게 되었습니다. ​지금은 꽁짜로 피엠을 섭취하면서용돈벌이까지 되고 있습니다 ^^ 피엠인터내셔널에서 팀파트너로 가입 후 데모백을 구매를 하시면 액티바이즈 1통이 무료로 증정이 되십니다. 득템의 기회를 놓치지 마세요^^​ 피엠인터내셔널 회원가입 1.피엠인터내셔널 검색 홈페이지에서 회원가입​2.팀파트너로 가입하기!​3.추천인아이디 20294896 이*혜 오토십을 신청해주시는분들에게는 작은선물을 보내드리고 있습니다!오토십 신청 후 주소 알려주세요^^민쌤PMhttps://open.kakao.com/o/sNLS5zfg❤️오픈채팅문의❤️​​​​ 피엠 오토십 하나만으로 다양한 보상플랜을 받아 보실 수 있습니다!!​피엠은 31년동안 단 한번도 보상플랜이 바뀌지 않았습니다.​초기 사업자분들도 수당을 받으실 수 있습니다!!​​ 피엠을 주변에 무한반복 전달을 하면서때론 거절도 많이 당합니다.​거절은 어쩌면 너무나도 당연하다고생각을합니다. ​끊임없이 전달하고 하다보면그속에서 성장하고 성공도 할 수 있다고 생각을합니다!​민쌤PMhttps://open.kakao.com/o/sNLS5zfg❤️오픈채팅문의❤️​저와 같이 하실분들은 언제든지연락을 주세요^^​​​​​ 피엠 비즈니스 보상플랜 최신판!! ​ ​ ​ ​ ​ ​ ​ ​ ​",,,20294896,0,1,"#독일피엠주스보상플랜, #독일피엠쥬스보상플랜, #독일피엠쥬스부작용, #독일피엠쥬스추천인, #피엠인터내셔널보상플랜, #피엠주스보상플랜, #피엠쥬스보상플랜, #피엠쥬스추천인, #피엠쥬스효능","https://blogimgs.pstatic.net/nblog/mylog/post/btn_confirm.gif, https://postfiles.pstatic.net/MjAyNDA4MjFfMjkx/MDAxNzI0MjAyMDc5ODM5.5TsfxLrUiaOm6nHxd4hQKoOPyLjEX0Vqo-1V1EGqhBEg.3v49rBWULlSqf7rAJ7aCsVwSF6IDIn1ZaNHsPEjAadQg.JPEG/IMG_3832.JPG_blur, https://ssl.pstatic.net/static/blog/profile/img_profile_preset_07.png, https://ssl.pstatic.net/static/blog/profile/img_profile_preset_01.png, https://ssl.pstatic.net/static/blog/img_ani_blogid2.gif, https://postfiles.pstatic.net/MjAyNDA4MjFfMTAx/MDAxNzI0MjAyMDc1MTkz.0zssHvozWIJApvC1trIficNpcY9jJu1236mkBck0dikg.xIvPf33oJV1OSwOBEmz8yumDwGPM3gWc9izaN4-O6ysg.JPEG/IMG_9860.jpg_blur, https://ssl.pstatic.net/static/blog/profile/img_profile_preset_08.png, https://blogimgs.pstatic.net/nblog/quickeditor/btn_qk_set.gif, https://blogimgs.pstatic.net/nblog/mylog/post/btn_close5.gif, https://blogimgs.pstatic.net/nblog/mylog/post/btn_download2.gif","https://www.youtube.com/embed/73eIcbLXmLE?feature=oembed, https://www.youtube.com/embed/uCYuIb_xKsQ?feature=oembed, https://www.youtube.com/embed/6IpfRFOkuYI?feature=oembed, https://www.youtube.com/embed/rVu76Zy634I?feature=oembed, https://www.youtube.com/embed/dwcj_PCGZWo?feature=oembed",2025-11-07 15:20:19
naver_blog,224045678901,cheina2,https://blog.naver.com/cheina2/224045678901,"FITLINE, 피엠인터내셔널이 만든 글로벌 프리미엄 브랜드","건강을 생각한다면, 프리미엄 브랜드 FITLINE해운대독일피엠 인사드립니다^^​​ FITLINE -피엠인터내셔널 피트라인 FITLINE / 피엠인터내셔널이 만든 글로벌 프리미엄 브랜드를 알고 계신가요?​요즘 건강에 대한 관심이 높아지면서 많은 분들이 영양 보충제를 찾고 있습니다.그중에서도 꾸준히 화제가 되는 브랜드가 바로 FitLine입니다. FITLINE, 피트라인 탑쉐이프 호르몬조절 ​FitLine은 단순한 건강식품이 아니라, 균형 잡힌 영양과 활력 있는 일상을 위한 글로벌 브랜드로서 스킨케어 라인도 별도로 진행되어 있습니다. 피트라인 FITLINE 피엠인터내셔널 스킨케어라인 ​​ FitLine과 피엠인터내셔널의 관계​FitLine은 독일 글로벌기업 피엠인터내셔널(PM-International AG) 에서 만든 건강기능식품 브랜드입니다.​​피엠인터내셔널은 1993년에 설립되어 현재 40여 개국 이상에서 제품을 유통하고 있으며,“몸 안에서부터 건강을 관리한다(Inside Out)”는 철학으로 꾸준한 사랑을 받고 있습니다. FITLINE 피엠인터내셔널 FitLine은 이 회사의 대표적인 브랜드로, 과학적 영양 설계와 체계적인 품질 관리를 바탕으로 전 세계 많은 소비자들에게 신뢰를 받고 있습니다.​​특히, 제품의 원료 선정부터 생산까지 엄격한 기준을 적용해, 안정성과 품질을 중요하게 생각합니다.​ FITLINE 피트라인 파워칵테일 엄격한 품질관리 ​ FITLINE / 피엠인터내셔널이 만든 프리미엄 브랜드 제품의 특징은?​FitLine 제품은 영양소의 균형과 흡수율을 고려해 설계된 것이 특징입니다.피엠인터내셔널의 독자적인 NTC(Nutrient Transport Concept) 기술은체내 영양소 흡수를 효율적으로 돕습니다. 체내 영양소 흡수 독자적인 NTC 공법 ​​FITLINE 라인업 FITLINE 오토십/옵티멀/핏라인 비타민주스 FitLine Optimal Set(옵티멀:ABO) 일상적인 에너지 관리에 도움을 주는 라인​FitLine Activize(액티바이즈) 활기 있는 하루를 위한 에너지 보충제품​FitLine Restorat(리스토레이트) 균형잡힌 컨디션 유지에 도움주는 제품​ FitLine ProShape(프로쉐이프) 건강한 체중관리에 도움되는 영양보충식 ​​ FITLINE은 합성색소, 인공감미료, GMO(유전자 변형 원료) 등을 사용하지 않고,자연에서 얻은 원료 중심으로 만들어져 많은 분들이 안심하고 섭취하고 있습니다.​​FITLINE / 피엠인터내셔널이 만든 글로벌 프리미엄 브랜드피트라인이 사랑받는 이유? 1. 글로벌 브랜드 신뢰도 – 유럽, 아시아 등 전 세계적으로 인정받은 건강 브랜드​​2. 체계적인 연구개발 – 영양학 전문가들과의 협업으로 만들어진 균형 잡힌 포뮬러​​3. 품질 중심 철학 – 원료부터 생산까지 투명하고 엄격한 품질 관리​​4. 소비자 중심 제품 구성 – 연령, 생활습관에 맞춘 다양한 라인업 피트라인 젤슈츠 파워칵테일 FITLINE ​​FitLine은 꾸준한 섭취를 통해 건강한 생활​습관을 형성하도록 돕는 브랜드입니다.어떤 특정 효과를 단정하기보다는, 균형 잡힌 영양 관리의 기반을 마련하는 데에 초점을 두고 있습니다. PM 위 케어 We Care 자선사업 fitline ---​✨ 마무리하며​건강이 하루아침에 완성되지는 않지만...​좋은 생활 습관과 올바른 영양 섭취는 우리의 삶을 분명히 활기차게 만들어주지요.FitLine 은 그런 일상 속 작은 변화를 실천해 볼 수 있는 친근한 브랜드입니다. 피트 라인 다양한 제품군 글로벌 프리미엄PM 피엠인터내셔널이 만든 글로벌 프리미엄 브랜드, FITLINE 으로 지금부터 건강루틴을 만들어 보세요!​회원가입/구매문의 : 010.5595.7239 ▲▲클릭하시면 자동전화 연결됩니다※※ 오늘은 여러분들과 함께 FITLINE 에대해 알아보는 시간을 갖었습니다.더 좋은 소식으로 뵐께요 ~^^이상 해운대독일피엠 채이나였습니다. ▲▲피엠인터내셔널 정식 사이트 회원가입▲▲ ​​​​​",,,,8,0,"#FITLINE, #피엠인터내셔널, #피트라인, #핏라인","https://blogimgs.pstatic.net/nblog/mylog/post/btn_confirm.gif, https://ssl.pstatic.net/static/blog/profile/img_profile_preset_07.png, https://ssl.pstatic.net/static/blog/profile/img_profile_preset_01.png, https://ssl.pstatic.net/static/blog/img_ani_blogid2.gif, https://postfiles.pstatic.net/MjAyNTEwMThfMTUw/MDAxNzYwNzc3NzU5NTk3.YI-20HXNsX4m4-lspeosiDL_8XADU4K9J1pjNEwSXVQg.o7hLorGh0pDQTYcWRgdfoyo985gwdd31i-Hy5oNZgs4g.JPEG/%EC%98%A4%EB%A0%8C%EC%A7%80_%EB%B8%94%EB%9E%99%EB%B2%A0%EB%A6%AC_%EC%97%98%EB%8D%94%EB%B2%A0%EB%A6%AC_%EB%9D%BC%EC%A6%88%EB%B2%A0%EB%A6%AC_%EB%B9%84%ED%8A%B8_%ED%8C%8C%EC%9D%B8%EC%95%A0%ED%94%8C_%ED%8F%AC%EB%8F%84_%ED%86%A0%EB%A7%88%ED%86%A0_%EC%B2%B4%EB%A6%AC_%EA%B3%BC%EB%9D%BC%EB%82%98_%EB%A0%88%EB%AA%AC_%EB%8B%B9%EA%B7%BC_%EB%B8%8C%EB%A1%9C%EC%BD%9C%EB%A6%AC_%EC%8B%9C%EA%B8%88%EC%B9%98_%EC%98%A4%EC%9D%B4_%EB%B3%B4%EB%A6%AC%EC%83%88%EC%8B%B9%EC%9D%84_%EB%84%A3%EC%9D%80_%EC%98%A4%EB%A0%8C%EC%A7%80%EC%83%89_%EC%A3%BC%EC%8A%A4_.jpg_blur, https://ssl.pstatic.net/static/blog/profile/img_profile_preset_08.png, https://blogimgs.pstatic.net/nblog/quickeditor/btn_qk_set.gif, https://postfiles.pstatic.net/MjAyNTEwMThfMjk2/MDAxNzYwNzc5MTAyNzk0.g_EyBlqpH4dSVAMxPuR_iV5XhfRWPYtfNFQFRNWQ8uAg.5A9EV3O4L_hGd2UofYbMjtGpmdP2LRRtwavKqyMkxYQg.JPEG/SE-078af48d-f5e2-4bb8-acae-cfe8934cb4d1.jpg_blur, https://postfiles.pstatic.net/MjAyNTEwMThfNTUg/MDAxNzYwNzc3OTkzMjgz.QrJ1YiQI-e3KP_f-Mr9FFxZkhsHaeXAnUnFyeR177vAg.ilhwJmxTtv5xhJ7Rta_o-JGJubV4Gnc8pFnXukvaogog.JPEG/SE-8c940c2e-9007-4fe1-9a1c-8faf90ff4b44.jpg, https://blogimgs.pstatic.net/nblog/mylog/post/btn_close5.gif",,2025-11-07 15:20:58
naver_blog,222892158087,vegalhs,https://blog.naver.com/vegalhs/222892158087,피엠인터내셔널 코리아 유튜브 구독자 이벤트 살빼언니 당첨,"안녕하세요,월드탑그룹에서 지속적인 열정으로 피엠사업을 진행하고 있는,독일피엠 사업자 살빼언니 이혜선​입니다.​오늘은 피엠인터내셔널 코리아 유튜브에서 진행됐던구독자 이벤트 당첨 소식을 기록해 봅니다. 독일피엠사업자 살빼언니 ​​참여하는 분들이 많아서당첨은 기대도 하지 않았는데어느 날 당첨 문자가!! ​얼른 PM유튜브에 가서 확인을 해보니...진짜로 있네~~~~^^5등에 당첨되었답니다 ​​당첨 선물은 액티바이즈 한 개~ ​​​매일 먹는 것이고,운동가기 전엔 무조건 뮤노겐과 함께 필수로 마시고,미팅하면서 함께 타서 마시기도 하니액티는 언제나 사랑이죠~^^ ​​액티바이즈 효능과 영양성분 보기 독일피엠 쥬스 액티바이즈 효능 및 영양성분 살빼언니 안녕하세요, 월드탑그룹 에서 건강전문관리사, 해독다이어트 전문과정 자격을 갖추고 열정적으로 독일피엠 ... blog.naver.com ​​​피엠인터내셔널의 창립자 롤프소르그회장님 사진과 당첨 축하 메시지 도착~워낙 참여하시는 분들이 많으니전~혀 기대도 안 하고 그저 참여에 의의만 두었는데 ㅎㅎ이번에 또 새삼 생각해 봅니다. 되든 안 되는 일단 도전하고 보자 ​ 피엠코리아 유튜브 구독하시고다양한 정보 얻으세요~ ​​매달 PM의 소식을 [PM뉴스]를 통해 ~ ​​다양한 이벤트 소식 및여행 프로모션 진행된 내용도 볼 수가 있어요. ​​피엠인터내셔널의 독일PM쥬스가 워낙 좋다고소문이 많이 나고 있죠^^왜 좋은지, 알고 드시면 더욱 좋겠죠.제품에 대해서도 알아볼 수 있답니다. ​​​도핑테스트에 통과된 독일피엠주스라서전 세계 유명한 선수들도 안심하고 먹는 제품이에요.국내 및 해외 선수들의 인터뷰 영상도 볼 수 있답니다. ​ 가입 및 사업 문의 : 살빼언니 이혜선추천인 코드 번호 : 7979906인스타 ID : pm_salbba전화 : 010.4183.1224 네이버, 인스타에살빼언니 검색하세요~ 회원가입은 아래 양식에 맞게 작성하셔서살빼언니에게 보내주세요.가입 도와드립니다^^또는, 회원가입하실 수 있는 카카오톡 링크 보내드리오니망설이지 말고 연락 주세요^^ ​",,,,7,0,"#PM주스, #대구피엠, #독일PM, #독일피엠, #살빼언니, #안성피엠, #천안피엠, #태그, #평택피엠, #피엠사업자, #피엠인터내셔널, #피트라인","https://postfiles.pstatic.net/MjAyMjEwMDVfMTI0/MDAxNjY0OTI2Nzg2MzM1.LTs3u60oA18sVCtQJjRbJSiXguc6mn_gr7O3LG3Aj2Mg.ZuUZRg37ZotcY5KYKBvj02wrMXP4JlS7LdKLhLV4T1og.JPEG.vegalhs/SE-b568f11d-6338-466e-8115-78561231918a.jpg_blur, https://blogimgs.pstatic.net/nblog/mylog/post/btn_confirm.gif, https://ssl.pstatic.net/static/blog/profile/img_profile_preset_07.png, https://ssl.pstatic.net/static/blog/profile/img_profile_preset_01.png, https://ssl.pstatic.net/static/blog/img_ani_blogid2.gif, https://ssl.pstatic.net/static/blog/profile/img_profile_preset_08.png, https://blogimgs.pstatic.net/nblog/quickeditor/btn_qk_set.gif, https://blogimgs.pstatic.net/nblog/mylog/post/btn_close5.gif, https://dthumb-phinf.pstatic.net/?src=%22https%3A%2F%2Fblogthumb.pstatic.net%2FMjAyMTAxMDFfMTgy%2FMDAxNjA5NTA0NDkyNzk3.dOTe1K0Lg9DyQkLpu_8NvwVOFU59d7cD5C3HMsjQYhMg.fbaR4i2fdnQllZX0Bf6exNTwVwa5Lq2f1Njy78CwMnUg.JPEG.vegalhs%2F%25B5%25B6%25C0%25CF%25C7%25C7%25BF%25A5_%25BE%25D7%25C6%25BC%25B9%25D9%25C0%25CC%25C1%25EE_%252817%2529.jpg%3Ftype%3Dw2%22&type=ff500_300, https://postfiles.pstatic.net/MjAyMjA5MjZfMjk4/MDAxNjY0MTY0MjM4ODQx.k8S4Lcq5LYgEHqwQevIG4Ghsrb9fB7VSqdN_VD5z1Usg.fJIS6aD3iNHqZahPwYkPGEkP31u4qpnMn8wWCMxAEyUg.JPEG.vegalhs/%BE%D7%C6%BC%B9%D9%C0%CC%C1%EE_%281%29.jpg",,2025-11-07 15:21:22
naver_blog,223164485401,longzzu,https://blog.naver.com/longzzu/223164485401,피엠 인터내셔널코리아 장바구니프로젝트 대박입니다☆,"​간혹 회원가입꺼리시는 분들 계시면좋은 방법이 있습니다.​피엠의 장바구니 프로젝트를 이용하면 됩니다.​​ ​이거보니까앗 실시하고 있었구나 하는 생각이 들더라구요~​비회원들도 배송 어디까지 됐나 궁금할때주문번호와폰번호입력하면배송추적이 가능해요~​​ ​​​자, 본격 장바구니를 보내는 방법돌입해볼까요?^^​주문관리 클릭​​​ ​​장바구니 클릭​​​ ​​소비자주문전달목록 클릭​​​ ​​원하는 상품 클릭​​​ ​​여러 항목도 가능하고원하는 개수 가능합니다.​​​ ​​링크생성을 누르시면 되요​​ ​만약에SNS에 제품홍보 후개수를 정하지않고노출하고 싶다면주문수량해제를 클릭하시면 되요​편리하죠?^^​​ ​링크생성 혹은 카카오톡 전달모두 가능합니다.​​ ​링크를 생성하니이렇게 됩니다.​클릭해보니​​ ​​이렇게 나오네요수량해제한 링크라주문개수를 조정할 수 있어요​​​ ​​​동의하기 누르시고​​​​ ​배송정보 입력결제정보 입력하고동의하기 누르시면 완료됩니다.​고객분이 사시더라도내 아이디 점수로 잡히게 되요~^^​고객분은 회원가로 이용하게 되시구요​아주 유용한 시스템만족스럽습니다!!!^^♡​​​#웰컴toPM#창조적감각적FitLine​#피엠인터내셔널#PMINTERNATIONAL #독일피엠​#피엠울산#피엠전국후원#피엠전세계후원​​웰컴toPM🌱창조적 감각적 FitLine 김주희​°Mobile 010 9878 9962​°Blog https://blog.naver.com/longzzu 창조적 감각적 Grace : 네이버 블로그 창조적감각적FitLine 김주희 010 9878 9962 blog.naver.com ​​°유튜브https://youtube.com/@welcome2pm 웰컴to피엠 창조적감각적FitLine 우리의 건강과 삶에 축복을💛 독일피엠 Grace 김주희 010 9878 9962 youtube.com ​​​°인스타ID. creativejuhee https://www.instagram.com/creativejuhee 김주희(@creativejuhee) • Instagram 사진 및 동영상 팔로워 1,703명, 팔로잉 1,350명, 게시물 1,395개 - 김주희(@creativejuhee)님의 Instagram 사진 및 동영상 보기 www.instagram.com ​​​°오픈채팅 https://open.kakao.com/o/stVqFVxc 🖌피엠 무엇이든 물어보세요🎨 open.kakao.com 궁금할 땐 네이버 톡톡하세요!",,010-9878-9962,,6,6,"#PMINTERNATIONAL, #https://www.instagram.com/creativejuhee, #김주희(@creativejuhee) • Instagram 사진 및 동영상팔로워 1,703명, 팔로잉 1,350명, 게시물 1,395개 - 김주희(@creativejuhee)님의 Instagram 사진 및 동영상 보기www.instagram.com, #독일피엠, #웰컴toPM, #창조적감각적FitLine, #피엠울산, #피엠인터내셔널, #피엠전국후원, #피엠전세계후원","https://blogimgs.pstatic.net/nblog/mylog/post/btn_confirm.gif, https://ssl.pstatic.net/static/blog/profile/img_profile_preset_07.png, https://ssl.pstatic.net/static/blog/profile/img_profile_preset_01.png, https://ssl.pstatic.net/static/blog/img_ani_blogid2.gif, https://postfiles.pstatic.net/MjAyMzA3MjRfMTQ4/MDAxNjkwMTYyODI2MzEw.pHq-bs5gVqcYaDC4oV-IA1CqTmQX5j5U2vNa0lxMpEog.zvHyz5w9mC21nMRGJU9YIR2v0ePGEIdAUupe_FeKEhEg.JPEG.longzzu/Screenshot%EF%BC%BF20230724%EF%BC%BF103353%EF%BC%BFKakaoTalk.jpg_blur, https://ssl.pstatic.net/static/blog/profile/img_profile_preset_08.png, https://blogimgs.pstatic.net/nblog/quickeditor/btn_qk_set.gif, https://postfiles.pstatic.net/MjAyMzA3MjRfNzMg/MDAxNjkwMTYyODI0OTY1.XWZUfe4gor1UAA2j47X2OOCDq8L4HZ4SYw5LUn3Jcnsg.ES7QJLaYtO2-dTiKhnlmFXUsFzItf_-iqf2jKFlQYO8g.JPEG.longzzu/Screenshot%EF%BC%BF20230724%EF%BC%BF103215%EF%BC%BFNAVER.jpg_blur, https://blogimgs.pstatic.net/nblog/mylog/post/btn_close5.gif, https://postfiles.pstatic.net/MjAyMzA3MjRfNjgg/MDAxNjkwMTYyODIzMjg2.MnZPRgyZgeXQNI9wvvoAA9Zo-OuYLFJfXmmbHIvb9UEg.w1gB0mHZZVAQQWuF_vM2UHTsKcmP8Qfq00j3vfy0gPog.JPEG.longzzu/Screenshot%EF%BC%BF20230724%EF%BC%BF103133%EF%BC%BFNAVER.jpg_blur",,2025-11-07 15:21:35
naver_blog,222539434644,vegalhs,https://blog.naver.com/vegalhs/222539434644,피엠인터내셔널 영종물류센터 오픈 방문기,"안녕하세요,월드탑그룹에서 열심히 사업을 진행하고 있는 독일피엠 사업자 살빼언니 이혜선입니다.오늘은 지난 9월 피엠인터내셔널의 물류센터가영종도에 오픈돼서 다녀온 이야기를 들려드릴게요. ​​​​ PM영종물류센터는 독일본사를 제외하고전 세계에서 가장 큰 규모의 물류센터입니다.한국 오픈 3년 차인 독일피엠인터내셔널의 성장이한국은 물론, 전 세계적으로도 꾸준히 성장하고 있고,한국에서 작년 네트워크마케팅 순위 4위를 달성할 만큼독일피엠의 인기는 상상초월이랍니다^^ ​​​한국지사에서 SPT 이상의 직급자들을 초대해 주셨어요.SPT는 타사의 블루다이아몬드 직급 정도라고 생각하시면 쉽게 이해하실 수 있을 거 같아요.물류센터에 도착하니 자동차보너스를 받는 분들이대부분인지라 모두 BMW, 기아차를 타고 출동~ ​​​PM 로고가 붙은 자동차가 양쪽으로 쫙~~주차를 한 모습이 너무너무 멋졌어요! ​​​​시작 시간보다 일찍 도착했더니본사 스태프분들이 열심히 준비를 하고 계셨어요. 입구 쪽에서 바라본 모습인데,규모가 어마어마하더라고요^^ ​​​잠깐 대기 중에 파트너 사장님들과 한 컷~추억으로 기록해 봅니다. ​​​드디어 명단 확인을 하고 명찰과 기념품을 받고 입장! ​​​​독일에서 항공으로 직수입되어 들어온 제품들을 보관하는 창고부터 견학합니다.독일피엠쥬스는 완제품으로 독일에서 직접 한국으로수입되어 들어오고 복잡하고 다양한 통관검사를 거쳐영종도물류센터에 도착하게 되는데요.이런 제품들을 보관하는 곳입니다. ​​​​그간 피엠쥬스가 너무 좋긴 좋은데.... 주문량은 많고, 한국으로 수입해 보관하고 있는 제품은 부족하고^^;;;결국 고객분들께 배송 속도가 지연되곤 했죠ㅠㅠ영종물류센터가 오픈됨에 따라 기존에는 약 3주 정도소요될 제품만 보관할 수 있었다면,이제는 약 3개월 분량의 제품을 보관​할 수 있어제품 수급이 원활하게 이루어질 것을 기대해 봅니다. ​​​배송될 제품들을 포장하는 픽앤팩(Pick and Pack)작업공간입니다. ​​​​안쪽, 바깥쪽으로 컨베이어 라인이 크게 두 곳으로 되어있고, 각 라인의 시작점에는 자동 박스 조립 시스템이,끝부분에는 자동 테이핑 시스템이 되어 있어요.자동화로 이루어지니 작업 효율이 극대화되겠죠^^ ​​​​박스가 자동으로 조립되어 컨베이어 라인에 올라오면담당하시는 분들이 주문서와 비교 작업을 하여 포장박스에 주문된 제품들을 담는 작업을 합니다. ​​​픽액팩 공간 한편에는 완충재가 가득하더라고요.택배 박스 받으면 들어있는 그 초록이 뽁뽁이네요^^ ​​​수작업으로 제품을 담은 것이, 정확하게 처리되는지딥러닝 장치를 통해 꼼꼼하게 검사합니다. 0초 0초 광고 후 계속됩니다. 다음 동영상 subject author 취소 피엠인터내셔널 영종도 딥러닝 재생 84 좋아요 0 좋아요 공유하기 재생 (space/k) 재생 00:10 0:00:00 재생 (space/k) 재생 음소거 (m) 음소거 00:00 / 00:10 실시간 설정 전체 화면 (f) 해상도 HD 720p 자막 사용 안함 재생 속도 1.0x (기본) 해상도 1080p HD 720p HD 480p 360p 270p 144p 자막 설정 사용 안함 옵션 글자 크기 배경색 재생 속도 0.5x 1.0x (기본) 1.5x 2.0x 죄송합니다. 문제가 발생했습니다. 다시 시도해 주세요. 도움말 음소거 상태입니다. 도움말 라이센스 고화질 재생이 가능한 영상입니다. 설정에서 해상도를 변경해보세요. 더 알아보기 00:00 접기/펴기피엠인터내셔널 영종도 딥러닝#독일피엠#피엠#살빼언니 ​​​포장된 박스가 카메라 아래를 통과하는 내용은바로바로 촬영해서 기록으로 남기고,정확하게 제품을 출고되는지 실시간 모니터링이 됩니다. ​​​딥러닝 장치를 통과한 제품들이 나오고,이곳에 초록뽁뽁이들로 완충재를 채워지게 된답니다. ​​​​포장완료된 제품들이에요.저기 어디쯤 제가 주문한 것도 있었을까요 ㅎㅎㅎ ​​​제품들 보관하는 공간에서 포장하는 공간까지동영상으로 찍어보았어요.중간에 공간이 너무 길어서 잠깐 멈추고 막 달려가서 찍었던^^;; ​​​택배 포장이 완료된 것들은 래핑 작업을 해서 보관합니다.출고 전까지 안전하게 보관하기 위한 작업이라고 해요.예전에는 저 래핑 작업을 사람이 직접 감느라고수 시간을 뱅글뱅글 돌았다고 하는데ㅠㅠㅠ ​​이제 이렇게 자동화가 되어서 너무 좋아졌다고 합니다^^ 0초 0초 광고 후 계속됩니다. 다음 동영상 subject author 취소 피엠인터내셔널 래핑 재생 61 좋아요 0 좋아요 공유하기 재생 (space/k) 재생 00:24 0:00:00 재생 (space/k) 재생 음소거 (m) 음소거 00:00 / 00:24 실시간 설정 전체 화면 (f) 해상도 HD 720p 자막 사용 안함 재생 속도 1.0x (기본) 해상도 1080p HD 720p HD 480p 360p 270p 144p 자막 설정 사용 안함 옵션 글자 크기 배경색 재생 속도 0.5x 1.0x (기본) 1.5x 2.0x 죄송합니다. 문제가 발생했습니다. 다시 시도해 주세요. 도움말 음소거 상태입니다. 도움말 라이센스 고화질 재생이 가능한 영상입니다. 설정에서 해상도를 변경해보세요. 더 알아보기 00:00 접기/펴기피엠인터내셔널 래핑#독일피엠#피엠#살빼언니 ​​래핑 작업된 제품들은 택배차에 올리기 전까지온도와 습도를 최적으로 유지하기 위한 항온항습실로 이동되어 보관된다고 해요.아쉽게도 이 공간은 철저히 외부와 접촉을 최소화하게되어 있어서 견학을 하지는 못했네요. ​​​이렇게 견학이 끝나고,천안에서 사업하는 파트너 사장님이자,친언니인 이혜진사장님과 추억사진 남겨봅니다.천안독일피엠 이혜진 화이팅예요~ ​​​역사적인 사진이 될 것임을 확신합니다^^독일 피엠인터내셔널 영종물류센터 오픈 기념 테이프 커팅식에 사용할 가위와 면장갑..이제 독일피엠 사업이 막 시작되고 있음을 보여주는최고의 타이밍 피엠사업을 단적으로 보여주는사진이라고 생각이 되네요^^ ​​​바로 앞에서 커팅식을 보며 세계로 진출해서 멋지게 사업을 진행하는 모습을생생하게 상상해 봅니다.꿈이 현실로 이루어지게 만들어내야죠^^ ​​​독일피엠 물류센터 [영종물류센터] 참가 기념으로정말 많은 제품들을 선물로 챙겨주신 회사 임직원분들께무한 감사드립니다^^마음에는 커다란 꿈과 비전을 심어주시고,양손에는 무겁게 피엠제품 가득 안겨 주셨답니다^^ ​​기념품 클래스~~~~ ​​더 큰 비전과 PM의 현주소를 직접 보고 왔던영종물류센터 방문~독이피엠사업이 한국이 가장 큰 시장이 되어주도할 수 있도록,살빼언니 이혜선도 더 열심히 뛰겠습니다~!​저와 함께 큰 비전을 갖고,꿈을 이루어갈 분들 연락 주세요^^ ​피엠 보상플랜 보러가기 독일PM 피엠인터내셔널 보상플랜(살빼언니) 안녕하세요, 독일PM 사업자 살빼언니 이혜선입니다. 독일피엠은 건강을 위해 쥬스를 드시는 분도 많고, ... blog.naver.com ​",,,,22,0,"#독일PM, #독일피엠, #독일피엠쥬스, #살빼언니, #안성피엠, #천안피엠, #태그, #피엠, #피엠인터내셔널","https://postfiles.pstatic.net/MjAyMTEwMTVfNDAg/MDAxNjM0MzAzNjAwMjE1.HniXKlDeK-yyMAAx4HNIdg9o72w1a-dOI0T3i8XoGe0g.VTn1LJPH-X9iqZPbPmGfjSAC4VZzTxphezzs_OuWUPEg.JPEG.vegalhs/SE-c6561641-180c-459c-850e-eceaaa50b4d0.jpg_blur, https://postfiles.pstatic.net/MjAyMTEwMTdfMTQx/MDAxNjM0NDM2MzQ3NDQx.lE3Zc6n_CFdut03viGmL2grrD-M58TPVbU5G9vkyyqgg.fI2ENS1n3lwLdmkgjv20X3T8f_C2pZlBq3RtQKKmN4Qg.JPEG.vegalhs/SE-c5ffde65-fd9b-4d4c-a8aa-006575da112f.jpg_blur, https://blogimgs.pstatic.net/nblog/mylog/post/btn_confirm.gif, https://ssl.pstatic.net/static/blog/profile/img_profile_preset_07.png, https://ssl.pstatic.net/static/blog/profile/img_profile_preset_01.png, https://ssl.pstatic.net/static/blog/img_ani_blogid2.gif, https://postfiles.pstatic.net/MjAyMTEwMTVfMTQg/MDAxNjM0MzAzNTk2NjEy.-uxizQA6bZjqOZUb88M-aZqqYTmNa5xDInn-hjV0mwYg.3s8zAQhzcPFVLq57_TO0i2XHxcbb4mXHdnF0oZvjbiQg.JPEG.vegalhs/SE-f04927d5-b026-4d78-bc09-86fa8ec4b800.jpg_blur, https://postfiles.pstatic.net/MjAyMTEwMTdfMTk2/MDAxNjM0NDU4NTYzMTU4.DtV4TFQDK3g5j19Xe69h_OdOcRfMIc6qyo77YM5y304g.r6MszBCqyx6zlOyIRs_oUAb77s58SNqbsFJ_9wDx7lkg.JPEG.vegalhs/%C7%C7%C6%AE%B6%F3%C0%CE_%B5%A5%B8%F0%B9%E9_%285%29.jpg, https://postfiles.pstatic.net/MjAyMTEwMTBfOTcg/MDAxNjMzODU3NTYzNTA5.xKuR6xbmCWhlY54eSn_BH1FUTcUNFsFb5ZzGUTjLRDYg.2kR3wxinXQhkCALR-H-jo6PlAhfA8rD8j-jH07r26Igg.JPEG.vegalhs/%C1%A9%BD%B4%C3%F7.jpg, https://ssl.pstatic.net/static/blog/profile/img_profile_preset_08.png",,2025-11-07 15:21:56
naver_blog,222468017612,wakame07,https://blog.naver.com/wakame07/222468017612,독일 피엠인터내셔널 전 제품 도핑테스트에도 안전하다고?,"​알면 알수록 대박이다 하는 회사가 있어요! 이제는 저의 회사이기도 한 독일 피엠인터내셔널! made in Germany라고 하면 명품들이 떠오르기 마련이잖아요~ 명품차(벤*, bm*)들이나, 주방가전(지멘*, 밀*)등! 독일 제품하면 튼튼하고 엄격하다는 이미지가 있는 거 같아요! 장인 정신에 철저한 관리~ 그게 다 명품을 만들 수 있는 뼈대가 되는 거겠죠.​독일에서 설립된 지 28년 된 피엠 인터내셔널의 PM은 프리미엄(Premium)의 줄임말입니다. 저와 같이 독일-유럽 건강보조식품 매출 1위를 하고 있는 PM-Int에 대해서 자세히 알아보아요. 피엠인터내셔널 독일 직접판매 업체, 건강기능식품, 화장품, 단백질 보충용 식품 등 판매 www.pmi-korea.com 피엠 인터내셔널 홈페이지입니다. 방문하셔서 어떤 제품군 있는지 확인하면 좋을 거 같네요~ ​ PM-INTERNATIONAL세계 특허 77개신용등급 AAA전제품 도핑테스트 통과 피엠인터내셔널의 가장 큰 특징을 요약하자면 이렇습니다! 하나도 따기 힘든 세계특허를 77개라니!! 특히 저는 얼마 전 올림픽 여자배구 경기 때 브라질 선수가 도핑테스트로 출전 정지되는 것을 보고 놀랐는데요. 도핑테스트로 출전을 못 하게 될 정도로 도핑검사는 스포츠 선수 생명에 직결된 중요한 문제입니다.​그러한 만큼 운동선수들은 건강에 대한 마실 것에 대해 제일 민감하다고 할 수 있는데요.​ 출처. 피엠인터내셔널 코리아 유튜브 ​400m 국가 기록을 보유한 양예빈 선수입니다. 양예빈 선수도 피엠쥬스를 애용하고 있어요. ​ ​피엠인터내셔널은 최근 대한 탁구협회, 한국 프로골프협회와도 협약식을 가졌는데요. PM 코리아 채널을 통한 뉴스를 보면 각종 스포츠계 꿈나무들과도 계약을 맺고 후원해 주고 있어요.​ ​그리고 핏라인 공식 계정에서 반가운 얼굴들이 있어서 스크랩해왔어요. 축구의 전설 히바우두와 얼마 전 올림픽에서 활약한 탁구 신유빈선수가 나왔네요~ 스포츠계에서는 정말 핫한 피엠쥬스! ​ 0초 0초 광고 후 계속됩니다. 다음 동영상 subject author 취소 퀄린리스트 검색하기 재생 139 좋아요 0 좋아요 공유하기 재생 (space/k) 재생 01:00 0:00:00 재생 (space/k) 재생 음소거 (m) 음소거 00:00 / 01:00 실시간 설정 전체 화면 (f) 해상도 HD 720p 자막 사용 안함 재생 속도 1.0x (기본) 해상도 1080p HD 720p HD 480p 360p 270p 144p 자막 설정 사용 안함 옵션 글자 크기 배경색 재생 속도 0.5x 1.0x (기본) 1.5x 2.0x 죄송합니다. 문제가 발생했습니다. 다시 시도해 주세요. 도움말 음소거 상태입니다. 도움말 라이센스 고화질 재생이 가능한 영상입니다. 설정에서 해상도를 변경해보세요. 더 알아보기 00:00 접기/펴기영상으로 정말 등재되어 있는지 확인해보세요퀄린리스트 검색하기#도핑테스트통과#피엠인터내셔널 도핑테스트 기관인 퀄린리스트에서 제가 액티바이즈와 파워칵테일 검색해보았는데요! 역시 시험 정신 넘치는 블로거 ㅋㅋㅋ​ ​캡쳐한 화면입니다. 액티바이즈 저는 빨간색 기본만 있는지 알았는데 여름용 레몬그라스와 다른 액티바이즈들이 등재되어 있네요! 뭐 제품 안전성 검증은 끝난 거 아닙니까? ㅋㅋㅋ ​ ​독일피엠인터내셔널은 한국에 2019년에 들어왔어요. 들어온 지 2년 차였던 작년에는 한국 네트워크마케팅 시장에서 바로 4위를 달성했다고 해요! ​아니 이게 가능? 처음 보는 사람들은 '2년 만에 4위를 했다고? 그런데 나는 왜 몰라' 하겠지만, 독일 피엠은 다양한 마케팅 방식 중 하나인 네트워크 마케팅을 선택했어요.​기본 마케팅 형식을 보면 거액의 모델료를 주고 광고모델을 발탁해서 티비나 큰 매체에 광고를 꽝꽝 때리는데 마케팅 비용을 씁니다. 그래서 티비나 다른 매체에서 매력적인 모델을 보고 브랜드의 이미지를 구축해 가죠. 소비자들은 그러한 광고를 보고 구매하고요.​ ​하지만 구전 판매 형식인 네트워크 마케팅은 유통비와 광고비를 제품을 추천해 주는 개인, 즉 소비자에게 돌려주는 캐시백 마케팅이라고 할 수 있어요. 그리고 나머지 비용으로 제품개발에 힘쓰고 있죠. ​네, 건강한 제품 구매하고 좋아서 누군가에게 추천하면 구매금액의 몇 프로를 캐시백을 받는다고 생각하면 제일 이해하기 쉬운 제도라고 생각해요. 회원가입하고 추천인코드를 전달하면 됩니다. 제품을 애용하는 사람이라면 정말 매력적인 마케팅이죠!​ ​이러한 다양한 제품군이 있는데 하나씩 접할수록 저는 앞으로는 이 아이들로만 먹어야겠다는 생각이 듭니다. ​ 회원가입 후 한 번만 구매할 수 있는 데모 백 패키지 34,650 ​액티바이즈(39,000원) 한 통을 주면서 튼튼한 가방과 실용성 높은 물병, 컵까지!! ​PM회원이라면 강추! 이번에 데모백을 구매해봤는데 너무 가성비가 좋은 거예요~ 솔직히 액티바이즈가격에 이러한 구성이라니! 회원가입을 해준 고객들을 위한 선물이라고 생각되는데요~​이미 검증된 독일 피엠인터내셔널 가입을 원하시거나 상담을 원하시는 분들은 저에게 톡톡 걸어주세요. 카카오톡 1:1채팅도 열려있답니다.​ 궁금할 땐 네이버 톡톡하세요! ​그럼 다음 포스팅은 피엠인터내셔널의 핵심 공법에 NTC, 마이크로솔브에 대해서 써볼게요~ 다음에 만나요! ​ ​",,,,24,7,"#PMI, #도핑테스트통과, #독일피엠, #피엠인터내셔널","https://blogimgs.pstatic.net/nblog/mylog/post/btn_confirm.gif, https://ssl.pstatic.net/static/blog/profile/img_profile_preset_07.png, https://ssl.pstatic.net/static/blog/profile/img_profile_preset_01.png, https://ssl.pstatic.net/static/blog/img_ani_blogid2.gif, https://postfiles.pstatic.net/MjAyMTA4MTNfMzEg/MDAxNjI4ODA3MTM5NDQw.tFnVMwbK0HXAruCCLtFReBoSsOrfq0_YNyjwLlLnsBgg.zLcwkAvTjO-qE6LIwoZALNJ_XtqhlkEKRiJi5cqFtEYg.JPEG.wakame07/SE-b82aedfa-2d51-48c5-acc1-c9ff3f71ca0f.jpg_blur, https://ssl.pstatic.net/static/blog/profile/img_profile_preset_08.png, https://blogimgs.pstatic.net/nblog/quickeditor/btn_qk_set.gif, https://blogimgs.pstatic.net/nblog/mylog/post/btn_close5.gif, https://postfiles.pstatic.net/MjAyMTA4MTJfOTcg/MDAxNjI4NzY5OTYzODI1.3OqP2iTyMQPzc7AcnupePj1trvHnmjQqO-GCbvnGCpEg.DUORgTQkb3CnQhBwSBnV-1_Gvfv_euS75ZXBX62nh9Eg.JPEG.wakame07/20210812_143443.jpg_blur, https://ssl.pstatic.net/static/blog/img_ani_blogid3_2.gif",,2025-11-07 15:22:17
naver_blog,222912857350,vegalhs,https://blog.naver.com/vegalhs/222912857350,"피엠인터내셔널 내셔널콩그레스에 양예빈, 펜싱 국가대표 김준호 선수가 왔다!!","로얄패밀리그룹에서 지속적인 열정으로 3년째 피엠사업을 하고 있는 살빼언니,전 세계 40여 개국 이상에 오픈되고 있는피엠인터내셔널의 큰~ 행사내셔널콩그레스에 다녀왔어요. PM 살빼언니 내셔널콩그레스에 가다! ​​코시국이 지나고 한국에서 이제 2회차 행사!!일산 킨텍스에서 지난 10월 21일 개최되었어요.무려 12,000여 명이 참석!!독일PM의 엄청난 성장을 확인할 수 있었답니다. ​​예매한 티켓과 통역기를 교환했어요.티켓에 적힌 번호대로 부수가 있어서,티켓 교환이 수월하게 이루어졌어요. ​​각 지역에서 올라오신 파트너 사장님들과 한 컷~귀하고 소중한 분들♥️함께 하는 사업 독일PM부모님과 함께딸과 함께친구와 함께나 자신부터 피엠의 비전을 보러~ ​​​독일에서 한국으로 오신피엠인터내셔널의 창립자이자 회장님이신롤프소르그님의 말씀~네트워커로 시작해서 네트워크 회사 설립 및 운영까지,실전을 바탕으로 창립하고 운영하는 회사이기에29년 동안 꾸준하게 성장하는 듯합니다. ​​독일피엠은 월드비전의 협력사입니다.피트라인 제품 수익금의 일부는 자동으로 기부가 된답니다.비키소르그 여사의 기부 진행과 앞으로 계획에 대한발표가 있었습니다. ​​​2022 피엠인터내셔널 내셔널콩그레스~회장 및 연구진 등 외국어로 강연이 이루어지니통역기가 준비되었답니다.글로벌 기업 실감^^ ​​​오상준 지사장님의 ​피엠코리아 성과 보고이제 한국오픈 4년 차인데매출은 계속 성장하고 있답니다. ​​​한국에서 유통되는 독일피엠쥬스는대략 30여 가지가 되는데,그중 하루 아침주스, 점심주스, 저녁주스라 불리는파워칵테일, 액티바이즈, 리스토레이트기초 3가지 제품이 주 매출 품목입니다.파워칵테일, 리스토레이트 정기구매인오토십이 매출 1위!!!역시 꾸준히 섭취하는 찐 소비자분들이 많은 PM^^ ​​​피엠하나카드가 제휴​되었어요!오토십도 10% 할인~그 외 제품들도 3% 할인물론, 회원가에서 또 할인되는거예요.피엠인터내셔널 독일PM주스를 드시는 분이라면회원가입 후, 피엠하나카드를 발급받으셔서사용하면 할인이 많이 되어서 더 유용합니다. ​​​제품의 컨셉 및 신제품 발표는아시아, 태평양 연구 총괄 및 과학자문버나드 쳐 박사님이 해주셨어요. ​​독일피엠의 핵심은 NTC!왜 이렇게 빠르게 효과가 나타나고,실제 건강을 회복하는 분들이 많은 이유는이 영양소 전달 개념 덕분이랍니다. ​​​중간중간 지속적인 에너지를 업 시키고집중하기 위해서 액티바이즈 피엠쥬스를수시로 마셔주었어요. ​​​이 액티바이즈가 이번에 더더더 좋게업그레이드가 되었답니다!!피엠인터내셔널 코리아 내셔널콩그레스에서신제품 발표!! ​​27년동안 5번의 혁신 액티바이저~~꾸준히 연구개발하고 품질을 더 좋게 개선시키는독일피엠인터내셔널~역시는 역시다~ ​​PM인터내셔널의 콩그레스는 개최되는 나라나 지방의 특색 있는 문화공연이 펼쳐지는데피엠인터내셔널코리아에서 준비한 공연은완전 더더더 최고👍👍👍아름답고, 가슴 뛰는 비전을 다 보여주었답니다😍 0초 0초 광고 후 계속됩니다. 다음 동영상 subject author 취소 피엠인터내셔널 내셔널콩그레스 공연 재생 22 좋아요 0 좋아요 공유하기 재생 (space/k) 재생 00:23 0:00:00 재생 (space/k) 재생 음소거 (m) 음소거 00:00 / 00:23 실시간 설정 전체 화면 (f) 해상도 HD 720p 자막 사용 안함 재생 속도 1.0x (기본) 해상도 1080p HD 720p HD 480p 270p 144p 자막 설정 사용 안함 옵션 글자 크기 배경색 재생 속도 0.5x 1.0x (기본) 1.5x 2.0x 죄송합니다. 문제가 발생했습니다. 다시 시도해 주세요. 도움말 음소거 상태입니다. 도움말 라이센스 고화질 재생이 가능한 영상입니다. 설정에서 해상도를 변경해보세요. 더 알아보기 00:00 피엠인터내셔널 내셔널콩그레스 공연 ​​독일피엠쥬스가 더 유명해질 수밖에 없는 이유는식품에 유해 성분이 없고,안정성에서 객관적으로 검증이 되었기 때문이죠.바로 도핑테스트에 전 제품이 통과했기 때문입니다.그래서 PM쥬스는 국가대표 선수를 비롯한많은 선수들이 애용한답니다. ​​이번 내셔널콩그레스에는육상 신기록 보유자 양예빈 선수, ​​펜싱 국가대표 김준호 선수가 참석했답니다. ​​​김준호선수는 현재 올림픽, 세계선수권, 아시안게임에서 모두 금메달을 획득하는 것을 지칭한그랜드 슬래머입니다.김준호 선수가 [PM 아시아 태평양 스포츠 브랜드 앰배서더]로 위촉되었답니다. ​​​​김준호 선수는 엠버서더가 되기전부터PM제품을 애용했다고 해요.세계적인 선수가 PM 제품을 애용할 수 있는 것은당연히 제품의 안전성!!이겠죠^^ ​​​PM 전 제품은 화학독성 검사인 도핑 테스트를 통과해서쾰른리스트에서 직접 확인할 수 있어요.최고의 컨디션, 최상의 결과를 원하는운동선수들이 믿고 먹는 독일피엠입니다^^ ​​12,000여 명이 참석한피엠인터내셔널 코리아 내셔널콩그레스를 통해글로벌 사업이 가능한 PM의 성장을눈으로 직접 확인할 수 있는 가슴 떨리는 시간이었습니다^^바로 회원 가입하시고,PM을 통한 성공기회 꼭 잡으세요~ 독일PM 피엠쥬스 회원가입 방법, 카톡으로 가입 링크 보내드려요 안녕하세요. 독일피엠 사업을 3년째 진행하고 있는 월드탑그룹 소속 살빼언니 이혜선입니다. 온라인, 오프... blog.naver.com 회원가입 / 사업 문의이유소 로 개명^^코드번호 : 7979906010.4183.1224 ​피엠인터내셔널 매출 1위 오토십에 대하여~ 보러가기 독일피엠쥬스 오토십 굳이 왜? 혜택이 있다고? ""오토십해서 드세요~"" ""오토십요? 꼭 해야 되나요? 그냥 한 달만 먹어보고 싶은데요.""... blog.naver.com ​",,,,13,0,"#PM, #대구피엠, #독일PM, #독일건강기능식품, #독일핑ㅁ, #보령피엠, #살빼언니, #안성피엠, #천안피엠, #태그, #평택피엠, #피엠사업, #피엠인터내셔널, #피엠인터내셔널코리아, #피트라인","https://ssl.pstatic.net/static/blog/profile/img_profile_preset_07.png, https://postfiles.pstatic.net/MjAyMjEwMjZfMTk2/MDAxNjY2Nzg1NTk5NDU4.h1TcnKDPdDtAG3zUC3OcedAqcF25kc_cXYjh6g4GVt8g.TZcTKw4Icm-Uv6KR1WtA-zlE15KmXcETgL1X8nTKy3og.JPEG.vegalhs/SE-99d5c024-9196-4a46-b72c-38f1f714f727.jpg_blur, https://blogimgs.pstatic.net/nblog/mylog/post/btn_close5.gif, https://postfiles.pstatic.net/MjAyMjEwMjZfMjQy/MDAxNjY2Nzg1NTk2MjI3.jVIF35msj7PIbGPRixDVvv-WKCg2eIjxiZAOJj8Ftq4g.EbNUHU87KjPM_Rk85nYQaPwLSzu_WpOBOoE0VSCwqTUg.JPEG.vegalhs/SE-cdf51aa1-fbfb-4b81-8365-decf93bd25e9.jpg_blur, https://postfiles.pstatic.net/MjAyMjEwMjZfMzQg/MDAxNjY2Nzg1NTc5OTg5.U5tB6V-fkDd3_UlQIVsqwiNaJJSZmwPJMpyXNTdXsFEg.9rGefGNE651mfhGhv_P_sp2br4NvQe55vdmvtVeqCuQg.JPEG.vegalhs/SE-9a420f0e-2aae-43ca-b1e6-2ea30de89ce5.jpg_blur, https://ssl.pstatic.net/static/blog/profile/img_profile_preset_06.png, https://blogimgs.pstatic.net/nblog/mylog/post/btn_viewexif.gif, https://postfiles.pstatic.net/MjAyMjEwMjZfMTky/MDAxNjY2Nzg1NTkxNTE4.Zi4-nF09gGBQDxqM8NgSPPKgdROYBzCUnOGMTswEXAgg.Mh5dwHbGaCc4FJ8JYi4CWKYYAwLpYb5zl50UPmUCrGEg.JPEG.vegalhs/SE-994164eb-111b-4f58-8ee1-e93ba256d272.jpg_blur, https://postfiles.pstatic.net/MjAyMjExMDRfMTEx/MDAxNjY3NTYzOTU5MjUz.1d4FzAaxmDGdAMdz-BBMpTTldSrWwfZVEK0ToqZeCewg.CXAca35xT_xF7egB_x9M_LtFDM9xAUDGl5NFtcc5tH4g.JPEG.vegalhs/PM%C7%CF%B3%AA%C4%AB%B5%E5_%282%29.jpg, https://postfiles.pstatic.net/MjAyMjEwMjlfMTc2/MDAxNjY3MDM1NTg0NzE4.Se-CrzeS30dKMaAp_LySr4VwjvyElSSQmAWO4FgQxjYg.8HSMZYc6OPcdaLHJzpOT_l4OGww7ef5CnFWr2d5BpuAg.JPEG.vegalhs/1667035588256.jpg",,2025-11-07 15:22:37
naver_blog,222166113858,vegalhs,https://blog.naver.com/vegalhs/222166113858,피엠인터내셔널 여의도지사 살빼언니가 가봤어요.,"안녕하세요,즐겁게 독일PM 사업을 하고 있는살빼언니 이혜선 입니다^^(이유소로 개명)​오늘은 지난 가을(?)피엠인터내셔널 여의도 비즈니스센터방문했던 이야기를 써보려고 해요.(언제적이야^^;;;;)코로나로 인해 마스크에빨간색 통과인증 스티커를 붙이고 인증샷~ 피엠인터내셔널 여의도 비즈니스센터 방문기 ​​​​세련되고 쾌적했던 내부의 모습입니다.코비드로 인해 방문하는 분들이 많지 않아서순수한 내부의 모습을 제대로 볼 수가 있었네요. ​​​​​방문의 목적은 팀파트너 등록신청서 제출!대부분 온라인으로 독일PM회원가입이 가능하나,탈퇴된 회원의 재가입,주한 외국인의 경우는직접 팀파트너 등록신청서를 작성해서등기로 제출하거나,비지니스센터에 직접 방문하여 제출해야한답니다.직접 방문은 가입회원의 정보만 있으면대리신청도 가능합니다. ​​​​​피엠인터네셔널 서울 비즈니스센터는국회의사당역 5번출구로 나가면 바로예요! ​​​​​지하철역에서 나와서 바로 보이는 이 건물~주소 : 서울 영등포구 의사당대로 8. 2층(태흥빌딩) 50m© NAVER Corp.더보기 /OpenStreetMap지도 데이터x© NAVER Corp. /OpenStreetMap지도 컨트롤러 범례부동산거리읍,면,동시,군,구시,도국가 피엠인터내셔널코리아 서울특별시 영등포구 의사당대로 8 2층 ​​​​고객이나 사업자들은 2층에 위치한피엠BC에서 업무를 볼 수가 있어요.에스컬레이터를 타고 이동합니다. ​​​​대면접수를 원치 않는 분은입구에 놓여있는 서류접수함에 넣으면처리할 수도 있답니다. ​​​ ​함께 간 파트너 사장님과 입장을 시작합니다.열화상카메라, 체온체크, 손소독제, 큐알코드 방문인증을철저하게 시행하고 있었어요. ​​​​네이버나 카카오톡을 이용한큐알코드 인증을 할 수 있는 방법이입구 옆 벽면에 부착되어 있어,쉽게 따라할 수 있었답니다. ​​​​​피트라인 로고가 딱 보이고,내부도 넓고 세련돼서역시 PM : 프리미엄다웠답니다^^ ​​​​ 독일 27년 전통의 건강기능식품회사이고,지용성의 식품을 수용성으로 전환시켜인체내 생체이용률을 높인 식품으로세계 특허도 굉장한 독일PM. 건강기능식품 영업신고증을 걸고 운영하는 합법적인 회사 ​​​​​​전제품이 도핑테스트를 통과했고깨끗하고 안전한 식품으로 인정하는 할랄인증, 6개월마다 정기적으로 개별 제품의 품질 인증을검사하는 TUV 검사까지!유럽연한 건강, 제약부분3년연속 브랜드파워 1위로 뽑힐만하죠^^이래서 아이부터 노인까지,몸값이 수천억에 이르는 세계적인운동선수들까지 안심하고 먹을 수가 있답니다. ​​​​​코로나 팬데믹 현상으로,많은 기업들의 힘든 시기인데독일PM은 2019년 결과,전세계 네트워크마케팅 13위를 기록했답니다.신뢰와 공정을 기반으로 한 회사 운영과가성비가 뛰어난, 제품력은 더~~우수한 독일피엠쥬스 덕분이겠죠^^ ​​​​미팅을 하고 세미나를 할 수 있는 공간이 마련되어 있고, ​​​​피엠제품들도 전시되어 있네요. 피엠인터내셔널 여의도 비즈니스센터 ​​​​피엠인터내셔널 여의도 비즈니스센터모습 영상으로 보세요^^ ​​​​​센터 중앙에는 팀파트너 등록신청서를 비롯한각종 서류들이 구비되어 있어요.자유롭게 이용하시면 됩니다.서류를 작성해서 인폼에 제출하니친절하고, 아주 빠르게 처리해주셨어요.감사합니다^^ ​​코로.나가 자꾸만 심해지니 부산, 대전, 서울 여의도에 있는 피엠인터내셔널 비즈니스센터가한시적 운영제한이 되기도 합니다.방문 전 미리 알아보시고 가세요~​​​독일PM 회사, 제품, 가성비, 타이밍보상플랜 모두 OK!! 독일PM 피엠인터내셔널 보상플랜(살빼언니) 안녕하세요, 독일PM 사업자 살빼언니 이혜선입니다. 독일피엠은 건강을 위해 쥬스를 드시는 분도 많고, ... blog.naver.com ​시스템이 확실한 월드탑그룹내 로얄패밀리그룹에서 사업진행하고 있습니다.​제품 및 사업문의 살빼언니 ​",,,,25,0,"#PM, #독일PM, #로얄패밀리그룹, #살빼언니, #월드탑그룹, #전문가그룹, #태그, #피엠인터내셔널, #피엠인터내셔널코리아","https://ssl.pstatic.net/static/blog/profile/img_profile_preset_07.png, https://postfiles.pstatic.net/MjAyMDExMjdfMjMz/MDAxNjA2NDg0MDExNDI3.DM3Hf8WD025rlQyUUy3wLvXttMcsrTTz-Q60TE-Im4Ig.ktYChmBSHHSMFcStMw8HEIWNB-zQTvZw7k9FbPSahNIg.JPEG.vegalhs/%B5%B6%C0%CFPM%C1%EA%BD%BA_%282%29.jpg, https://blogimgs.pstatic.net/nblog/mylog/post/btn_close5.gif, https://postfiles.pstatic.net/MjAyMDEyMDdfOTkg/MDAxNjA3MzE4MDgwMDA3.Nb9LjIEK4YrXQspeh2vJpFJuUSLPB1gjlONzNCMiJOUg.Ha2r7d24GO9J7ffo5l7NWgfWFDvxsSjtSKN576SijJ4g.JPEG.vegalhs/SE-064df18d-392e-4f6b-b0a3-72783dc0dc57.jpg_blur, https://ssl.pstatic.net/static/blog/profile/img_profile_preset_06.png, https://blogimgs.pstatic.net/nblog/mylog/post/btn_viewexif.gif, https://map.pstatic.net/nrb/styles/basic/1761871134/17/111746/50776.png?mt=bg.ol.sw.ar.lko, https://postfiles.pstatic.net/MjAyMDEyMDdfNiAg/MDAxNjA3MzE4MDgyOTg5.s48-IRRNIM1UhP9lb2bApIlFGhTsh74m4LemHHcSjzog.WyrDUzx1kSn07_sp14aM6tSSpfbsRGW0AwkAlLyMGI0g.JPEG.vegalhs/SE-f8d803ad-b360-4302-be48-b888dc5f615a.jpg_blur, https://postfiles.pstatic.net/MjAyMDEyMDdfMTYz/MDAxNjA3MzE4MDYzODM1.dvaq3LZlrjTRC-8TPa2_qIB3o4UPDqfOTWtiVYcWIUEg.JaEHSpEnZYUfkjl_Q-awCAZFih_ptsC-VT_WvAblxm8g.JPEG.vegalhs/SE-d27a25f3-c9c5-4f0b-9e59-5933ca68f81e.jpg_blur, https://postfiles.pstatic.net/MjAyMDEyMDdfMTgw/MDAxNjA3MzE4MDc2NjE5.L_W_UGXvP7rOu2-rkXgJiSPgggl1hqF1Sfou4QtoeZUg.9nIP2NQWCCb1ShFq5omtIHrNDoYT89iUO1Ua7samA-Ug.JPEG.vegalhs/%C7%C7%BF%A5%C0%CE%C5%CD%B3%BB%BC%C5%B3%CE_%BF%A9%C0%C7%B5%B5%C1%F6%BB%E7__%2819%29.jpg",,2025-11-07 15:23:09
naver_blog,224037085460,kimsena46,https://blog.naver.com/kimsena46/224037085460,"건강기능식품의 명품, PM-International이 특별한 이유","안녕하세요서울과 부산을 중심으로피엠사업을하고있는 현직요리사 정석입니다.​🇩🇪 독일 피엠인터내셔널 왜 명품이라 불릴까?​요즘 건강기능식품 브랜드는 정말 많죠.하지만 그중에서도 ‘명품’이라고 불릴 만한 브랜드는 손에 꼽습니다.그 대표적인 이름이 바로 독일 피엠인터내셔널(PM-International) 입니다.​단순히 비싸서, 혹은 유명해서 명품이 아니라품질·기술·철학·신뢰까지 모두 갖춘 진짜 ‘프리미엄 브랜드’이기 때문입니다.​​🏆 1. 독일식 철학 — “품질은 타협하지 않는다” ​피엠인터내셔널은 1993년, 창업자이자 회장인 “롤프 소르그회장” 의해 설립되었습니다.그가 처음부터 지켜온 원칙은 단 하나,👉 “사람의 건강에 들어가는 것은 최고 품질이어야 한다.”​그래서 피엠은 유행이나 마케팅보다 진짜 품질과 과학적 근거를 중심으로 성장했습니다.이 철학이 지금의 ‘명품 브랜드 이미지’를 만든 시작이죠.​​🇩🇪 2. 독일 제조 기준, 그 자체가 신뢰의 상징 ​‘Made in Germany’라는 문구는 이미 품질 보증서와 같습니다.피엠인터내셔널은 **독일 GMP(우수의약품제조기준)**과ISO 국제 품질 인증을 철저히 준수하며 생산됩니다.​원료부터 생산, 포장까지 전 과정이 독일식 정밀관리 시스템 아래 이루어집니다.그 결과, 전 세계 어디서든 안심하고 섭취할 수 있는 신뢰도 1위 브랜드로 평가받고 있습니다.​​🔬 3. 세계 특허기술, FITLINE의 비밀 ​피엠의 대표 제품 라인인 FitLine(핏라인) 은단순한 영양제가 아닙니다.​여기에는 NTC(Nutrient Transport Concept) 라는PM 고유의 세계 특허 기술이 적용되어 있습니다.이 기술은 영양소가 몸속 세포에 더 빠르고 효율적으로 전달되도록 돕는 시스템으로,흡수율을 극대화시키는 혁신적인 기술입니다.​그래서 FitLine은 세계 각국의 엘리트 운동선수, 국가대표, 프로축구팀이 사용하는 제품으로도 유명합니다.즉, “과학으로 증명된 명품”이란 말이 딱 어울리는 브랜드입니다.​​🌍 4. 세계가 인정한 글로벌 명품 브랜드 ​피엠인터내셔널은 현재 전 세계 70개국 이상에 진출해 있으며,직접판매기업 글로벌 순위 Top 10 (DSN 기준) 에 꾸준히 이름을 올리고 있습니다.​또한 모든 제품이 국제스포츠영양인증(ISF) 과Cologne List(도핑 프리 인증 리스트) 에 등록되어 있어선수들도 안심하고 섭취할 수 있는 안전성을 자랑합니다.​명품은 결국, 시간이 증명하고 세계가 인정하는 것이죠.​​💛 5. 진짜 명품은 ‘가치’를 만든다 ​피엠은 단순히 제품만 판매하는 회사가 아닙니다.20년 넘게 World Vision과 함께 전 세계 아동을 돕는 등지속적인 사회공헌 활동을 이어오고 있습니다.​기업의 성공을 사회적 책임과 연결시키는 이 철학이야말로,피엠이 진짜 ‘명품’으로 불리는 이유입니다.​​✨ 마무리하며 ​PM-International이 명품인 이유는그 어떤 화려한 광고나 이미지 때문이 아닙니다.​ ✅독일식 정밀한 품질관리 ✅과학으로 증명된 기술력 ✅전 세계가 신뢰하는 브랜드력 ✅그리고 사람을 먼저 생각하는 철학​이 네 가지가 모여 만들어낸 결과입니다.​피엠은 단순한 건강식품이 아니라,“삶의 품격을 높여주는 명품 브랜드” 입니다.​​ 단순한 건강보조식품 회사가 아닙니다""삶의 질을 높이는 라이프스타일 브랜드"" 를 추구하는 기업!!​사업은 누구와 함께 하느냐에따라 성과도 방향도 달라집니다.​세계를 무대로 성장하는 글로벌 야베스그룹 쏘해피팀과 함께 여러분의 시작을 돕겠습니다 ​​ 제품 및 사업문의010.2343.9982회원번호 21296610 ​​#독일피엠인터내셔널 #명품브랜드 #국가대표영양제 #쏘해피팀#야베스그룹 #천연영양제#서울pm #부산pm #라이프스타일브랜드​​​​",,,21296610,2,1,"#국가대표영양제, #독일피엠인터내셔널, #라이프스타일브랜드, #명품브랜드, #부산pm, #서울pm, #쏘해피팀, #야베스그룹, #천연영양제","https://postfiles.pstatic.net/MjAyNTEwMTBfMTU1/MDAxNzYwMDg4NDYwNDU3.njZUKv304O1GoNnJOh0tRu-CktcT30gOOGfMTyUAg1og.MgsuiDBYW-2ObNx2uFEodeeSWsjHjBhPXs3ldd-_H8kg.JPEG/IMG%EF%BC%BF9364.JPG_blur, https://blogimgs.pstatic.net/nblog/mylog/post/btn_confirm.gif, https://ssl.pstatic.net/static/blog/profile/img_profile_preset_07.png, https://ssl.pstatic.net/static/blog/profile/img_profile_preset_01.png, https://ssl.pstatic.net/static/blog/img_ani_blogid2.gif, https://postfiles.pstatic.net/MjAyNTEwMTBfODMg/MDAxNzYwMDg4MjI2MzM2.BmHEpGTrUtwXK-X7m2rO6pnUje7H9_hjwll2-5W_FP8g.12QUdkcaEGlZWUeyIXn7B6LmFVLkZJKETS8ylUO5xbQg.JPEG/IMG%EF%BC%BF1285.JPG_blur, https://ssl.pstatic.net/static/blog/profile/img_profile_preset_08.png, https://blogimgs.pstatic.net/nblog/quickeditor/btn_qk_set.gif, https://blogimgs.pstatic.net/nblog/mylog/post/btn_close5.gif, https://blogimgs.pstatic.net/nblog/mylog/post/btn_download2.gif",,2025-11-07 15:23:36
naver_blog,224027363690,hsj1678ive,https://blog.naver.com/hsj1678ive/224027363690,"👉 네트워크 마케팅과 PM-International, 뭐가 다를까? (성공 사례 포함)","안녕하세요 🙂많은 분들이 네트워크 마케팅이라는 단어를 들으면 조금은 부정적인 이미지를 먼저 떠올리곤 합니다.“지인 영업만 해야 하나?”, “피라미드 아닌가?”라는 오해도 흔하지요.하지만 PM-International은 기존의 네트워크 마케팅과는 확실히 다릅니다.오늘은 그 차이와 실제 성공 사례를 함께 나눠보겠습니다. 🤔 일반 네트워크 마케팅의 한계지인 위주의 영업대부분 지인, 친구, 가족에게 제품을 판매하는 방식거절과 관계 부담이 큰 단점과장된 수익 약속실현 가능성이 낮은 고수익을 강조신뢰도 하락제품 신뢰성 부족검증되지 않은 제품을 판매하는 경우 많음장기적으로 고객 만족도가 낮음👉 결국, 일반 네트워크 마케팅은 **“사람을 소모하는 구조”**가 문제였습니다. 🌍 PM-International이 다른 이유유럽 1위 글로벌 기업본사는 독일, 전 세계 45개국 이상 진출매출과 규모에서 이미 안정성 확보전제품 도핑프리 인증PM의 모든 FitLine 제품은 Cologne List® 등록세계 올림픽 선수 1,000명 이상이 섭취하는 제품 → 압도적 신뢰성제품력이 먼저, 사업은 그다음건강보조식품 & 뷰티 제품은 누구나 필요한 아이템단순히 영업이 아니라 “좋은 제품 경험을 공유하는 것”이 사업 구조지속 가능한 권리소득 구조한 번 소비자가 형성되면 꾸준히 재구매 발생시간 = 돈 구조를 넘어서는 장기적 권리소득 가능 🏅 성공 사례저 역시 처음에는 “부업처럼” 시작했습니다.주변 사람들에게 제품을 알리고, 직접 체험한 후 경험을 나누었을 뿐인데…👉 시간이 지나면서 팀이 생기고, 글로벌로 확장되며경제적 자유 + 시간적 자유 + 여행의 자유까지 얻게 되었습니다.특히, 자동차 보너스 혜택을 통해 회사가 지원해주는 차량을 타고 다니며PM이 단순한 네트워크 마케팅이 아니라 삶을 바꾸는 기회라는 걸 직접 체험했습니다. 🔗 더 알아보기👉 PM 사업이 실제로 어떤 부업들과 비교해도 차별화되는지 궁금하시다면➡️ ​[부업, 뭐가 좋을까? 다양한 부업 비교와 PM 사업의 현실적인 수익] 글도 꼭 참고해보세요. 👉 부업, 뭐가 좋을까? 다양한 부업 비교와 PM 사업의 현실적인 수익(수익 인증 포함) 요즘 많은 분들이 부업을 찾고 있습니다. 월급만으로는 부족하고, 더 나은 삶을 위해 “나도 뭔가 부업을 ... blog.naver.com 🤝 상담 & 문의PM-International의 제품과 사업 기회에 대해더 궁금하신 점이 있다면 언제든 상담 가능합니다.👉 지금 바로 오픈채팅으로 문의주세요.[오픈채팅 상담 바로가기] 독일PM 한성주PPT님의 오픈프로필 open.kakao.com ✨ 마무리네트워크 마케팅은 사람들에게 종종 부정적인 이미지를 주지만,PM-International은 검증된 글로벌 기업 + 도핑프리 제품력 + 안정적인 사업 구조로다른 길을 보여주고 있습니다.저와 제 가족이 경험한 것처럼, PM은 단순한 사업이 아니라 진짜 자유로 가는 길이 될 수 있습니다.​ 피엠인터내셔널 독일 직접판매 업체, 건강기능식품, 화장품, 단백질 보충용 식품 등 판매 m.pmi-korea.com ​",,,,3,8,"#FitLine, #PM, #PMInternational, #PM상담, #PowerCocktail, #경제적자유, #네트워크마케팅, #다단계차이, #부업, #성공사례, #시간적자유, #여행의자유, #태그, #파워칵테일, #피엠인터내셔널, #피엠인터네셔널, #핏트라인","https://blogimgs.pstatic.net/nblog/mylog/post/btn_confirm.gif, https://ssl.pstatic.net/static/blog/profile/img_profile_preset_07.png, https://ssl.pstatic.net/static/blog/profile/img_profile_preset_01.png, https://ssl.pstatic.net/static/blog/img_ani_blogid2.gif, https://ssl.pstatic.net/static/blog/profile/img_profile_preset_08.png, https://blogimgs.pstatic.net/nblog/quickeditor/btn_qk_set.gif, https://blogimgs.pstatic.net/nblog/mylog/post/btn_close5.gif, https://blogimgs.pstatic.net/nblog/mylog/post/btn_download2.gif, https://ssl.pstatic.net/static/common/btn/btn_confirm2.gif, https://blogimgs.pstatic.net/nblog/spc.gif",,2025-11-07 15:23:48
naver_blog,224056900155,lgm309,https://blog.naver.com/lgm309/224056900155,아시아에서의 성장: PM-International은 계속 확장하고 있습니다.,"아시아에서의 성장: PM-International은 계속 확장하고 있습니다. 세계에서 가장 빠르게 성장하는 네트워크 마케팅 기업 중 하나인 피엠인터내셔널(PM-International)이 싱가포르에 아시아 태평양(APAC) 본사를 공식 개소했습니다. 이번 개소는 아시아 태평양 지역에 대한 피엠인터내셔널의 장기적인 헌신을 보여주는 동시에 아시아 태평양 지역 전체의 유통업체와 고객들에게 새로운 성장의 장을 열어줄 것입니다. ​PM-International은 1993년 독일에서 설립되어 2012년 말레이시아에 첫 지사를 설립하며 아시아 태평양 지역으로 사업을 확장하기 시작했습니다. 3년 후인 2015년에는 싱가포르에 첫 APAC 본사를 설립했습니다. 당시 PM-International은 이미 아시아 태평양 지역에서 4천만 달러의 매출을 올리고 있었습니다. 지속적인 성공과 빠른 사업 확장으로 인해 2019년에는 아시아 태평양 지역 내 유통 파트너의 성장에 발맞춰 더 넓은 사업장으로 이전해야 했습니다. 이후 PM-International의 사업 확장과 매출은 기하급수적으로 증가하여 2015년부터 2024년까지 연평균 50.6%의 매출 성장률을 기록했습니다. PM-International은 지역적 입지를 강화하기 위해 새로운 아시아 태평양 본사에 2,200만 유로를 투자했습니다. 이 공간은 총 약 1,000제곱미터에 달합니다. 개소식에서 설립자 겸 CEO인 롤프 소르그는 회사의 글로벌 전략에 있어 아시아 태평양 지역과 그 지역 영업 파트너의 중요성을 강조했습니다. "" 꾸준함을 유지하고 올바른 목표를 추구한다면 성공할 수 있습니다. 아시아 태평양 지역의 영업 파트너와 저희 팀은 이를 훌륭하게 보여주었습니다. 여러분의 헌신과 뜨거운 열정에 깊이 감사드리며 영광입니다!"" 그는 새 본사 개소를 ""새로운 장을 열고 이 시장의 미래 성장을 위한 올바른 토대를 마련하는 역사적인 순간""이라고 설명했습니다. 개막식에는 최고 경영자, 유통업체, 그리고 기타 귀빈을 포함하여 700명이 넘는 사람들이 참석했습니다. 주빈은 롤프와 비키 소르그의 오랜 친구이자 회사의 FitLine 제품을 오랫동안 사용해 온 후 시미 히로아키 왕자 였습니다 . 그는 PM-International이 이 지역에서 쌓아온 탄탄한 관계를 강조했습니다. 잠재력 높은 시장에서의 탄탄한 입지아시아 태평양 지역은 글로벌 직접판매 산업의 초석입니다. 세계직접판매협회연맹(WFDSA)에 따르면, 아시아 태평양 지역 직접판매 매출에서 웰빙, 화장품, 개인 관리 제품이 차지하는 비중은 56%로 압도적으로 높습니다. PM-International의 프리미엄 FitLine 영양 보충제와 화장품은 품질, 혁신, 투명성을 중시하는 건강에 대한 관심이 높아지는 소비자층의 니즈를 충족할 수 있는 독보적인 입지를 갖추고 있습니다. 광범위한 글로벌 투자는 추가적인 성장을 지원하기 위한 것입니다.싱가포르에 위치한 새로운 APAC 본사는 PM-International의 광범위한 글로벌 투자 전략의 일환입니다. PM-International의 목표는 유통 파트너들에게 장기적인 성공에 필요한 인프라와 도구를 제공하는 것입니다. 2024년 6월까지 회사는 이미 전 세계 인프라 프로젝트에 4천만 유로 이상을 투자했으며, 그 이후로도 상당한 규모의 추가 투자를 진행했습니다. 2025년 1월, PM-International은 미주 신본사 건설 1단계에 부지 매입을 포함하여 2,200만 달러를 투자한다고 발표했습니다. 2단계 및 3단계 확장에는 추가로 2,800만 달러가 투자될 예정입니다. 이러한 투자는 고품질 건강, 피트니스, 뷰티 제품 개발 및 유통 분야의 시장 선도 기업이 되겠다는 PM-International의 비전을 강조하는 동시에 지속 가능하고 장기적인 성장을 향한 회사의 의지를 보여줍니다. 독일피엠 탑세일러☎010-4593-1462#부산피엠 #서울피엠 #대구피엠 #구미피엠 #광주피엠",,010-4593-1462,,118,20,"#광주피엠, #구미피엠, #대구피엠, #부산피엠, #서울피엠","https://postfiles.pstatic.net/MjAyNTEwMjhfMTA3/MDAxNzYxNjUwODE4NjI5.FOh_FFG2d7kD1GBc4nNCKNEZpkKp-hwSkmivUD5BzKkg.cQwlam0wyXlUr-UXM1bnGh5VDuGNJ8_Nr2H-PnwVCAUg.PNG/image.png, https://blogimgs.pstatic.net/nblog/mylog/post/btn_confirm.gif, https://ssl.pstatic.net/static/blog/profile/img_profile_preset_07.png, https://ssl.pstatic.net/static/blog/profile/img_profile_preset_01.png, https://ssl.pstatic.net/static/blog/img_ani_blogid2.gif, https://blogpfthumb-phinf.pstatic.net/MjAyNTEwMjhfMTkg/MDAxNzYxNjUyODY3ODAx.N6ocVTk7GVmr8HGl0sFbjgpKvUTyAxSjNDRfaOgeQi4g.GOSJ_REgVmfMfgUQb70MLSLhmCgToE3-krR4fbU2guMg.JPEG/%EC%A0%9C%EB%AA%A9_%EC%97%86%EC%9D%8C.jpg/%25EC%25A0%259C%25EB%25AA%25A9%2B%25EC%2597%2586%25EC%259D%258C.jpg, https://ssl.pstatic.net/static/blog/profile/img_profile_preset_08.png, https://blogimgs.pstatic.net/nblog/quickeditor/btn_qk_set.gif, https://blogimgs.pstatic.net/nblog/mylog/post/btn_close5.gif, https://blogpfthumb-phinf.pstatic.net/MjAyNTEwMjhfMTkg/MDAxNzYxNjUyODY3ODAx.N6ocVTk7GVmr8HGl0sFbjgpKvUTyAxSjNDRfaOgeQi4g.GOSJ_REgVmfMfgUQb70MLSLhmCgToE3-krR4fbU2guMg.JPEG/%EC%A0%9C%EB%AA%A9_%EC%97%86%EC%9D%8C.jpg/%EC%A0%9C%EB%AA%A9+%EC%97%86%EC%9D%8C.jpg",,2025-11-07 15:23:58
naver_blog,223950276707,pm8073590,https://blog.naver.com/pm8073590/223950276707,"📌 PM-International 보상 플랜, 지금이 타이밍인 이유","요즘 많은 분들이 “부업”이나 “시간적 자유”라는 키워드를 찾고 있습니다. 하지만 진짜 중요한 건 내 생계를 안정적으로 지켜줄 소득 구조를 만드는 것이죠.PM-International은 단순히 제품 판매 이상의 ‘시스템 소득’과 ‘레버리지 구조’를 제공하는 비즈니스입니다.​✅ PM-International 보상 플랜의 핵심 7가지1️⃣ 직접 추천 보너스 (Direct Bonus)내가 직접 추천한 소비자나 파트너의 구매에 대해 11%의 캐시백​을 지급.재구매 시에도 계속 11% 발생 → 단순 소비 공유만으로도 꾸준한 소득.​2️⃣ 6레벨 로열티 보너스 (Franchise Royalty)나를 통해 연결된 파트너들의 매출에 대해 6단계까지 로열티 지급​.본사에서 ‘유통권’을 부여받는 구조 → 평범한 개인도 프랜차이즈 본사처럼 로열티 소득을 받을 수 있음.​3️⃣ 리더십 보너스 (Leadership Bonus)직급이 올라갈수록 6레벨 로열티에 추가 % 지급.조직이 커질수록 무한대로 확장되는 구조 → ​시스템 레버리지의 핵심.​4️⃣ 빠른 승급 보너스 (Fast Track Bonus)일정 기간 내 직급 달성 시 ​최대 1,200만 원 일시불 지급.초반에 열정적으로 시작할수록 유리한 보상 시스템.​5️⃣ 자동차 보너스 (Car Bonus)일정 직급 달성 시, BMW·Mini·기아 차량 구매 시 매월 유지비 현금 지급.직급에 따라 매달 수십만 원~백만 원 이상 차량 보너스 발생.​6️⃣ 트립 보너스 (Trip Bonus)연간 최대 4회의 해외여행 제공 (유럽 여름·겨울, 월드투어, PT 인정식).개인 비용 ZERO, 가족 동반 가능 → 비즈니스와 라이프스타일을 동시에.​7️⃣ 연금 보너스 (Pension Bonus)네트워크 업계 최초, 회사 50% + 본인 50% 매칭 연금 제도.IRP 세액공제 가능 → 노후 준비와 세제 혜택 동시 확보.​​💡 왜 지금 시작해야 할까?✔ 검증된 글로벌 기업독일에서 30년 이상 안정적으로 운영, 한국에서도 이미 폭발적 성장.✔ 제품력이 만든 시장공정거래위원회 매출 기준 5천억 돌파 → 소비자들이 직접 인정한 브랜드.✔ 성장 초기 단계한국 매출 5천억 → 대표가 선언한 1조 시장의 ‘전환점’에 위치.지금 진입하는 사람은 다음 5천억 시장의 선두주자가 될 수 있음.✔ 레버리지 소득 구조노동소득을 시스템 소득으로 전환 → 시간과 장소의 제약 없이 소득 발생.✔ 평범한 사람도 가능초기 자본과 인프라 없이도, 본사에서 시스템 제공 → ‘평범한 개인’을 위한 설계.​​✨ 결론: PM-International은 ‘제품 판매 사업’이 아니다PM의 7가지 보상 플랜은 단순히 “얼마를 벌 수 있다” 이상의 의미가 있습니다.👉 노동소득을 시스템소득으로 바꾸는 도구👉 시간의 자유 + 생계 안정성을 동시에 가져오는 구조👉 내 하루를 24시간에서 240시간으로 확장시키는 레버리지 비즈니스지금이 타이밍인 이유는 단순합니다.아직 시장은 성장 초기, 제품력은 이미 입증, 시스템은 완성.이 3가지가 동시에 맞물리는 시점은 길지 않습니다.​​ #PM인터내셔널 #네트워크마케팅 #보상플랜 #시스템소득 #레버리지비즈니스 #부업추천 #생계플랜 #파이프라인소득 #시간적자유 #PM사업",,,,36,4,"#PM사업, #PM인터내셔널, #네트워크마케팅, #레버리지비즈니스, #보상플랜, #부업추천, #생계플랜, #시간적자유, #시스템소득, #파이프라인소득","https://blogimgs.pstatic.net/nblog/mylog/post/btn_confirm.gif, https://ssl.pstatic.net/static/blog/profile/img_profile_preset_07.png, https://ssl.pstatic.net/static/blog/profile/img_profile_preset_01.png, https://ssl.pstatic.net/static/blog/img_ani_blogid2.gif, https://ssl.pstatic.net/static/blog/profile/img_profile_preset_08.png, https://blogimgs.pstatic.net/nblog/quickeditor/btn_qk_set.gif, https://blogimgs.pstatic.net/nblog/mylog/post/btn_close5.gif, https://blogpfthumb-phinf.pstatic.net/MjAyMzAzMjNfODcg/MDAxNjc5NTc4OTMyMjk0.1skUKWlsU2yRzC0Vcyzm3ZDafGCc4JWfTwZAo_gI7yog.8hxUZq4GXVbptBXHssd7RV0z5BFtDrHLokaRcz7IDogg.JPEG.pm8073590/KakaoTalk_20230323_223847928.jpg/KakaoTalk_20230323_223847928.jpg, https://postfiles.pstatic.net/MjAyNTA3MjhfMjMw/MDAxNzUzNzAyNzc4Mjg3.HKwmhFYJEJmKJgLWzuBAxPSMt30ICcxO_4P-gniTwXcg.eOvLR5FnBuxl1qZlk6iP8LlkfQholD79wIRNSoUVvhkg.PNG/6%B7%B9%BA%A7%B8%AE%B4%F5%BD%CA.png, https://postfiles.pstatic.net/MjAyNTA3MjhfMjMw/MDAxNzUzNzAyNzc4Mjg3.HKwmhFYJEJmKJgLWzuBAxPSMt30ICcxO_4P-gniTwXcg.eOvLR5FnBuxl1qZlk6iP8LlkfQholD79wIRNSoUVvhkg.PNG/6%EB%A0%88%EB%B2%A8%EB%A6%AC%EB%8D%94%EC%8B%AD.png_blur",,2025-11-07 15:24:06
naver_blog,224013847293,ssaige2,https://blog.naver.com/ssaige2/224013847293,피트라인 액티바이즈(FitLine Activize)” 및 그것을 판매하는 회사인 PM‑International,"피트라인 액티바이즈(FitLine Activize)” 및 그것을 판매하는 회사인 PM‑International 의 네트워크 마케팅 / 다단계(MLM) 구조 기본 개요회사: 피트라인 제품은 독일의 PM‑International 이라는 회사 제품이고, 건강 보조제, 미용 / 웰빙 제품 등을 판매합니다. 제품: 액티바이즈(Activize)는 비타민 B군, 비타민 C 등이 포함된 건강기능식품으로, 피로 개선, 에너지 증진 등이 제품 설명에 등장합니다. 판매 방식: 전통적인 매장 유통보다는 “직접 판매(direct selling)” 및 독립 유통 파트너(distributor)를 통한 네트워크 마케팅 방식. 즉, 제품을 구매하고 파는 것 + 신규 유통 파트너를 모집하고, 그 아래의 유통 실적 (판매량) 또는 팀의 매출에 대해 보상이 발생하는 구조. MLM 구조 및 보상 체계 특징PM‑International의 비즈니스 모델 및 보상 플랜에서 알려진 주요 특징들은 다음과 같습니다: USE‑TALK‑DEMO 컨셉: 제품을 사용하고(USE), 제품에 대해 이야기하고(TALK), 제품 시연(DEMO)하여 고객과 파트너를 유치하는 방식. 독립 사업가로 활동 가능: 본인이 시간을 얼마나 들이고 얼마나 노력하느냐에 따라 수입이 달라지며, 전업 또는 부업으로의 참여 모두 허용됨. 공정한 보상 시스템: 회사는 직급(rank)에 따라 또는 팀 규모나 매출 실적에 따라서 보상이 증가하는 보너스 제도, 리더십 보너스 등이 있음. 매출 및 규모: PM‑International은 전 세계 여러 국가에 사업장이 있고, 상당한 매출을 기록함. 예: Business for Home 등의 분석 보고서에 따르면 연 매출 수십억 달러 규모며, 매출의 약 35%를 커미션 / 보상으로 지급 가능한 구조를 갖췄다는 평가도 있음. 장점 & 매력 요소이런 MLM 방식이 가지는 긍정적 측면들은 다음과 같습니다: 유연성시간을 조절하여 전업/부업으로 활동 가능 → 본업 병행, 자율적 일정을 갖는 것이 가능함. 소득 가능성제품 직접 판매 + 팀 확대를 통해 수익을 증대시킬 기회 있음. 리더 등 상위 직급으로 가면 보상 및 리더십 보너스 등이 커질 수 있음. 지원 및 교육PM‑International은 트레이닝, 세일즈 아카데미, 제품 및 마케팅 기술 교육 등을 제공함. 제품 기반 사업제품 자체가 건강 / 웰빙 쪽이라 수요 요소가 있음. 효과가 있다는 평가나 소비자 후기 등이 존재함. ​",,,,21,6,"#2025블로그챌린지, #KBO리그, #KT, #LG, #강남안경, #개포동안경, #대청역안경, #대청타워안경, #대치동안경, #롯데, #수서역안경, #안경최저가, #왓츠인마이블로그, #일원동안경, #태그, #프로야구","https://blogimgs.pstatic.net/nblog/mylog/post/btn_confirm.gif, https://ssl.pstatic.net/static/blog/profile/img_profile_preset_07.png, https://ssl.pstatic.net/static/blog/profile/img_profile_preset_01.png, https://ssl.pstatic.net/static/blog/img_ani_blogid2.gif, https://blogimgs.pstatic.net/imgs/btn_confirm.gif, https://ssl.pstatic.net/static/blog/profile/img_profile_preset_08.png, https://blogimgs.pstatic.net/nblog/quickeditor/btn_qk_set.gif, https://blogimgs.pstatic.net/nblog/mylog/post/btn_close5.gif, https://blogimgs.pstatic.net/nblog/mylog/post/btn_download2.gif, https://ssl.pstatic.net/static/common/btn/btn_confirm2.gif",,2025-11-07 15:24:24
naver_blog,223599839699,pm-doyoung,https://blog.naver.com/pm-doyoung/223599839699,다단계와 네트워크 마케팅 차이 그리고 PM International,"추천인 번호 : 20414088 안녕하세요! PM - Doyoung입니다.​오늘은 다단계와 네트워크 마케팅의 차이점에 대해서 말씀드리려고 합니다 ^^​다단계는 워낙 유명해서 알겠는데네트워크 마케팅은 뭐지?똑같은 거 아니야?라고 생각하실 수 있는데요​지금부터 알아보러 가겠습니다! ▶ 다단계 의미​다단계 판매는 판매원이 하위 판매원을 모집해 상품을 판매하는 방식으로, 전통적인 유통경로 (제조업자 > 도매업자 > 소매업자 > 소비자)와 다르게 3단계 이상으로 조직된다고 보시면 됩니다! ▶ 네트워크마케팅 의미​중간 유통구조나 광고 없이, 소비자가 상품을 사용하여 품질을 인정하고 자발적으로 판매원이 되어 주변에 소개하며 새로운 소비자를 형성하는 과정을 반복하는 방식이라 하네요! ▶ 다단계가 피라미드로 불리는 이유​위쪽에 한 명, 아래에 여러 명으로 층이 지어져 있어 피라미드로 불리게 되었다고 합니다!​위에 있는 사람을 아랫사람의 판매로 돈을 벌 수 있는데요!​위로 갈수록 더 많은 사람이 있고 그만큼 수익도 더 많이 생기는 구조라고 보시면 될 듯합니다! ▶ 불법 다단계 관련 뉴스​https://yonhapnewstv.co.kr/news/MYH20240829024600641?srt=l&d=Y '1조원대 다단계 사기' 휴스템코리아 대표 징역 7년 '1조원대 다단계 사기' 휴스템코리아 대표 징역 7년 1조원대 불법 다단계 사기를 친 혐의로 기소된 휴스템코리아 대표 이모 씨가 1심에서 실형을 선고받고 법정구속됐습니다. 서울 yonhapnewstv.co.kr - 출처. 연합뉴스 - https://www.khan.co.kr/national/incident/article/201509100740121 [단독] ‘다단계 사기왕’ 조희팔 로비사건 재개…이춘석 “조씨 불법자금 1억 수수 전 경찰관 구속” ‘다단계 사기왕’ 조희팔씨(사망)의 정·관계 로비 사건 ‘캐비닛’이 다시 열렸다. 최근 조씨의 불법자금 1억원을 받은 전직 경찰관이 대구에서 구속되는 등 뇌물사건 수사가 재개... www.khan.co.kr - 출처. 경향신문 - ▶ 다단계 판매원이 하위 판매원을 모집하여 상품을 판매하는 구조 직접 판매와 하위 판매원의 매출에 따라 수익을 얻음 제품 품질과 직접 판매에 중점 ▶ 네트워크 마케팅 관계 중심으로 소비자가 제품을 소개하고 네트워크를 통해 판매원 모집 팀 전체 성과에 기반한 보상 체계 개인의 네트워크와 관계를 활용하여 판매 협력과 지원을 통한 판매 ▶ 다단계와 네트워크 마케팅 차이점 다단계 직접 판매 중심 네트워크 마케팅 팀워크 중심 ▶ PM International은 어디?​PM International은 네트워크 마케팅 회사로, 제품을 직접 판매하는 것만으로는 성과를 올릴 수 없는 구조입니다.​​즉 ""​팀워크""를 통해 함께 성장해야 하며, 네트워크 마케팅의 특징을 잘 보여주는 회사라고 보시면 됩니다. ▶ PM International은 믿을 수 있나요​PM 사업을 시작하시려고 생각하시는 분들 중에는 혹시 회사가 부도가 나거나 망하면 어떡하지라는 생각을 가지고 계신 분들도 많을 겁니다.​하지만 걱정을 하지 않아도 되는 부분이 ""한국특수판매공제조합""에 가입이 되어있어 소비자 보호체계가 마련되어 있어요!​만약 소속된 회사가 둘 중에 속하지 않는다면 한 번 생각을 해보시면 좋을 듯합니다!​ 또한 PM 회사는 2015년에 한국에 진출하여 현재 3위까지 성장한 믿을만한 회사로, 단기간에 빠른 성장을 이룬 지표로 평가가 됩니다!​- 출처. 공정거래위원회 - ▶ 끝으로​네트워크 마케팅은 다단계 구조를 가지고 있으며, 제품을 소개 및 판매하며 새로운 회원을 모집하는 형태로 이루어져 있습니다. ​다단계와 네트워크 마케팅은 유사한 부분이 많기 때문에, 많은 사람들이 다단계에 대해 걱정합니다.​“왜 다단계를 하는 거지? 안 좋은 거 아닌가?​” 같은 의문을 가질 수 있습니다. ​저도 그런 생각을 했고, 그래서 더 많은 공부와 정보를 찾게 되었습니다. ​그럼에도 불구하고 PM 사업을 하는 이유는 제품이 정말 좋기 때문입니다. ​그 안에서 사업성을 발견했기 때문입니다.​우리는 모두 돈을 벌고 안락한 삶을 원합니다. ​하지만 단순히 생각만으로는 이루어지지 않죠. ​저는 생각을 행동으로 옮기는 것이 중요하다고 믿습니다. ​후회하더라도 그 과정에서 배우는 경험이 가장 가치 있다고 생각합니다.​다단계나 네트워크 마케팅 자체는 중요하지 않습니다. ​저는 제품을 사용해 보고 효과를 느꼈고, 그 안에서 사업성을 발견했습니다. ​암웨이와 애터미 같은 회사도 다단계 구조를 가지고 있지만, 소비자들이 구매하는 이유는 상품이 좋기 때문입니다. ​저 역시 PM에서 그런 경험을 했습니다.​“성공은 행동으로 만들어지고, 오늘 무엇을 하느냐에 따라 내일이 결정된다""라는 말처럼, 행동이 중요하다고 생각합니다. ▶ 제품 및 사업 문의​회원가입 및 정품을 안전하고 저렴하게 구입하는 방법이 궁금하신 분​어떻게 해야 할지 잘 모르겠다고 생각하시는 분​아래 연락처로 문의하시면 자세히 안내해 드리겠습니다.​TEL : 010-2011-9898​추천 코드 : 20414088 ▶ 관련 내용​https://blog.naver.com/PostView.naver?blogId=pm-doyoung&logNo=223588984990&parentCategoryNo=&categoryNo=&viewDate=&isShowPopularPosts=false&from=postView 독일 PM 회사는 어떤 회사이며, 안전한 회사일까요? 안녕하세요 여러분! PM - Doyoung입니다. 오늘은 PM 주스로 유명한 독일 PM 회사에 대해 알아보려고... blog.naver.com https://blog.naver.com/PostView.naver?blogId=pm-doyoung&logNo=223596286842&parentCategoryNo=&categoryNo=&viewDate=&isShowPopularPosts=false&from=postView PM 회원가입 및 정품 확인하는 법 안녕하세요! PM - Doyoung입니다. 오늘은 독일PM 회원가입 및 정품 확인에 대해 알아보려 합니다. P... blog.naver.com https://blog.naver.com/PostView.naver?blogId=pm-doyoung&logNo=223591178592&parentCategoryNo=&categoryNo=&viewDate=&isShowPopularPosts=false&from=postView 독일 PM 주스 파워칵테일 효능과 성분 안녕하세요 여러분! PM - Doyoung입니다. 오늘은 PM 주스 파워칵테일 효능과 성분에 대해서 알아보고... blog.naver.com ​#다단계 #네트워크마케팅 #독일pm다단계 #독일pm네트워크마케팅 #pm다단계 #다단계와네트워크마케팅차이 #다단계에빠지는이유 #다단계가나쁜이유 #다단계사기 #다단계회사순위",,010-2011-9898,20414088,0,3,"#NTC, #NTC공법, #PM, #PM안정성, #PM주스, #PM쥬스, #PM회사, #PTC, #pm다단계, #pm사업, #pm회원가입, #네트워크마케팅, #다단계, #다단계가나쁜이유, #다단계사기, #다단계에빠지는이유, #다단계와네트워크마케팅차이, #다단계회사순위, #독일pm, #독일pm네트워크마케팅, #독일pm다단계, #독일pm사업","https://blogimgs.pstatic.net/nblog/mylog/post/btn_confirm.gif, https://ssl.pstatic.net/static/blog/profile/img_profile_preset_07.png, https://ssl.pstatic.net/static/blog/profile/img_profile_preset_01.png, https://ssl.pstatic.net/static/blog/img_ani_blogid2.gif, https://storep-phinf.pstatic.net/cafe_001/original_3.gif?type=pa50_50, https://dthumb-phinf.pstatic.net/?src=%22https%3A%2F%2Fblogthumb.pstatic.net%2FMjAyNDA5MjVfNTkg%2FMDAxNzI3MjUzNDU5NTcw.HOW2ahOjTQh3gYD4bjgShnXy-p7zuyvpAEmesJvdtA4g.Lb7Et_3ffkF_RKeWWxhMcHX9hEmZKVNzaB0ZHEl6lcIg.PNG%2FPM_%25C8%25B8%25BF%25F8%25B0%25A1%25C0%25D4_%25B9%25D7_%25C1%25A4%25C7%25B0_%25C8%25AE%25C0%25CE%25C7%25CF%25B4%25C2_%25B9%25FD.png%3Ftype%3Dw2%22&type=ff120, https://ssl.pstatic.net/static/blog/profile/img_profile_preset_08.png, https://blogimgs.pstatic.net/nblog/quickeditor/btn_qk_set.gif, https://dthumb-phinf.pstatic.net/?src=%22https%3A%2F%2Fblogthumb.pstatic.net%2FMjAyNDA5MTlfMjY0%2FMDAxNzI2NzMyOTkzNzM3.5L7W81ucEOBAIfdJiBcjVjxwJUy0lMx7CLR3Rehz_ikg.48-_Ldl8B5MlhMM5xTOIi6kszYWa3a3AKta0d-f5fhog.PNG%2F%25B5%25B6%25C0%25CFPM%25C8%25B8%25BB%25E7%25B0%25A1_%25B4%25EB%25C3%25BC_%25BE%25EE%25B6%25B0%25C7%25D1_%25C8%25B8%25BB%25E7%25B1%25E6%25B7%25A1_%25C7%25EC%25B4%25F5.png%3Ftype%3Dw2%22&type=ff120, https://dthumb-phinf.pstatic.net/?src=%22https%3A%2F%2Fblogthumb.pstatic.net%2FMjAyNDA5MjFfMjYx%2FMDAxNzI2ODk4ODEzOTAx.WzNZR3pmY0PE8zfJprs9Zcq5Z0Z7xoeB2TvfJbi1Bvkg.tucEBWTjufAuwgz0Yubb8u9G0wmE05g60G33MDfe7c8g.PNG%2F%25C7%25EC%25B4%25F5_%25C0%25CC%25B9%25CC%25C1%25F6.png%3Ftype%3Dw2%22&type=ff120",,2025-11-07 15:24:53
naver_blog,223926121819,kaky1130,https://blog.naver.com/kaky1130/223926121819,[공지] 나의 세포를 지켜주는 건강쥬스 독일 PM-International 3종 세트(PM주스),"피엠인터내셔널 독일 직접판매 업체, 건강기능식품, 화장품, 단백질 보충용 식품 등 판매 www.pmi-korea.com 가입 코드번호 21334523010-2114-3387​ PM주스는 독일에서 개발된 고품질 건강보조식품으로써 흡수율을 높인 특허받은 “Nutrient Transport Concept” 적용하여 균형 잡힌 영양 공급으로 체력 증진 및 일상 활력 증대 목표로 개발한 제품입니다. 1. PM-International FitLine Activize Oxyplus (액티바이즈)주로 에너지 활성화와 집중력 향상에 도움을 주는 음료형 보충제카페인과 다양한 비타민, 미네랄 함유산소 공급과 세포 활성화를 촉진하는 역할을 해주는 액티바이즈 2.PM-International FitLine Restorate (레스토레이트)미네랄과 영양소 보충을 통해 피로 회복 및 근육 기능 개선 지원수면의 질 개선에 도움을 줄 수 있음칼슘, 마그네슘, 아연 등 함유 3.PM-International FitLine PowerCocktail (파워칵테일)비타민과 미네랄, 식물 추출물이 포함된 종합 영양제면역력 강화, 건강 유지에 기여비타민 C, D, 아연, 철분 등 필수 영양소 함유​주요 특징독일에서 개발된 고품질 건강보조식품흡수율을 높인 특허받은 “Nutrient Transport Concept” 적용균형 잡힌 영양 공급으로 체력 증진 및 일상 활력 증대 목표​​◆영양소 균형 제공다양한 과일과 식물성 원료가 조합되어 비타민, 미네랄, 항산화 물질 등 필수 영양소를 고루 섭취할 수 있어요.일상 식사로 부족할 수 있는 영양을 보충해줍니다.◆피로 회복 및 에너지 증진신체 에너지 대사를 돕는 비타민 B군과 천연 당분이 포함되어 있어, 피로감을 줄이고 활력을 높여줍니다.운동 전후 또는 바쁜 일상 중에도 쉽게 마실 수 있어 효과적입니다.◆면역력 강화비타민 C, 항산화제 성분이 면역 체계를 강화해 감염 예방에 도움을 줍니다.지속적인 섭취로 건강 유지에 기여합니다.◆소화와 장 건강 지원식물성 섬유소가 함유되어 장내 환경 개선에 도움을 주고, 소화기능을 촉진할 수 있습니다.자연 유래 성분으로 부담 없이 마실 수 있어요.◆자연 원료 사용과 맛의 조화인공 첨가물이 적거나 없는 자연 성분으로 만들어져 건강에 부담이 적습니다.과일 본연의 맛과 향을 살려 마시기 쉽고 맛있어요. ​※PM3종 세트 주요기능과 특징 제품명 주요 기능 특징 파워칵테일 활력 증진, 면역력 강화 과일과 채소 추출물, 비타민, 식이섬유 함유 액티바이즈 에너지 생성, 집중력 향상 비타민 B군, 구아라나, 카페인 성분 포함 레스토레이트 회복 지원, 뼈 건강 칼슘, 마그네슘, 아연 등 미네랄 공급 ※PM 주스의 장점흡수율이 높음 (NTC 기술로 영양소 전달 최적화)비타민, 미네랄, 항산화 물질이 균형 있게 포함간편한 섭취 (물에 타서 음용)글루텐 프리, 인공 색소 무첨가 (제품에 따라 다름)​※PM 주스의 단점 가격이 일반 건강기능식품에 비해 상대적으로 고가 네트워크 마케팅 방식이라 구매 방식이 부담스러울 수 있음(오토맴버쉽 가입으로 가격부담을 줄여줍니다.)​개인 체질에 따라 효과 체감 차이가 있음일부 제품은 카페인이 있어 민감한 사람은 주의 필요 (천연카페인 성분이라 건강에 헤롭지 않습니다.)가입 코드번호 21334523​010-2114-3387​​https://m.blog.naver.com/kaky1130/223923842875 독일 PM(프리미엄) 건강주스 체험 010-2114-3387 “PM 주스”는 PM-International이라는 독일 건강기능식품 회사에서 판매하는 건강 보... m.blog.naver.com ​#독일#PM쥬스#건강식품#pm3종셋트#체질개선#액티바저#파워칵테일#레스토레이트#오토맴버십#건강보조식품#천연건강보조식품#피로회복#면역력강화",,010-2114-3387,21334523,3,1,"#PM쥬스, #pm3종셋트, #건강보조식품, #건강식품, #독일, #레스토레이트, #면역력강화, #액티바저, #오토맴버십, #천연건강보조식품, #체질개선, #태그, #파워칵테일, #피로회복","https://blogimgs.pstatic.net/nblog/mylog/post/btn_confirm.gif, https://blogpfthumb-phinf.pstatic.net/MjAyMjEyMTJfNzMg/MDAxNjcwODI4NzMzNDM1.LNxcW7OhWiaDF_bZhkSIr3ziz6CbOYw23AHO9Jsk6zkg.bMHt7AafAtT9oKjpMEzpAISg5Y51pF1Y-ZTNvdXuOk0g.JPEG.kaky1130/KakaoTalk_20221212_160500684.jpg/KakaoTalk_20221212_160500684.jpg, https://ssl.pstatic.net/static/blog/profile/img_profile_preset_07.png, https://ssl.pstatic.net/static/blog/profile/img_profile_preset_01.png, https://ssl.pstatic.net/static/blog/img_ani_blogid2.gif, https://ssl.pstatic.net/static/blog/profile/img_profile_preset_08.png, https://blogimgs.pstatic.net/nblog/quickeditor/btn_qk_set.gif, https://postfiles.pstatic.net/MjAyNTA3MTBfMzMg/MDAxNzUyMTE0NjMxNjEy.TwsUaHvuLAvqUzdATOAFBs54wBcJBL7wWWvrd0gtwb8g.lKjHX5leogiSBQtMrvsEAQ3GwgGFGFuBNKBiKV7S6jkg.JPEG/900%EF%BC%BF20250710%EF%BC%BF095142.jpg, https://postfiles.pstatic.net/MjAyNTA3MTBfMjI2/MDAxNzUyMTE2MzQ1ODU0.SBPfOP_jrIHU-Ql4heI2urGuKrPJzy9oz0BT6uJoz6cg.V9hQeBU5aN0X1AWg4mELxlAO-vz748KgPOVmZKAFWE4g.JPEG/900%EF%BC%BF20250710%EF%BC%BF095100.jpg, https://blogimgs.pstatic.net/nblog/mylog/post/btn_close5.gif",,2025-11-07 15:25:01
naver_blog,223356609639,bujagolf,https://blog.naver.com/bujagolf/223356609639,2023년 한해를 정리하는 피엠인터내셔널 PM international,"인천에서 개최된 킥오프 행사에서 본 2023년 피엠인터내셔널 공식영상을 글로 기록해봅니다.​ 성장 먼저 2022년 매출 25억 5천만불 달성(3조 4천억원, 2024년 2월 17일 현재 환율기준)​피엠은 직접판매기업중에 가장 큰 성장을 보여주는 대표적인 회사입니다.2023년에는 30억불로 한화로 약 4조원의 매출을 기록하였습니다.​한편 한국은 약 5%의 매출성장률을 보여주었습니다. 매년 4월 DSN(Direct Selling News)에서 전세계 직접판매기업 100곳을 대상으로 매출 순위를 공개합니다. 피엠인터내셔널의 경우 3년 연속 세계 매출 성장 1위에 선정되어 브라보 인터내셔널 성장상을 수상하게 됩니다. ​한편 피엠의 CEO이신 롤프소르그 회장님은 올해의 CEO로 선정되어 겹경사를 맞이한 PM international이었습니다. 세계에서 영향력 있는 CEO 1위에도 선정된 적이 있고, 사업자의 입장에서 창립자이자 CEO인 롤프소르그 회장의 한결같은 정책과 사회환원, 사업자를 챙기는 마음에 고마운 마음을 느낄때가 아주 많습니다. 또한 철학이 기반이 되는 연설, 영상을 통해서 많은 동기부여를 받고 있습니다.​다음은 여러번 봐도 울컥하는 피엠인터내셔널의 창립 목적과 비전에 대한 영상입니다. ​ 2026년까지 세계매출 5위,그리고 매출목표는 50억달러입니다.​한국지사인 피엠코리아는 3년내 1조 매출 달성을 목표로 하고 있습니다. 피엠의 경우 한번 오픈한 지사를 없애거나 정리한 적이 단 한번도 없습니다. 현재 약 50여개국에 지사를 두고 있습니다. 사업자의 입장에서 지사가 정리되면 아주 큰 타격을 받게 됩니다.​뉴질랜드와 모로코, 체코 지사가 새롭게 오픈하였습니다. 뉴질랜드에는 PT직급이 당시에 가장 높은 직급이라고 하였습니다.​모로코는 개인적으로 사람들의 성향이 아주 선하고, 아프리카 대륙에 있지만 유럽의 느낌이 아주 강하게 드는 국가였습니다. 한국인에 호감을 내비춰주어 외국인으로써 1년 반정도 지내면서 아주 호감이었던 국가입니다.​체코는 동유럽의 경계에 위치한 국가입니다.​​​ 지속가능경영 / 친환경 / 사회환원 성장에만 촛점을 맞추지 않습니다.지속가능한 제품, 환경에 영향을 최소화하려는 노력, 자연은 보존하며 지구를 아끼는 마음은 재활용가능한 용기로의 전환으로 이어집니다. ​프로쉐이프, 뷰티, 액티바이즈를 포함하는 원통 형태의 용기 바닥면을 알루미늄에서 종이로 모두 전환하였습니다. 따라서 재활용을 위해서 바닥면을 가위로 잘라내야 하는 번거로움도 사라지고 깨끗히 물로 씻어내어 재활용하면 되겠습니다.​​ 성장과 환경 그리고 지구공동체로부터 발생한 이익을 다시 사회에 환원하겠다는 원대한 계획으로 피엠은 2023년 6000명의 아이들을 단발성이 아닌 지속적으로 후원하고 있습니다. 이후의 만명의 아이들은 지속적으로 후원하겠다는 계획을 수립하였습니다.​​ 한화로 약 40억원, 그리고 우크라이나-러시아 전쟁에도 우크라이나에 즉각적으로 에너지바를 포함하여, 백만유로를 기부한 적이 있습니다. 저도 작지만 동참했던 '아이들에게 한시간을 선물하는' 기부티셔츠 ​​​ 신제품 출시 피트니스드링크, 맨페이스 운동시 필요한 포도당, 에너지원 합성에 도움을 주는 성분 그리고 비타민B군 항산화성분이 포함되어 있습니다. 운동 전/중/후 시간당 1포씩 물 500ml와 함께 섭취하시면 되겠습니다. 이번에 한국에 출시된 맨페이스 제품!2일만 발랐을 뿐인데, 아이, 아내, 저 세 명의 피부톤이 정리되고 있어요.자연유래성분이 96%, 남자들이 좋아하는 All in one 기능까지 꾸준히 사용하고 후기 남겨보겠습니다. ​ 여행 / 행사 / 인증식 3월에는 셰이셀 섬을 통째로 빌려서 월드투어를 진행하기도 하였습니다.개인적으로 가장 가고싶은 여행이 바로 월드투어입니다. 피엠 기준 VP직급을 달성하면 월드투어에 초대받게 됩니다.​피엠은 여행사인가요?일년간 전세계에서 다양한 행사와 여행을 진행한 피엠 어떤 곳에서 어떤 일들이 있었을까요? 피엠은 30년된 유럽 독일의 직접판매기업입니다. 한국지사가 설립된지 만5년된 회사라 요즘에는 많이 인지도가 올라갔지만, 4조 세계매출과 5800억의 한국 매출을 보면 깜짝 놀라십니다. 피엠 제품을 1년에 이용하는 인원만 70만명에 블랙마켓까지 합하면 백만은 될 것 같아요. 피엠에서는 공식적으로 3번의 PT인증식이 있으며 달성한 시점에 따라 다양한 나라에서 여행과 함께 인증식 행사에참여 할 수 있습니다. 1년 행사중에 가장 큰 행사중의 하나 내셔널 콩그레스입니다. 올해는 특별한 롤프소르그 회장님의 60세 생일기념으로 특별한 여행과 인증식을 라스베가스에서 진행했습니다. 매출 규모가 늘어남에 있어서 독일본사, 싱가폴지사, 호주지사 등 다양한 곳에서 2번째 건물을 개관 및 준비중에 있습니다.​​ 수상 FITLINE 최고의 건강기능식품 브랜드 6연속 수상건강과 뷰티에만 집중하고 있는 기업이 바로 피엠인터내셔널입니다. 최근 ESG경영을 통해서 지속가능한 도덕적 기업이 높은 평가를 받고 있는데요, 피엠인터내셔널은 1867년 설립된 독일직접판매협회인 BDD가 수요하는 지속가능 기업상을 수상하였습니다.​​ 신기술 / 업데이트 제품도 끊임없는 연구를 통홰 업그레이드 하지만 사업도구로 활용되는 싸이트 및 PMTV, 어플 등을 통해서 일에 좀 더 활용할 수 있는 것들을 더 편리하게 구축하고 개발중에 있습니다. 싸이트 메뉴 개정을 통해서 사업하기 편하도록 구성하여주었고, 피트라인 어플을 통해서 사용자의 다양한 후기가 모이고 있습니다. fitline - Android Apps on Google Play Enjoy millions of the latest Android apps, games, music, movies, TV, books, magazines & more. Anytime, anywhere, across your devices. play.google.com -> 구글플레이스토어 링크(안드로이드) ‎FitLine PM-International ‎개인 포켓 코치인 FitLine 앱으로 웰빙 목표를 달성하고 지속적인 습관을 기르세요. FitLine 앱에 오신 것을 환영합니다 - 습관을 기르고, 진행 상황을 기록하고, 매일 동기 부여를 유지하기 위한 최고의 동반자입니다. FitLine 앱은 사용자의 고유한 요구 사항에 맞는 완벽한 웰빙 경험을 제공합니다. 일일 알림, 진행 상황 추적 및 노력에 대한 인센티브를 통해 책임을 지십시오. FitLine 앱으로 계획을 쉽게 수정하고 진행 상황을 모니터링하여 계획대로 진행하고 정확한 결과를 얻을 수 있습니다. 웰빙 여정에 접근하는 방… apps.apple.com -> 앱스토어 링크(애플)​이상으로 글을 마칩니다.​멋진 회사에서 재미있게 사업하고자 하시는 분건강수명을 백세를 넘어 120세까지 연장하시고 싶으신 분댓글 바랍니다.♡",,,,4,4,"#피엠뉴스, #피엠인터내셔널, #피엠코리아","https://ssl.pstatic.net/static/blog/profile/img_profile_preset_07.png, https://blogimgs.pstatic.net/nblog/mylog/post/btn_close5.gif, https://ssl.pstatic.net/static/blog/profile/img_profile_preset_06.png, https://dthumb-phinf.pstatic.net/?src=%22https%3A%2F%2Fplay-lh.googleusercontent.com%2FpRv6-MDcOmAo24GoE8-h1erQKLiQvtxPj3f2jLaKgL2Tz2fVO8oRhTm-915jG0mshA%3Dw526-h296%22&type=ff250_444, https://blogimgs.pstatic.net/nblog/mylog/post/btn_viewexif.gif, https://blogpfthumb-phinf.pstatic.net/MjAyNDEwMjlfMjg3/MDAxNzMwMTk4ODQ3Nzk5.qAyBA4jvsjP3EaHcwwXtgCyapMmRg4Zd2tL5_ronasMg.yYXAlUZqFA1sFrUUs8LDYiWLFAj0wDNjbfN2Xmmbo0Eg.JPEG/profileImage.jpg, https://postfiles.pstatic.net/MjAyNDAyMTdfMTQx/MDAxNzA4MTUyNjkzNDg0.cTQZ5HAiXagKNcU_6nF-jKCczm-VevT7VP8N8RuGsAQg.Limz83dEDUu1YBmk2Wc5iPVhBzR3LHlmPd8Mfiz2--Ug.JPEG.jknightv/Screenshot%EF%BC%BF20240217%EF%BC%BF153829%EF%BC%BFYouTube.jpg_blur, https://blogimgs.pstatic.net/static/common/popup/btn_close3.gif, https://blogimgs.pstatic.net/imgs/btn_cancel_pop2.gif, https://blogimgs.pstatic.net/nblog/book/publishingcompany/btn_close.gif","https://www.youtube.com/embed/vj5djvRqipA?feature=oembed, https://www.youtube.com/embed/UA3-ofLxdGc?feature=oembed, https://www.youtube.com/embed/MGoWacG2IDU?feature=oembed, https://www.youtube.com/embed/IadBPp-a3Dc?feature=oembed",2025-11-07 15:25:11
naver_blog,224028884597,jkjkidsschool,https://blog.naver.com/jkjkidsschool/224028884597,🌟 PM-International 더드림그룹 성공 시스템 & 가맹점 안내 🌟,"​안녕하세요, 작은거인 정경자입니다 💕오늘은 많은 분들이 궁금해하시는PM-International 더드림그룹 비즈니스와가맹점 문의 방법을 소개하려고 합니다. 🌳🌳우종철원장님의 리더스쿨 수강 2025년 10월 1일 101명의 교육생과 함께 ~~~🌳🌳 ​🌱 네트워크 비즈니스, 나무의 성장 원리​오늘 세계적인 동기부여가 우종철 원장님께서리더스쿨에서 들려주신 강의 주제는“나무의 뿌리, 새싹, 줄기, 열매” 였습니다. 🍀​네트워크 비즈니스를 나무의 성장에 비유해주셨는데,정말 이해가 쉽고 마음에 깊이 와 닿았습니다.​🌱 뿌리 = 프로스펙팅고객을 찾고 관계를 맺는 과정이 곧 뿌리 역할을 한다는 것.보이지 않지만 가장 중요한 시작이라는 점을 깨달았습니다.🌱 새싹 = 리쿠르팅제품의 효과와 사회적 기여를 전달하는 것이 새싹처럼 피어나는 과정.진심 어린 공유가 곧 성장의 출발이 된다는 말씀에 공감했습니다.🌳 줄기 = 스폰서링조직을 관리하고 체계적인 관리를 하는 것이 줄기와 같아,흔들림 없이 중심을 잡아주는 역할이라는 것을 다시 느꼈습니다.🍎 열매와 잎 = 트레이닝교육 시스템과 그룹 문화를 형성하는 과정이결국 풍성한 열매와 잎으로 드러난다는 것.​오늘 강의는 단순한 이론이 아니라,비즈니스와 삶을 바라보는 원리를 다시 정리해준 시간이었습니다.​저 역시 뿌리부터 열매까지 흔들림 없는 나무로 성장할 수 있도록꾸준히 배우고 실천해야겠다는 다짐을 하게 되었습니다. 🌸​#리더스쿨 #우종철원장님 #더드림그룹 #PM인터내셔널 #네트워크비즈니스 #성장스토리 💎 PM-International이 신뢰받는 이유​PM-International은 단순한 건강기능식품 회사가 아닙니다.의학과학자들의 연구를 바탕으로 세계적으로 검증된 기업입니다.🔬 NTC 공법✅ 도핑프리 인증 독일 TUV 품질 검사이 세 가지는 PM-International이 전 세계 고객들과 파트너들에게신뢰받는 이유입니다. 📦 제품 구매 & 가맹점 안내🧡 PM-International 공식 홈페이지👉 https://www.pm-international.com🧡 추천인번호: 21113359​​📦 매일 쓰는 생활템 구매하기👉 https://link.coupang.com/re/AF5246734💡 24시간 내 어떤 제품이든 구매하시면저에게 소정의 수익이 제공되어콘텐츠 제작에 큰 힘이 됩니다. 감사합니다 🙏 💼 가맹점 창업 & 사업 상담​“나도 시작할 수 있을까?” 고민되시나요?더드림그룹 시스템은 누구나 쉽게 배우고 실행할 수 있도록교육과 훈련이 준비되어 있습니다.👉 제품 문의 · 가맹점 상담은 댓글 또는 DM으로 남겨주세요.제가 직접 1:1로 친절히 안내드리겠습니다. PM-International & 더드림그룹은건강과 경제적 자유를 동시에 추구하는 최고의 비즈니스 모델입니다.작은 도전이 큰 기회로 이어질 수 있습니다. 🚀​#PM인터내셔널 #더드림그룹 #가맹점문의 #창업상담 #작은거인정경자#부업추천 #사업성공 #네트워크비즈니스 #성공스토리",,,21113359,2,0,"#PM인터내셔널, #가맹점문의, #네트워크비즈니스, #더드림그룹, #리더스쿨, #부업추천, #사업성공, #성공스토리, #성장스토리, #우종철원장님, #작은거인정경자, #창업상담, #태그","https://blogimgs.pstatic.net/nblog/mylog/post/btn_confirm.gif, https://ssl.pstatic.net/static/blog/profile/img_profile_preset_07.png, https://ssl.pstatic.net/static/blog/profile/img_profile_preset_01.png, https://ssl.pstatic.net/static/blog/img_ani_blogid2.gif, https://ssl.pstatic.net/static/blog/profile/img_profile_preset_08.png, https://blogimgs.pstatic.net/nblog/quickeditor/btn_qk_set.gif, https://blogimgs.pstatic.net/nblog/mylog/post/btn_close5.gif, https://blogimgs.pstatic.net/nblog/mylog/post/btn_download2.gif, https://ssl.pstatic.net/static/common/btn/btn_confirm2.gif, https://blogimgs.pstatic.net/nblog/spc.gif",,2025-11-07 15:25:20
naver_blog,223970565645,kcw2111,https://blog.naver.com/kcw2111/223970565645,PM International : 건강과 웰빙을 선도하는 글로벌 리더,"안녕하세요! 오늘은 건강과 웰빙 분야에서 글로벌 선두주자로 자리 잡고 있는 PM International에 대해 소개해드리려고 합니다.독일pm쥬스 추천인번호 : 21376834 글로벌 네트워크와 신뢰를 바탕으로 한 혁신적인 제품PM International은 1995년 독일에서 설립된 이후, 건강 증진과 라이프스타일 향상을 위한 혁신적인 제품을 개발하고 있습니다. 한국을 비롯한 전 세계 여러 나라에서 신뢰받는 브랜드로 자리매김하며, 고객들의 건강한 삶을 지원하는 다양한 제품을 선보이고 있습니다.​PM International은 건강한 삶을 위한 최상의 제품을 제공하는 것을 사명으로 삼고 있습니다. 첨단 과학과 자연의 조화를 이루어 개발된 제품들은 고객의 삶의 질을 높이고, 건강한 라이프스타일을 지원하는 데 초점을 맞추고 있습니다. 회사는 지속적인 연구개발과 엄격한 품질관리로 고객 만족도를 높이고 있으며, 글로벌 네트워크를 통해 전 세계 40여 개국에서 활발히 활동하고 있습니다.​과학과 연구를 바탕으로 한 품질 보장PM International은 최신 과학기술과 엄격한 품질 관리 시스템을 통해 제품의 안전성과 효과를 보장합니다. 첨단 과학과 자연의 조화를 이루어 개발된 제품들은 고객의 삶의 질을 높이고, 건강한 라이프스타일을 지원하는 데 초점을 맞추고 있습니다. 특히, 영양제, 건강보조식품, 피부관리 제품 등 다양한 분야에서 고객의 니즈에 부응하는 제품을 지속적으로 개발하고 있습니다.​회원 중심의 비즈니스 모델PM International Korea는 고객뿐만 아니라, 비즈니스 파트너와의 상생을 중요시합니다. 회원들이 건강한 라이프스타일을 유지하면서 동시에 수익 창출도 가능하도록 지원하는 비즈니스 모델을 운영하고 있습니다. 이를 통해 많은 사람들이 건강과 경제적 자유를 동시에 누릴 수 있도록 돕고 있습니다.​지속 가능한 성장과 사회적 책임PM International은 기업의 사회적 책임을 매우 중요하게 여기며, 다양한 자선사업과 사회공헌 활동을 펼치고 있습니다. 특히, 건강과 교육 분야에서의 지원을 통해 지역사회와 함께 성장하는 기업이 되기 위해 노력하고 있습니다. 예를 들어, 저소득층 어린이와 청소년을 위한 교육 지원 프로그램, 건강 증진 캠페인 등을 통해 사회에 긍정적인 영향을 미치고 있습니다.​회사는 지속 가능한 성장을 목표로 하며, 사회적 책임을 다하는 기업으로서 다양한 사회공헌 활동도 펼치고 있습니다. 건강한 사회를 만들기 위한 노력은 물론, 환경 보호에도 힘쓰고 있습니다.​미래를 향한 비전PM International은 앞으로도 혁신과 고객 중심의 서비스를 통해 글로벌 건강·웰빙 시장에서 선도적인 위치를 유지할 계획입니다. 여러분의 건강한 삶을 위한 든든한 파트너, 바로 PM International입니다. 건강과 웰빙을 위한 최고의 솔루션을 제공하는 동시에, 사회적 책임을 다하는 기업으로서 앞으로도 지속적인 발전을 약속드립니다. ​건강한 삶을 꿈꾸는 모든 이들에게 희망과 기회를 제공하는 기업, 바로 PM International입니다. 더 자세한 정보는 공식 홈페이지( https://www.pmi-korea.com/main.do )를 참고해주세요. 피엠인터내셔널 독일 직접판매 업체, 건강기능식품, 화장품, 단백질 보충용 식품 등 판매 www.pmi-korea.com 앞으로도 많은 관심과 성원 부탁드립니다. 독일 PM쥬스 추천인번호 : 21376834 ( 궁금한 내용 답변 드립니다 ) ​",,,21376834,0,0,"#pmi, #pm뜻, #pm인터내셔널, #pm주스, #pm주스3종, #pm주스먹는방법, #pm주스복용법, #pm주스액티바이즈, #pm쥬스, #pm쥬스먹는법, #pm쥬스성분, #pm쥬스액티바이즈, #pm쥬스효능, #건강기능식품, #네트워크마케팅, #리스토레이트, #액티바이즈, #액티바이즈가격, #액티바이즈효능, #파워칵테일","https://blogimgs.pstatic.net/nblog/mylog/post/btn_confirm.gif, https://ssl.pstatic.net/static/blog/profile/img_profile_preset_07.png, https://ssl.pstatic.net/static/blog/profile/img_profile_preset_01.png, https://ssl.pstatic.net/static/blog/img_ani_blogid2.gif, https://ssl.pstatic.net/static/blog/profile/img_profile_preset_08.png, https://blogimgs.pstatic.net/nblog/quickeditor/btn_qk_set.gif, https://blogimgs.pstatic.net/nblog/mylog/post/btn_close5.gif, https://blogimgs.pstatic.net/nblog/mylog/post/btn_download2.gif, https://ssl.pstatic.net/static/common/btn/btn_confirm2.gif, https://blogimgs.pstatic.net/nblog/spc.gif",,2025-11-07 15:25:31
naver_blog,224027263799,hsj1678ive,https://blog.naver.com/hsj1678ive/224027263799,"👉 PM-International과 함께 누리는 진짜 자유, 저와 가족의 이야기","안녕하세요 🙂저는 지금 가족 8명과 함께 PM-International 사업을 하고 있습니다.그리고 이 선택 덕분에 저는 이미 경제적 자유, 시간적 자유, 여행의 자유를 누리며꿈만 같았던 일이 현실이 된 삶을 살고 있습니다. 🌱 시작은 단순했습니다처음에는 단순히 좋은 제품을 경험하고 싶다는 마음이었습니다.건강을 위해 시작한 PM 제품은 곧 제 가족에게도 자연스럽게 전해졌고,저희 모두의 삶을 조금씩 바꿔주기 시작했습니다. 🥤 PM 제품이 주는 변화PM-International의 대표적인 FitLine 음료 제품들은우리 가족의 일상 속에 자연스럽게 자리 잡았습니다.PowerCocktail → 장 건강 & 면역력 강화Activize Oxyplus → 활력 & 에너지 충전Restorate → 균형 & 회복👉 PM 전제품은 **도핑프리 인증(Cologne List®)**을 통과해세계 올림픽 선수 1,000명 이상이 섭취하고 있다는 점에서,저와 제 가족이 안심하고 선택할 수 있었던 가장 큰 이유가 되었습니다. 🌍 건강을 나누다 보니 따라온 것들처음엔 가족끼리 건강을 챙기는 정도였지만,좋은 제품과 경험을 주변 사람들에게 “선물하듯” 전하다 보니그 과정에서 자연스럽게 기회와 보상이 따라왔습니다.경제적 자유시간적 자유여행과 자동차 보너스저와 가족이 체험한 건 단순한 ‘사업’이 아니라,삶의 질을 바꿔주는 진짜 자유였습니다. 🏅 성공의 비밀은 간단합니다PM 사업은 거창한 기술이나 특별한 배경이 필요한 일이 아닙니다.누구나 필요한 건강 아이템유행 없는 제품력글로벌 확장성이 세 가지가 있기 때문에,저처럼 평범한 사람도 가족과 함께 성공을 나눌 수 있는 길이 열려 있었습니다. 🔗 더 알아보기👉 PM 제품이 단순한 건강보조식품을 넘어어떻게 삶의 균형과 자유를 만들어가는지 궁금하시다면➡️ [PM 주스: 건강부터 자유까지, 모두가 필요한 선택] 글도 함께 참고해보세요. 👉 PM 주스: 건강부터 자유까지, 모두가 필요한 선택 안녕하세요 🙂 오늘은 많은 분들이 관심을 가지시는 **PM-International의 FitLine 음료 제품, 일명... blog.naver.com 🤝 상담 & 문의저와 제 가족이 경험한 자유로운 삶,여러분도 충분히 누리실 수 있습니다.👉 지금 바로 오픈채팅으로 문의주세요.[오픈채팅 상담 바로가기] 독일PM 한성주PPT님의 오픈프로필 open.kakao.com ✨ 마무리PM-International은 단순한 사업이 아닙니다.건강을 찾고 → 경험을 나누고 → 자유를 얻게 되는 과정이 바로 이 사업의 진짜 가치입니다.저와 저희 가족이 이미 경험했듯,여러분께도 이 길은 열려 있습니다.​ 피엠인터내셔널 독일 직접판매 업체, 건강기능식품, 화장품, 단백질 보충용 식품 등 판매 m.pmi-korea.com",,,,2,4,"#FitLine, #PM, #PMInternational, #PM상담, #PowerCocktail, #건강보조식품, #경제적자유, #글로벌사업, #부업, #시간적자유, #여행의자유, #추천인코드, #태그, #파워칵테일, #피엠인터내셔널, #피엠인터네셔널, #핏트라인","https://blogimgs.pstatic.net/nblog/mylog/post/btn_confirm.gif, https://ssl.pstatic.net/static/blog/profile/img_profile_preset_07.png, https://ssl.pstatic.net/static/blog/profile/img_profile_preset_01.png, https://ssl.pstatic.net/static/blog/img_ani_blogid2.gif, https://ssl.pstatic.net/static/blog/profile/img_profile_preset_08.png, https://blogimgs.pstatic.net/nblog/quickeditor/btn_qk_set.gif, https://blogimgs.pstatic.net/nblog/mylog/post/btn_close5.gif, https://blogimgs.pstatic.net/nblog/mylog/post/btn_download2.gif, https://ssl.pstatic.net/static/common/btn/btn_confirm2.gif, https://blogimgs.pstatic.net/nblog/spc.gif",,2025-11-07 15:25:39
naver_blog,223842089205,sunwoo2689,https://blog.naver.com/sunwoo2689/223842089205,인성교육·평생교육 전문가│PM-International 건강코치],"​[남예은 강사 프로필│인성교육·평생교육 전문가│PM-International 건강코치]​> 안녕하세요.사람의 마음을 이해하고, 삶의 방향을 제시하는 사람,강사 남예은입니다.​​​■ 주요 약력​전 대성학원 강사​전 (사)한국상담교육원 협회장​전 국제평생교육개발원 교수​전 (사)국제레크리에이션협회 교수​1992년 한국학원총연합회 모범강사 표창​전국 수학경시대회 지도상 수상​국제테크리더에이션 최고지도자 교수​KCCA 커뮤니케이션코칭협회 회장​대한생활체육회 파크골프협회 이사​​■ 활동 분야​청소년 인성교육, 부모코칭​감성 코칭 및 자기주도 학습​다문화 가정 대상 교육, 고등학생 진로상담​건강기능식품 PM-International 전문강의​디톡스, 면역강화, 체질개선 프로그램 운영​​■ 공식 연락처​전화: 010-3354-5587​이메일: sunwoo2689@naver.com​​■ 현재 활동​독일 프리미엄 건강기능식품 PM-International 공식파트너​건강·체질·디톡스 코칭 및 팀육성 리더십 교육 운영 중​​> 삶을 변화시키는 강의, 사람을 살리는 교육강사 남예은입니다. 감사합니다.​#태그: 남예은, 강사, 인성교육, PM인터내셔널, 건강기능식품, 상담강의, 부모교육, 리더십강의",,010-3354-5587,,0,0,#태그,"https://blogimgs.pstatic.net/nblog/mylog/post/btn_confirm.gif, https://ssl.pstatic.net/static/blog/profile/img_profile_preset_07.png, https://ssl.pstatic.net/static/blog/profile/img_profile_preset_01.png, https://ssl.pstatic.net/static/blog/img_ani_blogid2.gif, https://blogpfthumb-phinf.pstatic.net/20131017_78/sunwoo2689_1382001366433BWJCs_PNG/프로필.png, https://blogimgs.pstatic.net/imgs/btn_confirm.gif, https://ssl.pstatic.net/static/blog/profile/img_profile_preset_08.png, https://blogimgs.pstatic.net/nblog/quickeditor/btn_qk_set.gif, https://blogimgs.pstatic.net/nblog/mylog/post/btn_close5.gif, https://blogimgs.pstatic.net/nblog/mylog/post/btn_download2.gif",,2025-11-07 15:25:47
naver_blog,223955949881,lgm309,https://blog.naver.com/lgm309/223955949881,Forbes: 솅겐에서 세계로: 롤프 소르그와 PM-International의 부상,"PM-International의 창립자인 롤프 소르그는 대담한 비전과 기업가적 의지를 바탕으로 어떻게 32억 5천만 달러 규모의 글로벌 건강 브랜드를 탄생시켰는지 공유하며, 룩셈부르크가 회사 성공의 전략적, 개인적 초석이 되었다고 말했습니다.나탈리 A. 게르하르트슈타인 2025년 4월 11일​1993년에 설립된 PM-International은 현재 6개 대륙에 45개 이상의 자회사를 두고 있으며, 앞으로도 더욱 성장할 예정입니다. CEO 겸 설립자인 롤프 소르그가 회사의 여정과 룩셈부르크에 본사를 설립한 것이 그 과정에서 왜 중요했는지에 대해 이야기합니다. ​1993년에 저축하신 돈으로 PM-International을 시작하셨는데, 당시 얼마나 두려우셨습니까?저축한 돈을 모두 새로운 것에 투자하다 보니 밤잠을 설친 적도 많았습니다. 저는 사업가 집안에서 자랐습니다. 할아버지는 통조림 공장을 운영하셨고, 아버지는 컨베이어 벨트를 만드는 회사를 운영하셨습니다. 부모님의 발자취를 따라야 한다는 기대가 항상 있었습니다. [대학] 입학을 기다리는 동안 자동차 정비사 교육을 받았습니다. 쉬지 않고 일했고, 저녁에도 가족과 친구들의 차를 수리하며 용돈을 벌었습니다. 산업공학을 공부하기 시작하면서 생활이 어려워졌고, 부수입이 필요했습니다. 그렇게 직접 판매를 알게 되었습니다.저는 한 걸음씩 나아가 정규직 유통업체로 성장했습니다. 그런데 함께 일했던 회사가 오너의 잘못된 경영 결정으로 문을 닫게 되자, 저는 선택을 해야 했습니다. 1993년에 저는 PM-International을 설립했습니다 . 당시에는 압박감이 있었습니다. 저희 가족은 전통적인 사업에 익숙했고, 저는 그들에게는 생소한 산업에 모든 것을 걸고 뛰어들었습니다. 게다가 90년대만 해도 독일에서는 프리미엄급 영양 보충제라는 것이 거의 알려지지 않았습니다. 하지만 저는 잠재력을 보았습니다. 아직 시장이 형성되지 않았더라도 영양이 더 나은 삶의 질을 지원할 수 있다는 것을 알고 있었습니다.제 목표는 분명했습니다. 윤리와 가치를 기반으로 지속 가능한 사업을 구축하는 동시에, 제게 주어진 기회를 다른 사람들에게도 제공하는 것이었습니다. 지금까지도 이 목표는 저를 끊임없이 앞으로 나아가게 합니다. ""저희 가족은 전통적인 사업 에 익숙했는데 , 저는 여기 있었습니다."" 오늘날 회사의 매출과 시장 규모에 대해 더 자세히 말씀해 주시겠습니까?2024년 PM-International Group의 연간 소매 매출은 32억 5천만 달러를 돌파했으며, FitLine 제품 판매 10억 개라는 이정표에 다가가고 있습니다. 명확한 비전과 현명한 재무 계획을 바탕으로 31년간 연속 성장을 달성했으며, 유통 파트너와 본사 직원들은 더욱 성장하고자 하는 강한 의지를 가지고 있습니다. 새로운 시장으로의 확장은 저희 성공에 중요한 역할을 했습니다. 초창기에는 해외 성장에 집중하여 유럽을 시작으로 아시아 태평양, 그리고 미주 지역으로 이어지는 글로벌 네트워크를 전략적으로 구축했습니다. 현재 6개 대륙에 걸쳐 45개 이상의 자회사를 운영하고 있습니다. 다음 단계로는 카자흐스탄과 루마니아에 새로운 지사를 설립하여 유럽 시장을 더욱 확장하고, 콜롬비아, 페루, 베트남, 중국 등의 시장에 진출하는 것입니다. 특히 다양한 시장에서 건강 보조 식품 및 화장품 분야를 운영하는 데 있어 특별한 어려움(예: 규제 환경)이 있습니까?흥미로운 질문이네요! 각 국가마다 자체적인 규칙과 규정이 있고, 특히 건강기능식품과 화장품 분야는 매우 제한적일 수 있습니다. 쉽지 않은 일이지만, 시간이 지나면서 우리는 이를 헤쳐나가는 법을 배웠습니다. 처음부터 저희는 항상 옳은 일을 하는 것을 중요하게 생각해 왔습니다. 프리미엄 시장에서 활동한다는 것은 고객 만족을 위한 품질에 대한 확고한 의지를 의미합니다. 항상 경쟁력을 유지하고 시대에 뒤처지지 않는 것이 저희의 과제입니다. 혁신이 핵심입니다. 신제품 개발, 독점적인 영양소 수송 개념(NTC®) 개선, 디지털 도구 도입 등 어떤 분야에서든 저희는 R&D 및 디지털 인프라에 수백만 달러를 투자하고 있습니다. 또한 룩셈부르크 과학기술연구소, 어퍼 오스트리아 응용과학대학교, 빈 공과대학교와 같은 연구 기관들과도 협력하고 있습니다.처음부터 저희는 시장 선도 전략에 집중했습니다. 틈새 시장과 핵심 역량을 찾아 누구보다 더 많은 노력을 기울이는 것이었습니다. 저희의 경우, '세포 수준까지 영양소를 어떻게 전달할 수 있을까?'라는 질문이 핵심이었습니다. 이는 저희의 지속적인 R&D의 기반이자, 업계 혁신을 선도하고자 하는 저희의 목표입니다.​2015년에 룩셈부르크에 정착하기로 결심하게 된 계기는 무엇이었나요? 그리고 특히 솅겐 지역에 정착하게 된 이유는 무엇인가요?사무실 창문에서 세 나라를 한눈에 볼 수 있는 곳은 흔치 않습니다. 솅겐은 국제적인 사업을 시작하기에 완벽한 거점입니다!농담은 제쳐두고: 저는 곧 글로벌 전략을 위해서는 국제적인 팀이 필요하다는 것을 깨달았습니다. 저와 제 가족은 1998년부터 룩셈부르크에 거주해 왔고, 시민권도 취득했습니다. 2015년에는 솅겐 지역에 국제 본사를 개설하기로 전략적 결정을 내렸습니다. 이는 우리의 국제적 입지를 굳건히 하겠다는 분명한 의지였습니다. 저에게 룩셈부르크는 유럽과 세계의 중심에 있는 완벽한 국제적 허브였고 앞으로도 그럴 것입니다. 170개국 이상에서 온 65만 명의 사람들과 국제 본사에는 35개 국적의 직원 140명 이상이 근무하고 있습니다. 전 세계 사람들이 이곳에 와서 함께 훌륭한 기회를 만들어냅니다. 룩셈부르크는 사회적, 정치적으로 매우 안정적이고, 범죄율이 낮아 살기 안전한 곳입니다. 현대적인 사회 기반 시설과 훌륭한 의료 및 보육 시스템을 갖추고 있으며, 높은 생활 수준과 교육 기회를 제공합니다. 룩셈부르크는 제 가족과 사업 계획 모두에 큰 변화를 가져왔습니다. 룩셈부르크 과학기술연구소 (LIST) 와의 협력은 PM-International에 있어 획기적인 변화 입니다."" 룩셈부르크는 PM-International의 국제적 성공에 어떤 역할을 했나요? 사업 측면에서, 룩셈부르크 과학기술원(LIST)과의 협력은 PM-International에 있어 획기적인 전환점입니다. 우리가 함께 진행한 연구는 매우 고무적이었고, 룩셈부르크가 전 세계적으로 FitLine 제품의 품질과 혁신을 향상시키는 데 중요한 역할을 하고 있다는 사실이 자랑스럽습니다.개인적으로 룩셈부르크의 삶의 질에 정말 감사하게 생각합니다. 맛있는 음식과 와인뿐만 아니라, 저도 그 음식들을 좋아하지만요! 아버지로서 저는 룩셈부르크의 사회 및 교육 시스템에 감사하게 생각합니다. 아들이 네 가지 언어를 능숙하게 구사하며 자라는 모습을 지켜봐 왔고, 그것이 앞으로 룩셈부르크 생활에 큰 도움이 될 거라고 확신합니다. 결국 아이들이 잘하는 모습을 보는 것만으로도 부모로서 바라는 전부라고 생각 합니다. 룩셈부르크가 제게 준 기회들에 감사하며 , 룩셈부르크에서 우리의 입지를 넓히고 일자리를 창출하며 지역 사회에 환원하는 데 계속 투자할 수 있어 기쁩니다.​귀사는 올해 Direct Selling News Global 100에서 6위를 차지했습니다. 회사 문화의 어떤 측면이 이러한 성과에 기여했다고 생각하십니까? Direct Selling News Global 100 목록에서 6위를 차지한 것과, 지난 몇 년 동안 4년 연속으로 업계에서 가장 빠르게 성장하는 국제 기업으로 인정받은 것은 우리가 정말 자랑스러워하는 일입니다. 저에게 항상 중요했던 한 가지는 저희 회사가 단순히 자사의 이익만을 위해 성장하는 것이 아니라, 사람들의 라이프스타일을 개선하는 데 기여한다는 것입니다. 유통 파트너들과의 관계는 저희 성공에 매우 중요합니다. 그들이 없었다면 PM-International도 없었을 것입니다. 저희는 신뢰, 존중, 그리고 지지가 넘치는 환경을 조성하기 위해 열심히 노력해 왔고, 그 결과는 매우 좋았습니다. 궁극적으로 진정한 리더십과 회사의 성공은 순탄한 시기에 만들어지는 것이 아니라 위기의 순간에 형성됩니다. 지난 몇 년간 우리 모두 이를 목격했고, 바로 그 점에서 우리는 두각을 나타냅니다. 끊임없이 변화하는 환경 속에서 아무리 큰 도전이더라도 끊임없이 해결책을 찾아낸 유통 파트너와 기업 팀이 자랑스럽습니다. “ 룩셈부르크 가 나에게 준 기회 에 감사합니다 ” 귀사는 직원들에게 풍성한 복리후생을 제공합니다. 이러한 복리후생에 대해 더 자세히 설명해 주시고, 직원 복지가 왜 중요한지에 대한 귀사의 견해를 말씀해 주시겠습니까?저희는 팀의 웰빙을 매우 중요하게 생각합니다. 웰빙이 저희 성공의 큰 부분을 차지하기 때문입니다. 그렇기에 저희는 개방적이고 협력적인 업무 환경을 제공합니다. 당사 직원들은 전 세계에서 일할 수 있는 기회와 연금 및 보너스 플랜, 자동차 프로그램, 무료 제품, 셰프가 직접 요리하는 월간 식사, 개인 트레이너, 체육관 이용 등의 특전을 갖춘 FitLine 라이프스타일을 누릴 수 있는 기회 등 훌륭한 혜택을 누립니다. 또한, 직원들의 출퇴근 시간을 줄여 워라밸(일과 삶의 균형)을 증진하기 위해 최선을 다하고 있습니다. 동시에, 룩셈부르크의 주택 시장이 경색되어 있다는 점도 인지하고 있습니다.지난 6년간 저희는 인재를 국내로 유치하기 위해 사무실 근처에 직원 주택을 짓기 위해 노력해 왔습니다. 이와 같은 프로젝트에 수반되는 모든 행정 절차를 처리하는 것도 그 중 하나입니다. 그동안 저희는 이곳에 거주하는 직원들에게 재정적 지원을 제공하고 있습니다. 직원의 절반 이상이 대공국에 거주하고 있으며, 이 보너스 혜택을 받고 있습니다. 현재의 지정학적 상황이 회사에 어떤 영향을 미칠 것으로 예상하시나요?저희는 카멜레온처럼 매우 민첩하고 유연합니다. 글로벌 네트워크를 구축하고 있기 때문에 변화하는 규제, 시장 변화, 그리고 경제 상황에 항상 민감하게 대응해야 합니다. 이러한 변화는 분명 어려움을 수반하지만, 동시에 기회를 제공하기도 합니다. 가족 기업으로서 저희는 유연하고 신속하게 행동하며, 가치관에 기반한 의사 결정을 내릴 수 있습니다. 다음 분기 보고서만을 위한 것이 아니라 장기적인 관점을 바탕으로 계획을 세우고 결정합니다. 이러한 사고방식 덕분에 저희는 이전에도 수많은 어려운 상황을 헤쳐나갈 수 있었습니다. 저희는 세상이 어떤 상황에 처하더라도 고객과 유통업체에게 든든한 파트너가 되는 것을 목표로 합니다.물론 쉬운 일은 아닙니다. 제 여정을 통해 성공은 안전지대 밖에 있다는 것을 배웠습니다. 아버지는 항상 ""절대 두려움 때문에 결정을 내리지 마라""라고 말씀하셨습니다. 그 조언은 제 마음속 깊이 새겨져 있습니다. 어려움이 닥칠 때, 그것은 성장할 기회입니다. "" 두려움 때문에 결코 결정을 내리지 마세요 . "" 기업가에게 가장 중요한 속성 세 가지를 꼽는다면, 무엇이겠습니까?​좋은 질문입니다! 저는 기업가에게 다음 세 가지 자질이 중요하다고 생각합니다. 비전: 당신을 설레게 하는 명확한 목표가 필요합니다. 힘든 상황에서도 계속 전진할 수 있는 동기를 부여하는 무언가가 필요합니다.해결 지향적 관점: 문제를 생각하는 사람은 항상 문제를 안고 있습니다. 해결책을 찾는 사람은 해결책을 찾을 것입니다. 어려움은 당연하며, 누구에게나 있습니다. 중요한 것은 우리가 계속해서 나아가고 즉시 해결책을 찾기 시작하는 것입니다. 일관성: 성공은 단거리 달리기가 아니라 마라톤입니다. 일관성을 유지하고 목표 달성에 필요한 시간을 충분히 확보하세요.솔직히 말해서, 제가 드릴 수 있는 가장 좋은 조언은 바로 ""그냥 하세요""라는 겁니다. 완벽한 순간을 기다리지 말고, 그냥 시작하면 나머지는 그 과정에서 배우게 될 거예요.​본 기사는 포브스 룩셈부르크 매거진 5호에 게재되었습니다.​독일피엠 탑세일러☎010-4593-1462#부산피엠 #서울피엠 #대구피엠 #구미피엠 #광주피엠",,010-4593-1462,,101,4,"#광주피엠, #구미피엠, #대구피엠, #부산피엠, #서울피엠","https://blogimgs.pstatic.net/nblog/mylog/post/btn_confirm.gif, https://ssl.pstatic.net/static/blog/profile/img_profile_preset_07.png, https://ssl.pstatic.net/static/blog/profile/img_profile_preset_01.png, https://ssl.pstatic.net/static/blog/img_ani_blogid2.gif, https://blogpfthumb-phinf.pstatic.net/MjAyNTEwMjhfMTkg/MDAxNzYxNjUyODY3ODAx.N6ocVTk7GVmr8HGl0sFbjgpKvUTyAxSjNDRfaOgeQi4g.GOSJ_REgVmfMfgUQb70MLSLhmCgToE3-krR4fbU2guMg.JPEG/%EC%A0%9C%EB%AA%A9_%EC%97%86%EC%9D%8C.jpg/%25EC%25A0%259C%25EB%25AA%25A9%2B%25EC%2597%2586%25EC%259D%258C.jpg, https://ssl.pstatic.net/static/blog/profile/img_profile_preset_08.png, https://blogimgs.pstatic.net/nblog/quickeditor/btn_qk_set.gif, https://blogimgs.pstatic.net/nblog/mylog/post/btn_close5.gif, https://blogpfthumb-phinf.pstatic.net/MjAyNTEwMjhfMTkg/MDAxNzYxNjUyODY3ODAx.N6ocVTk7GVmr8HGl0sFbjgpKvUTyAxSjNDRfaOgeQi4g.GOSJ_REgVmfMfgUQb70MLSLhmCgToE3-krR4fbU2guMg.JPEG/%EC%A0%9C%EB%AA%A9_%EC%97%86%EC%9D%8C.jpg/%EC%A0%9C%EB%AA%A9+%EC%97%86%EC%9D%8C.jpg, https://postfiles.pstatic.net/MjAyNTA4MDJfMjA4/MDAxNzU0MDkwMzc2Nzg5.KYAIYtWroG4SOPMk4cYsDg2KPXF3gpcJNvKlqz0Yx8Eg.VAaGMxePtwDi4xvFeGLRtABTclDyGRaOM-zQZMKMqDsg.PNG/image.png_blur",,2025-11-07 15:25:58
naver_blog,223627738328,pmmaso,https://blog.naver.com/pmmaso/223627738328,PM-INTERNATIONAL 보상플랜을 하나 하나 알아보죠,"PM 보너스(보상플랜) 종류는..?1. 퍼스트라인 보너스2. 풀 보너스3. 리테일러 보너스4. 6세대 보너스5. 리더십 보너스6. 빠른 승급(FAB) 보너스7. 카 프로 모션8. 여행 인센티브9. 연금 이상 9가지의 풍성한 혜택을 사업자에게 지급하는네트워크 회사는 없다. 위에는 기록이 없는 2025년 2월부터 시행하는 연금 보너스로 준비 되고 있죠.!​첫 번째로퍼스트 라인 보너스 란?현제 캐시백으로 알려진내가 구매한 사람 소개한사람에게 회사에서 캐시백 을 준다고요.​OK캐쉬백 들어보셨죠.그 이상해택 11%를 보상해 준다고요.! 두 번째는 풀(Pool) 보너스풀 보너스를 이용하는 소비자는 두 분류로 나뉜지요.1. 혼자 복용하기에는미안해 가족에 건강을 같이 돌보며 복용하겠다.2. 나는 PM을 믿고사업으로 진입해야 하겠다.초두 사업에 만은 비용이발생하나 PM은 약 일백오십만원 전의 금액으로 사업이 가능하지요.​그러기에 단 한 번에 기회로 920,900원으로주력상품인 파워 칵테일 6박스리스토레이트 6박스엑티바이즈 듬으로 3통지급하지요. 세 번째는 리테일 보너스입니다.나와 소개한 분들에 합이2500 point 3%5000 point 5%를 추가 지급받을 수 있는 보너스로 QM을 달성하고CA에 해당 대는 point를 만들기만 하면 리테일 보너스를 받을 수 있는 기회이죠 ​다음은 네 번째로 6세대 및 리더십 보너스 정식 매니저 사업자부터 발생이 되는 보너스입니다. 다섯 번째로빠른 승급(FAB) 보너스는요?​사업을 하시거나 소개를 너무 왕성하게 하다 보니 저도 모르게 받아보았던 보너스죠.소개하다 보니 돼 더라고요.!! ​여섯 번째 카 프로모션PM 사업의 꽃 인터내셔널 마케팅 매니저 (IMM)부터 카 보너스를169,000원~ 을 직급별로2,600,000원까지 차등 지급합니다.​ 일곱 번째로여행 인센티브PM 사업의 꽃인 IMM부터 호캉스WMC 유럽여행​VP 월드 투어원 터 리더십​PT 인정식부터모든 여행에 자격을 부여합니다.일 년에 4번의 여행만끽하세요.!! ​저는 피엠 인터내셔널 한국에서재일 잘나가는야베스 그룹의 훌륭한리더이신 권순학 대표님과피트 라인에 우수성과 팀 그룹 문화를 만들어가는주역으로 영양을 펼치고 있습니다.​또한 저에 소개로 저와 같이행복한 사업을 진행하며즐거운 여행과보너스 혜택을 받는파트너 사업자분들과행복하게 진행합니다.​이 사업을 왜 해!!새로운 가족새로운 여행새로운 동행새로운 정보 공유새로운 인생 역전등등으로 나의 삶을 통해 더블어 행복해지는 삶. 피엠에 궁금하시거나 복용을 원하시는 분 아래 연락처로 연락 주세요.!!​추천 코드 : 8370482전화번호: 01094759469​​#PM좋은대 #야베스그룹 #선한블러그 #피엠최고 #야베스 #피엠인터내셔널 #pm #pmi #fitline #pminternational 50m© NAVER Corp.더보기 /OpenStreetMap지도 데이터x© NAVER Corp. /OpenStreetMap지도 컨트롤러 범례부동산거리읍,면,동시,군,구시,도국가 안양중앙시장 경기도 안양시 만안구 냉천로 196 중앙시장",,010-9475-9469,,12,3,"#PM좋은대, #fitline, #pm, #pmi, #pminternational, #권순학, #독일, #독일pm쥬스, #독일피엠인터내셔널, #선한블러그, #선한블로그, #안양맛집, #안양중앙시장, #야베스, #야베스그룹, #좋은대, #피엠인터내셔널, #피엠최고","https://storep-phinf.pstatic.net/cafe_005/original_12.png_100, https://ssl.pstatic.net/static/blog/profile/img_profile_preset_07.png, https://blogimgs.pstatic.net/nblog/mylog/post/btn_close5.gif, https://map.pstatic.net/nrb/styles/basic/1761871134/17/111747/50834.png?mt=bg.ol.sw.ar.lko, https://ssl.pstatic.net/static/blog/profile/img_profile_preset_06.png, https://map.pstatic.net/nrb/styles/basic/1761871134/17/111744/50834.png?mt=bg.ol.sw.ar.lko, https://map.pstatic.net/nrb/styles/basic/1761871134/17/111746/50834.png?mt=bg.ol.sw.ar.lko, https://postfiles.pstatic.net/MjAyNDEwMjFfMzAg/MDAxNzI5NDk4Mjk1ODY3.4NdiCLJl1fcvnm69taBAB17cinTvobnv6ZhYs7Ind1kg.BvGI0r2Hgf0618xoPg1ttYjPkvoyYLJ9b92cXY2HEhEg.JPEG/20241021%EF%BC%BF162337.jpg_blur, https://blogimgs.pstatic.net/nblog/mylog/post/btn_viewexif.gif, https://map.pstatic.net/nrb/styles/basic/1761871134/17/111745/50835.png?mt=bg.ol.sw.ar.lko",,2025-11-07 15:26:46
naver_blog,223402038930,mkkimpmpt5,https://blog.naver.com/mkkimpmpt5/223402038930,[독일 PM International] 옵티멀 세트 오토십 파워칵테일 리스토레이트,"5년차 옵티멀 세트로​건강하게​행복하게​독일피엠 명품언니 김미경​010 3498 6000​​http://xn----q68eq77bbqb5w6a.com/​ ​​[독일 PM International] ​옵티멀 세트 오토십 ​파워칵테일 리스토레이트​ ​​ ​​독일 PM International​옵티멀 세트​오토십으로​온가족이 건강하게​행복하세요​ ​ ​독일 피엠인터내셔널​회사는​롤프 소르그​비키 소르그​가족 경영​혁신 기업​AAA 신용 등급​직접판매 #8/세계 100대 회사​​ ​ ​​날마다​파워칵테일​리스토레이트​그리고​활동,​운동​ ​​ ​​NTC​영양소 전달 개념​세포에 확실하게​전달한다.​ ​ ​​매일​파워칵테일​리스토레이트​ ​​ ​​아침부터​저녁까지​파워칵테일​리스토레이트​ ​​(독일 PM International) ​옵티멀 세트 오토십 ​파워칵테일 리스토레이트​​​ ​독일피엠인터내셔널​정품으로​건강을 챙기세요​​ ​​현대인의 식문화​건강에 필요한​영양을 챙기세요​ ​ ​​​파워칵테일 3박스​리스토레이트 3박스​한번에​받고​매달 ​결제합니다.​​ ​​ ​​파워칵테일 1포​리스토레이트 1포​간단히 챙기세요​​ ​ ​​소비자​팀파트너가​옵티멀 3개월 약정가​오토십가​​​ ​​​매일 마시고​건강을 챙기세요​​​ ​​​​(독일 PM International) ​옵티멀 세트 오토십 ​파워칵테일 리스토레이트​ ​감사합니다​건강하시고​행복하세요",,010-3498-6000,,58,4,"#8, #International, #PM, #독일, #세트, #오토십, #옵티멀, #태그, #파워칵테일","https://blogpfthumb-phinf.pstatic.net/MjAyMzA4MjJfMTkw/MDAxNjkyNjgyMDgyMjY2.JraMQrhWONVY4SW0K9D_mWnBKTS8iN43B_Xg_-uZBCgg.bENxrqMmaofs0YuaIprLGVTP12hxsSz82-oBHyOaiJcg.JPEG.mkkimpmpt5/profileImage.jpg, https://blogimgs.pstatic.net/nblog/mylog/post/btn_confirm.gif, https://ssl.pstatic.net/static/blog/profile/img_profile_preset_07.png, https://ssl.pstatic.net/static/blog/profile/img_profile_preset_01.png, https://ssl.pstatic.net/static/blog/img_ani_blogid2.gif, https://postfiles.pstatic.net/MjAyNDA0MDFfMjkz/MDAxNzExOTQ2MTk3Mjg5.Cv_or7zJsPdZ_albeXVDGktBgaV9PpZxS_CGJODipuog.mXImhoOuqi057G6AW2qxi0MKk8IiJR_IbBgQqPnCiKYg.JPEG/%EB%8F%85%EC%9D%BC%ED%94%BC%EC%97%A0_%EB%AA%85%ED%92%88%EC%96%B8%EB%8B%88_%EB%8F%85%EC%9D%BC_PM_International__%EC%98%B5%ED%8B%B0%EB%A9%80_%EC%84%B8%ED%8A%B8_%EC%98%A4%ED%86%A0%EC%8B%AD_%ED%8C%8C%EC%9B%8C%EC%B9%B5%ED%85%8C%EC%9D%BC_%EB%A6%AC%EC%8A%A4%ED%86%A0%EB%A0%88%EC%9D%B4%ED%8A%B8_(4).jpg_blur, https://postfiles.pstatic.net/MjAyNDA0MDFfNjIg/MDAxNzExOTQ2ODAzODk4.eU0oihhfO6kE4w93GXny8f6uH00_EkjMYjNOjT-A_e0g.8H3LbvwawUGR5CoIa34T4ie6T2nmuQsff_Couh7X6gkg.JPEG/%B5%B6%C0%CF%C7%C7%BF%A5_%B8%ED%C7%B0%BE%F0%B4%CF_%B0%C7%B0%AD%B1%E2%B4%C9%BD%C4%C7%B0_%BA%F1%C5%B8%B9%CE_B_C_%B0%FA%B6%F3%B3%AA_%B3%EC%C2%F7_%BB%FD%B0%AD_%BE%D7%C6%BC%B9%D9%C0%CC%C1%EE_%287%29.jpg, https://ssl.pstatic.net/static/blog/profile/img_profile_preset_08.png, https://blogimgs.pstatic.net/nblog/quickeditor/btn_qk_set.gif, https://storep-phinf.pstatic.net/ogq_59fa241460d84/original_4.png_100",,2025-11-07 15:27:08
naver_blog,223432740261,jwo1228,https://blog.naver.com/jwo1228/223432740261,PM international 부산 강연,"PM international 부산 강연​주제 : SBT(successful business training)​비지니스로 성공하기 위해 필요한것은 ""회사.아이템.서비스""에 대한 전문성은 10%""만남.제안.결정""이라는 비지니스 프로세스에 대한 전문성이 90%를 차지한다​안타깝게도 많은 사람들이 이 사실을 모르고 비지니스를 하기 때문에열심히 하는데 성과가 안나거나 성공이 더딘것이다​""대표님이 9년전에 가르쳐 주신대로 하루 20명을 목표로 매일 샘플링을 했습니다 첫달에 200명 정도 그렇게 했더니 회원가입을 60명이 하더라구요 그달에 직급을 가서 수입이 바로 됐고, 여기까지 오게 됐습니다 확률세일즈가 답이 맞아요 부산까지 와주셔서 너무 감사드립니다~~""​비지니스를 A~Z까지 가르쳐줄 수 있다는게 참 가치있는 일이고,성공하는 멘티들이 전국에 있다는게 너무 감사하다!!!​또 봅시당^^​#10억연봉에도전하는세일즈맨이되다 #강사 #개척#영업 #정원옥 #확률세일즈 #영업의태풍을만드는확률세일즈#pm#pminternational#세일즈강사#한국의브라이언트레이시#개척영업",,,,1,0,"#10억연봉에도전하는세일즈맨이되다, #pm, #pminternational, #강사, #개척, #개척영업, #세일즈강사, #영업, #영업의태풍을만드는확률세일즈, #정원옥, #태그, #한국의브라이언트레이시, #확률세일즈","https://blogimgs.pstatic.net/nblog/mylog/post/btn_confirm.gif, https://ssl.pstatic.net/static/blog/profile/img_profile_preset_07.png, https://ssl.pstatic.net/static/blog/profile/img_profile_preset_01.png, https://ssl.pstatic.net/static/blog/img_ani_blogid2.gif, https://blogpfthumb-phinf.pstatic.net/MjAyMTEyMTJfMjg5/MDAxNjM5MzA1NzM1OTQz.PwxjchKjKHsYcClQ9quP1cOMk__aE2Ss-5-6XwO1excg.QtW01qB2h2cpZnjCesJinSTcLho8Ae28DD6_nmZpHjUg.JPEG.jwo1228/%25EC%25A0%2595%25EC%259B%2590%25EC%2598%25A5%25EC%2583%2581%25EB%25AC%25B4%25EB%258B%2598.jpg, https://ssl.pstatic.net/static/blog/profile/img_profile_preset_08.png, https://blogimgs.pstatic.net/nblog/quickeditor/btn_qk_set.gif, https://blogimgs.pstatic.net/nblog/mylog/post/btn_close5.gif, https://blogimgs.pstatic.net/nblog/mylog/post/btn_download2.gif, https://ssl.pstatic.net/static/common/btn/btn_confirm2.gif",,2025-11-07 15:27:31
naver_blog,223987190048,zzinniworld,https://blog.naver.com/zzinniworld/223987190048,‘PM International’은 어떤 기업인가요?,"​PM International 은? ​​네트워크 마케팅을 기반으로 하는영양보충제품, 화장품 등을 제공하는 회사예요.​​​PM International 의 CEO인‘롤프 소르그’에 의해​1993년에 독일에서 최초 설립되었고,2018년에 한국 지사가 설립되었습니다.​​​ ​​피엠인터내셔널은 고유하고 혁신적인제품 개념 뿐만 아니라효율성이 높은 네트워크 마케팅이라는,성공적인 회사를 이루는 정확한 핵심 요소들을결합하는 방법을 이해했고,​그 결과 2022년에 25.5억 달러의매출을 달성하면서급속한 성장을 이루었고, 매출액 기준으로세계 Top10 직접판매회사로 선정되었다고 합니다.​ ​​피엠인터내셔널 그룹은 40개 이상의 국가에서45개 이상의 지사 및 유통 파트너사와 함께세계적인 브랜드 위상을 보유하고 있습니다.​​​​본사는 룩셈부르크에 있으며유럽, 아시아, 미국에 지역 본사가 있다고 해요 ​...​​PM International 의 모든 건강기능식품은천연 재료로 만들어져암 환자 또는 임산부도 복용이 가능하다고 합니다.​기타 질병이 있으신 분들은 전문가와 상의 후 복용 바랍니다.​​​​​​이상으로 ‘PM International’ 에 대해알아보았습니다. ^^더 많은 정보는 PM 홈페이지 참고바랍니다. ​​​출처 : 피엠인터내셔널 홈페이지",,,,0,0,"#가족건강영양제, #건강, #건강기능식품, #건강식품, #건기식, #고령자, #부모님건강식품, #부모님영양제추천, #암환자, #암환자선물, #암환자영양제, #임산부, #임산부선물, #임산부영양제, #첫글, #피엠, #피엠2종, #피엠3종, #피엠액티바이즈, #피엠인터내셔널, #피엠쥬스, #할머니건강식품추천, #할머니선물","https://blogimgs.pstatic.net/nblog/mylog/post/btn_confirm.gif, https://ssl.pstatic.net/static/blog/profile/img_profile_preset_07.png, https://ssl.pstatic.net/static/blog/profile/img_profile_preset_01.png, https://ssl.pstatic.net/static/blog/img_ani_blogid2.gif, https://ssl.pstatic.net/static/blog/profile/img_profile_preset_08.png, https://blogimgs.pstatic.net/nblog/quickeditor/btn_qk_set.gif, https://blogimgs.pstatic.net/nblog/mylog/post/btn_close5.gif, https://blogimgs.pstatic.net/nblog/mylog/post/btn_download2.gif, https://ssl.pstatic.net/static/common/btn/btn_confirm2.gif, https://blogimgs.pstatic.net/nblog/spc.gif",,2025-11-07 15:27:43
naver_blog,223982910570,parksj1088,https://blog.naver.com/parksj1088/223982910570,"🌿 독일 피엠(PM-International)과 함께한 나의 6년, 삶을 바꾼 선택","안녕하세요. 독일 피엠 사업가 박소진입니다.제가 피엠을 만나고 나서 벌써 6년이라는 시간이 되어갑니다. (2019.11-현재)처음엔 단순히 여행을 보내준다 해서 사업을 시작했고,사업을 한다고 하니 ”내가 먼저 먹어봐야지“ 나도 안먹는 제품을 개인적인 욕심에 의해 추천하는건 아닌것 같아서 열심히 섭취했습니다 그리고, 지금은 제 인생의 큰 전환점이 되었고, 많은 사람들과 나누고 싶은 경험이 되었어요.​⸻​✨ 처음 만난 피엠, 확신으로 바뀌다​처음 피엠 제품을 접했을 때, 솔직히 말하면 “다 비슷하겠지”“쥬스가 좋아봣자지”라는 생각을 했습니다.그런데 NTC® (Nutrient Transport Concept)라는 독자 기술이 있는 걸 알게 되었고, 직접 경험해보니 달랐습니다.​👉 영양소가 빠르게 흡수되는 느낌, 하루하루 달라지는 몸의 반응.이건 단순히 ‘좋다’는 말로 설명하기 어려운 체감이었어요.이 순간 저는 확신했습니다. “이건 내가 평생 함께할 브랜드다.” ​​⸻​🌍 독일 기술력이 만든 차별화​피엠은 독일 본사에서 시작된 글로벌 기업으로, 제품 하나하나에 철저한 품질 관리를 거칩니다. • 스테로이드·호르몬 무첨가 • 중금속·잔류농약 없음 • NON-GMO, 비건, 할랄, ISO 인증​이런 국제 기준을 모두 충족하는 제품이라, 누구에게나 자신 있게 권할 수 있는 신뢰성이 있습니다.특히 제품마다 붙어 있는 QR 코드로 검사 결과를 직접 확인할 수 있다는 점에서, 소비자들도 안심하고 선택할 수 있어요. ​​⸻​🏅 세계 스포츠가 선택한 브랜드​피엠은 독일 국가대표 사이클, 아이스하키, 육상협회 등과 공식 파트너십을 맺고 있습니다.선수들이 직접 사용하는 제품이라는 사실은, 곧 기술력과 안전성에 대한 국제적 인증이라고 생각합니다.​저는 이 부분에서 다시 한 번 감탄했어요.“내가 먹고 있는 제품이, 세계 무대에서 뛰는 선수들과 함께하고 있구나!”이만큼 강력한 신뢰 포인트가 또 있을까요? ​​⸻​💎 나의 6년, 그리고 고객들의 변화​제가 6년간 피엠을 하면서 가장 큰 보람은, 고객들이 보내준 진짜 반응이었습니다.​✔️ 아침에 피곤해서 못 일어나던 분이 활력을 되찾고✔️ 집중력이 떨어지던 학생이 달라졌다고 하고✔️ 건강이 걱정되던 분들이 안심하고 꾸준히 찾는 모습을 볼 때​저는 확신합니다.👉 “피엠은 단순한 건강기능식품이 아니라, 삶을 바꿀 수 있는 도구다.”​⸻​🌟 내가 전하고 싶은 말​6년 전, 저는 단순히 “좋은 제품 추천해서 여행만 한번 다녀오자”는 마음으로 시작했습니다.하지만 지금은 건강 + 사업 + 비전 세 가지를 모두 얻었어요.​피엠은 단순한 영양제가 아닙니다.✅ 내 몸을 지켜주는 기술력,✅ 가족과 지인을 지킬 수 있는 신뢰성,✅ 그리고 삶을 바꾸는 새로운 기회.​이 모든 게 함께하는 브랜드가 바로 PM-International입니다.​⸻​💌​저는 오늘도 자신 있게 말합니다.👉 “피엠은 경험하면 누구나 알게 됩니다. 달라진 내 몸과 삶을.”​혹시라도 망설이고 계신 분이 있다면,꼭 한 번 경험해보세요.아마 저처럼 피엠과 함께하는 새로운 삶을 만나게 되실 겁니다.​ ​​카카오톡 오픈채팅을 시작해 보세요.링크를 선택하면 카카오톡이 실행됩니다.​독일피엠사업가 CL박소진https://open.kakao.com/o/stnfBgxh​https://www.instagram.com/pm_soso2vely?igsh=YmJmNnpkb2dxNnJj&utm_source=qr 독일피엠🇩🇪챔피언스리그-CL박소진(@pm_soso2vely) • Instagram 사진 및 동영상 팔로워 1,318명, 팔로잉 642명, 게시물 2,056개 - 독일피엠🇩🇪챔피언스리그-CL박소진(@pm_soso2vely)님의 Instagram 사진 및 동영상 보기 www.instagram.com ​​#CL박소진#독일피엠#독일피엠사업가박소진",,,,2,0,"#CL박소진, #PM사업가, #https://www.instagram.com/pm_soso2vely?igsh=YmJmNnpkb2dxNnJj&utm_source=qr, #건강과비즈니스, #글로벌비즈니스, #긍정에너지, #네트워크마케팅, #다이아몬드그룹, #독일PM, #독일피엠, #독일피엠박소진, #독일피엠사업가, #독일피엠사업가박소진, #독일피엠쥬스, #독일피엠🇩🇪챔피언스리그-CL박소진(@pm_soso2vely) • Instagram 사진 및 동영상팔로워 1,318명, 팔로잉 642명, 게시물 2,056개 - 독일피엠🇩🇪챔피언스리그-CL박소진(@pm_soso2vely)님의 Instagram 사진 및 동영상 보기www.instagram.com, #동남아피엠, #라이프스타일변화","https://blogimgs.pstatic.net/nblog/mylog/post/btn_confirm.gif, https://ssl.pstatic.net/static/blog/profile/img_profile_preset_07.png, https://ssl.pstatic.net/static/blog/profile/img_profile_preset_01.png, https://ssl.pstatic.net/static/blog/img_ani_blogid2.gif, https://ssl.pstatic.net/static/blog/profile/img_profile_preset_08.png, https://blogimgs.pstatic.net/nblog/quickeditor/btn_qk_set.gif, https://blogimgs.pstatic.net/nblog/mylog/post/btn_close5.gif, https://blogimgs.pstatic.net/nblog/mylog/post/btn_download2.gif, https://ssl.pstatic.net/static/common/btn/btn_confirm2.gif, https://postfiles.pstatic.net/MjAyNTA4MjVfMSAg/MDAxNzU2MTExOTUwMjUz.JpcnTjFOXLCide7GXcz60y8KxbAimoU_0kBadqB3sSgg.LcImaFHmqbYT-HGLcEByMOMYhJNMIANrdxJ1OukMQI8g.JPEG/IMG%EF%BC%BF9866.JPG",,2025-11-07 15:27:55
naver_blog,223471100195,lgm309,https://blog.naver.com/lgm309/223471100195,PM-International 자동차 프로그램 2024,"한국PM 개정 자동차 보너스 FAQ1. 자동차 보너스 기본 개념자동차 보너스자동차 보너스는 IMM 이상 직급 달성 시 발생되며, 별도의 신청을 통해 수령 가능합니다.자동차 적립금IMM직급을 달성한 월부터 IMM 이상 직급 달성 시 발생된 자동차 보너스는 별도의 신청 전까지 자동차 적립금으로 최대 12개월 적립되며 13개월 차가 되면 최초 1개월 치의 자동차 적립금이 소멸됩니다.자동차 적립금은 홈페이지 My Office → 수당관리 → 자동차적립금조회 → 적립금 상세보기에서 조회가 가능하며, 매월 말 업데이트됩니다.자동차 보너스 신청 방법자동차 보너스 신청 방법은 PMI 소식의 ""자동차 보너스 신청 양식 및 매뉴얼 안내"" 공지글을 참고해 주시기 바랍니다.자동차 보너스 신청 자격 조건자동차 보너스 신청서 제출을 위해 신청월 기준 전월 직급 IMM 이상인 경우 신청 가능합니다.자동차 보너스 신청 차량 조건기아(KIA), 미니(MINI), BMW, 포르쉐(Porsche)의 전 모델 검은색 신차 혹은 신청 시점 기준 연식 5년 이내의 차량*단, 포르쉐(Porsche)는 최고 직급 CLO이상부터 신청 가능본인 명의 혹은 공동 명의(최소 지분 1%) 차량*개인사업자 및 법인 명의 차량은 자동차 보너스 신청 불가자동차 보너스 지급일매월 14일 19시까지(※14일이 휴일인 경우, 직전 영업일 19시까지) 자동차 보너스 신청을 완료해야 해당월 신청으로 접수되어 익월부터 수당에 자동차 보너스가 포함되어 지급됩니다.자동차 적립금은 자동차 보너스 신청 월의 다음 달 말일 자로 지급됩니다.자동차 보너스 신청 후 차량 변경 시자동차 보너스를 신청하여 보너스를 수령하고 있는 도중에 자동차를 변경하게 되면 변경한 차량으로 자동차 보너스를 다시 신청하셔야 하며, 신청방법은 최초 신청했을 때와 동일하게 진행해주시면 됩니다.​2. 개정 자동차 보너스1) 개정된 후 자동차 보너스를 신청하면 자동차 적립금을 전부 받을 수 있나요?구매: 기존과 동일하게 자동차 적립금(최대 12개월 누적된 자동차 보너스) 전부 지급됩니다.리스/렌트: 상관없이 자동차 적립금(최대 12개월 누적된 자동차 보너스) 전부 지급됩니다.2) 개정 자동차 보너스에 따르면 매월 자동차 보너스 지급액이 기존과 달라지는 건가요?구매인 경우 기존과 동일하나 리스/렌트는 하기가 같이 변경됩니다.구매: 직급별 자동차 보너스 금액을 한도로 신청 당시 책정된 실제 차량 월사용료 만큼 지급됩니다.월사용료 < 직급별 자동차 보너스 → 월사용료만큼 지급, 차액은 자동차 적립금으로 최대 12개월 누적월사용료 > 직급별 자동차 보너스 → 직급별 자동차 보너스만큼 지급(예시) 자동차 보너스 월사용료 500,000원인 경우10월 컴펜도 VP직급: VP 직급별 자동차 보너스액인 288,600원 지급11월 컴펜도 EVP직급: 월사용료인 500,000원 지급, 차액 200,000원은 자동차 적립금으로 최대 12개월 누적12월 IMM직급: 직급별 자동차 보너스액인 169,000원 지급리스/렌트(예시) 월 리스료 600,000원, 납입기간 50개월일 경우월 리스/렌트료: 600,000원계약기간: 50개월총 지급 가능 보너스: 30,000,000원 자동차 적립금 월 최대 지급 가능액 IMM VP EVP PT A (10,000,000원) 400,000원 169,000원 지급 288,600원 지급 400,000원 지급 (차액 120,000원 적립) 400,000원 지급 (차액 250,000원 적립) B (5,000,000원) 500,000원 169,000원 지급 288,600원 지급 500,000원 지급 (차액 20,000원 적립) 500,000원 지급 (차액 150,000원 적립) C (0원) 600,000원 169,000원 지급 288,600원 지급 520,000원 지급 600,000원 지급 (차액 50,000원 적립) 총 지급 가능 보너스 계산 방법: 월 리스/렌트료 x 계약기간월 최대 지급 가능 보너스 계산 방법: (총 지급 가능 보너스 - 자동차 적립금) ÷ 계약기간 ※ 계약 기간과 자동차 등록증 상 차주 동일을 기준 8 년 중 배준 손 적용3) 직급별 자동차 보너스는 어떻게 되나요?하기 표 참고 부탁드립니다.직급별 자동차 보너스 IMM | 169,000원VP | 288,600원EVP | 520,000원PT | 650,000원SP, GP | 1,300,000원PP이상 | 2,600,000원​​ ​​다음은 독일본사 자동차 프로그램 내용입니다​### 간단하고 성공적인 프로그램 PM-International의 자동차 리스 프로그램은 귀하의 회사 차량 리스에 적합한 모든 조건을 제공합니다. 이 프로그램은 개인 및 상업적으로 사용 가능한 회사 차량을 제공합니다.​#### 1. 조건:PM-International의 디스트리뷰터로서 최소 IMM 이상의 마케팅 레벨을 달성하셨나요? 축하합니다! 특별 리스 조건을 이용할 수 있을 뿐만 아니라 현재 마케팅 레벨에 따른 회사 차량 보너스를 받아 차량 리스를 재정적으로 지원받을 수 있습니다.​#### 2. 차량 카테고리:각 직급 레벨에 맞는 차량 카테고리가 설정되어 있으며, 해당 레벨에 맞는 차량을 주문할 수 있습니다(선택사항). PM은 이를 위해 고정된 차량 보너스를 제공합니다.​**IMM 레벨:** - VW Up, Polo - BMW 1 시리즈, X1, 2 시리즈, X2 - Mini​**VP 레벨:** - BMW 3 시리즈, 3 시리즈 GT, X3, Z4, 4 시리즈, X4 - VW Sharan​**EVP 레벨:** - BMW 5 시리즈, X5 - VW Multivan​**PT/SP/GP/PP/CL 레벨:** - BMW X6, 7 시리즈, X7, 8 시리즈​BMW 차량은 Black Uni 및 Sapphire Black metallic 색상만 허용되며, Mini 차량은 Midnight Black metallic 색상만 허용됩니다. 다른 색상은 허용되지 않습니다.​#### 3. 주문 및 처리:리스 기간 동안 매월 보너스를 지급받습니다.​#### 4. 추가 지급:차량 인도 후, 매월 마케팅 레벨에 따라 자동차 보너스를 지급받습니다. 이는 다음과 같습니다:- IMM: €130 (VAT 별도)- VP: €222 (VAT 별도)- EVP: €400 (VAT 별도)- PT: €500 (VAT 별도)- SP/GP: €1,000 (VAT 별도)- PP/CL: €2,000 (VAT 별도)​#### 5. 절약 기능:차량 보너스 자격을 갖춘 디스트리뷰터(최소 IMM 이상)는 보너스를 청구하지 않거나 추가 지급금이 차량 실제 비용보다 높은 경우, 미지급된 보너스를 최대 12개월까지 누적할 수 있습니다. 13개월째부터는 첫 달의 누적금이 소멸됩니다. 판매 조직이 성장하여 자동차 보너스가 증가하면 누적 금액도 점차 증가합니다. 저축금은 월간 보너스 명세서에 표시됩니다. 곡식적으로 열쇠가 전달되면, 누적된 절약금이 다음 보너스 명세서에 직접 지급됩니다.​P독일피엠 탑세일러☎010-4593-1462#부산피엠 #순천피엠 #여수피엠 #서울피엠 #대구피엠 #구미피엠 #광주피엠",,010-4593-1462,,387,93,"#광주피엠, #구미피엠, #대구피엠, #부산피엠, #서울피엠, #순천피엠, #여수피엠","https://blogimgs.pstatic.net/nblog/mylog/post/btn_confirm.gif, https://ssl.pstatic.net/static/blog/profile/img_profile_preset_07.png, https://ssl.pstatic.net/static/blog/profile/img_profile_preset_01.png, https://ssl.pstatic.net/static/blog/img_ani_blogid2.gif, https://blogpfthumb-phinf.pstatic.net/MjAyNTEwMjhfMTkg/MDAxNzYxNjUyODY3ODAx.N6ocVTk7GVmr8HGl0sFbjgpKvUTyAxSjNDRfaOgeQi4g.GOSJ_REgVmfMfgUQb70MLSLhmCgToE3-krR4fbU2guMg.JPEG/%EC%A0%9C%EB%AA%A9_%EC%97%86%EC%9D%8C.jpg/%25EC%25A0%259C%25EB%25AA%25A9%2B%25EC%2597%2586%25EC%259D%258C.jpg, https://ssl.pstatic.net/static/blog/profile/img_profile_preset_08.png, https://blogimgs.pstatic.net/nblog/quickeditor/btn_qk_set.gif, https://blogimgs.pstatic.net/nblog/mylog/post/btn_close5.gif, https://blogpfthumb-phinf.pstatic.net/MjAyNTEwMjhfMTkg/MDAxNzYxNjUyODY3ODAx.N6ocVTk7GVmr8HGl0sFbjgpKvUTyAxSjNDRfaOgeQi4g.GOSJ_REgVmfMfgUQb70MLSLhmCgToE3-krR4fbU2guMg.JPEG/%EC%A0%9C%EB%AA%A9_%EC%97%86%EC%9D%8C.jpg/%EC%A0%9C%EB%AA%A9+%EC%97%86%EC%9D%8C.jpg, https://blogimgs.pstatic.net/nblog/mylog/post/btn_download2.gif",,2025-11-07 15:28:17
naver_blog,223530103676,francisba,https://blog.naver.com/francisba/223530103676,Why PM international,"Why PM international / pmi korea 양순화 1.즉효성-NTC 공법으로 빠른 효과2.공신력-200년 앞선 독일의 과학, 의학의 높은 퀄리티(세계 5대 제약회사)3.소비성-빠른 재구매율4.대중성-누구나 필요하다5.지속성-안 먹으니 피곤하다6.차별성-독점이며 과일 영양주스다7.가성비-효과데비 가격이 적당하다8.수익성-6개월 정도로 고소득 창출-기타:바이너리가 아니라서 무너지지 않고 매달 성장하는 수입.-수시로 다니는 유렵여행. 차량 유지비 지금(15~260만원) [NTC-영양소 전달 컨셉]PM은 독특하고 독자적인 영양소 전달 개념인 NTC(Nutrition Transport Concept)공법으로양양소를 세포단위로 필요한 곳에, 필요할 때에 전달합니다. 무릎. NTC는 독일에서 특허를 받은 영양전달 컨셉입니다. 지용성을 수용성으로(마이크로솔브공법)-영양과 산소를 단 5분만에-12만 킬로(지구 두 바퀴 반)의 모세혈관을 통해-60조개의 세포에게 정확하게 전달한다. 적재적소. 보통: 모든 건강식품-위. 잘게 부숴서-장, 소장. 흡수-간. 저장. 필요시-혈관 –세포로.PM: 위를 거치지 않고 필요한 세포속으로 바로 들어간다. 영양입자가 작아야 한다.우리세포와 뇌는 우리 몸의 어디가 안 좋은지 알아서 먼저 그곳으로 들어간다.오전 먹는 것에 120가지 영양소 포함.오후, 일하고 나며 활성산소 발생. 독이 쌓여. 수면-원상복귀, 충전. 혈관청소/세포주스 [파워 칵테일]: 56가지 과일. 해조류.항산화: 비타민C. 비타민A. 셀레늄. 비타민E. 풀리페놀. 1.면역 체계 지원-산화방지-특수 추출물과 산딸기류 열매, 과일, 야채, 허브, 풍부한 천연 폴리페놀2.장 기능 향상-수용성 섬유소: 아카시아 검, 구아 검, 이눌린, 펙틴-불용성 섬유소: 귀리 섬유소, 완두콩 섬유소, 사과 섬유소, 쌀 섬유소 [리스토레이트]미네랄. 그리고 미량 영양소들과 관련한 특허품-비타민 D3:태양광 비타민.-튼튼한 뼈를 위한 칼슘.-튼튼한 치아를 위한 칼슘.-근육 경련을 막아줌. 쥐나는 것.-산염기 신진대사 지원.-손톱과 모발 향상, 숙면, 튼튼한 뼈-재흡수 부스터 [베이직(장)]-강황의 놀라운 생존력-비타민C와 셀레늄이 풍부히 함유되어 정상적인 면역체계능에 도움-비타민E와 C가 풍부히 함유되어 세포를 산화 스트레스로부터 보호-살아있는 유산균이 다량 함유. 타사 유산균 안 먹어도 됨. [액티바이즈]-에너지-피로감 감소-뇌와 중추 신경계의 기능에 중요-적혈구 형성에 중요-독점적인 해조 추출물 [뮤노겐] 빨간 시금치 가루. 보빠이. 혈관확장리트머스시험지 실험. 보라색으로 변함.서서 일하는 분. 식당일. 혈관에 하지정맥. 높은 생체 이용률을 지닌 세포 질소 산화물-동맥과 정맥, 림프관을 팽창시키는 역할-혈관의 부드러운 근육들을 팽창시켜 혈압을 낮춤-신체 주요 기관들에 혈액이 잘 공급되게 함-신체의 주요 부위에 더 많은 산소, 영양소 그리고-비타민, 미네랄이 공급될 수 있게 함-플라그 형성 억제, 혈전증을 억제하고-혈전형성을 방지하여 동맥경화, 뇌졸중 방지 [젤슈츠(비타민C)]일하고 피곤할 때 오후에 짝 한잔. 시원.비타민 C는 시원한 물에. 따뜻한 물 녹아버림타자마자 흔들어 바로 마셔야 함-결합조직 형성과 기능유지에 필요-철의 흡수에 필요-유해산소로부터 세포를 보호하는 데 필요-어두운 곳에서 시각적용을 위해 필요-피부와 점맥을 형성하고 기능을 유지하는데 필요-상피세포의 성장과 발달에 필요 [뷰티(콜라겐)]-여성들이 의외로 많이 애용. 미에 관심이 많음.뼈의 조직 형성에 도움. 피쉬 물고기콜라겐이 아니라 소 콜라겐.사람의 조직구조는 소와 같아. 한국 들어올 때 식약청 어렵게 통과.-아름다움을 위한 비타민과 미네랄-피부품질의 뚜렷하고 지속적인 개선-맛있는 과일 풍미 및 무설탕-활성 성분의 시너지 조합 [프로쉐이프]Easy, unique, great taste쉽고! 맛있게 살 빼자!-그 자체만으로도 완전한 식사가 되도록 고안.단백질, 필수 탄수화물, 필수 지방, 비타민, 항산화제 미네랄과 같은 필수 미량 영양소도 포함-고단백질 및 필수아미노산 성분은 체중감량과신체 근육량 유지 기능.-체형에 도움을 주는 3가지 바이오 액티브 추출물(생체활성물질)마테추출물(그린메이트)네틀(쐐기풀) 추출물그린커피빈추출물 [6세대 후원 보너스 & 리더쉽 보너스]회원수 늘리는 게 포인트1명~5명 까지 힘들어100명까지도 힘들어. 한명 먹으면 한명 끊어.100명~ 1000명까지는 쉬워.불특정 다수인이 먹고, 매출 증가.1000명~20000명 더 쉽게 감.2만명중 1만명이 먹음 [Only PM!]내 크기만큼 열정만큼 사람들은 모인다PM만 하는데 꾸준히 열정적으로 해!쟤는 이것 저것 다해. 또 뭘 한 대?설명도 잘해. 열정도 좋아. 주는 것도 잘해. 먹이기도 잘해. 사업자로 등록했으면 전달할때는 전쟁터에 나가는 기분으로 해야! 상대 배려해 설명. 귀 닫아. 가랑비에 젖듯이 꾸준히.상대는 다 기억한다.나중에 그 열정, Passion 에 반한다.열정: 정열, 열, 울컥, 열렬한 사랑, 열망하는 것 PM이 독일에서 행사할 때 2만명이 온다.PM: 회사와 제품에 대해선 이미 인정검증이 끝났다. 좋냐 나쁘냐로 따지지 말고, 나와 맞으면 해야한다.다시 한번 명단을 점검하라.생각지도 않은 사람이 준비되어 있다.가서 만나라. 생각지도 않은 사람이 옆에서 치고 나온다.나만주인공! PM, 듣고 보고, 내 것으로 만들고.나는 어떻게 먹을 것인가!누구에게 어떻게 전할 것인가!1년 반 뒤. 독일 유럽 순방이 준비되어 있다.2025년 11월. 12월. 2026년 1월. 2월 :IMM3번 달성시 자격.*",,,,0,0,,"https://blogimgs.pstatic.net/nblog/mylog/post/btn_confirm.gif, https://ssl.pstatic.net/static/blog/profile/img_profile_preset_07.png, https://ssl.pstatic.net/static/blog/profile/img_profile_preset_01.png, https://ssl.pstatic.net/static/blog/img_ani_blogid2.gif, https://ssl.pstatic.net/static/blog/profile/img_profile_preset_08.png, https://blogimgs.pstatic.net/nblog/quickeditor/btn_qk_set.gif, https://blogimgs.pstatic.net/nblog/mylog/post/btn_close5.gif, https://blogimgs.pstatic.net/nblog/mylog/post/btn_download2.gif, https://ssl.pstatic.net/static/common/btn/btn_confirm2.gif, https://blogimgs.pstatic.net/nblog/spc.gif",,2025-11-07 15:28:45
naver_blog,223856749792,dodream-withyou,https://blog.naver.com/dodream-withyou/223856749792,"[공지] 글로벌 프리미엄 브랜드, PM-International을 아시나요?","​건강기능식품과 뷰티 제품 시장이 나날이 성장하는 지금, 수많은 브랜드 속에서 진정으로 믿을 수 있는 기업을 찾는 것은 쉽지 않습니다.오늘 소개해드릴 PM-International(PMI)은 독일 본사를 둔 32년 역사의 글로벌 기업으로, 품질과 신뢰, 그리고 사회적 책임까지 실현하고 있는 진정한 프리미엄 브랜드입니다.​​​1. PM-International은 어떤 회사인가요?설립 연도: 1993년, 독일에서 설립글로벌 진출: 전 세계 45개국 이상 진출한국 진출: 2018년 3월 30일 공식 진출 (7년 차)​PMI는 단순한 유통회사가 아닙니다.직접 유통(D2C) 구조를 통해, 중간 마진 없이 고객에게 직접 제품을 전달하는 방식으로 신뢰를 쌓아가고 있습니다.​서울시에 다단계판매업 등록한국특수판매공제조합과 공제계약 체결100% 합법적인 유통구조로 운영​​​2. PM의 의미 – PremiumPM은 ‘Premium(프리미엄)’의 약자입니다.그 이름처럼 PM은 다음 세 가지 가치를 최우선으로 생각합니다.​1. 최고의 원재료2. 최상의 품질3. 글로벌 수준의 서비스​​​이러한 철학은 모든 제품 개발과 유통, 고객 서비스에 깊이 반영되어 있습니다.​​​3. 기업 철학과 경영 구조가족경영 기업→ 설립자이자 CEO인 롤프 소르그 회장님이 1993년부터 현재까지 회사를 이끌며 안정적인 리더십을 보여주고 있습니다.​룩셈부르크 과학기술 연구소(LIST)와 협업→ 세계적인 과학연구 기관과 함께 제품을 개발하고 연구하여, 항상 한 발 앞선 기술을 유지합니다.​건전한 재무구조→ AAA+ 등급의 신용 평가→ 무부채 경영, 도산 확률 0.0001%→ 이는 100년 이상 지속 가능한 기업이 될 수 있음을 의미합니다.​​​​4. PM의 글로벌 경쟁력글로벌 원서버 시스템→ 한국에서 가입한 코드로 전 세계 어디서든 사업 가능→ 국경 없는 유통과 파트너십 확장이 가능한 스마트한 구조​본사 위치유럽 본사: 독일아시아-태평양 본사: 싱가포르북미 본사: 미국​​​​5. 세계가 인정한 보상플랜의 안정성PM의 보상플랜은 다음과 같은 강점을 갖고 있습니다.​법적으로 검증된 보상 구조2011년 5월 19일, 독일 프랑크푸르트 고등법원에서 적법성 확인→ 유럽에서도 공식적으로 인정받은 합법적인 보상 시스템 ​변화 없는 신뢰의 보상 시스템32년간 단 한 번도 변경되지 않은 보상플랜보상 구조 변경 시, 모든 파트너의 동의가 있어야 함회사의 일방적인 변경 불가→ 파트너의 안정성을 최우선으로 생각하는 구조입니다.​​​6. 사회공헌 활동 – 월드비전 최대 기부 기업PM은 기업의 성장과 더불어 지속 가능한 선한 영향력을 만들어가고 있습니다.​월드비전 후원 아동 수: 6,000명 이상목표: 10,000명 아동 후원 (비키 소르그 여사 발표)아동뿐만 아니라 가족 단위로 후원​이처럼 단순한 기부를 넘어 세상을 변화시키는 기업 철학이 PM의 핵심입니다.​​​​7. 세계 최고 수준의 제품 인증PM의 제품은 다음과 같은 국제 인증 마크를 통해 품질과 안전성을 입증하고 있습니다. ​8. 제품을 사용하는 유명인PM 제품은 운동선수, 연예인, 국제적인 전문가들 사이에서도 꾸준히 사랑받고 있습니다.이들은 퀼른리스트 등재, 도핑테스트 통과 제품이라는 점에서 신뢰와 안전성을 높이 평가하고 있습니다.​​​왜 PM-International인가?PMI는 단순한 건강기능식품 브랜드가 아닙니다.“품질, 윤리, 과학, 신뢰”를 기반으로 세계적인 성장을 지속하는 프리미엄 라이프스타일 브랜드입니다.​당신의 건강과 미래, 그리고 비즈니스까지PM-International이 함께합니다. ​​ 궁금할 땐 네이버 톡톡하세요!",,,,24,2,,"https://blogimgs.pstatic.net/nblog/mylog/post/btn_confirm.gif, https://ssl.pstatic.net/static/blog/profile/img_profile_preset_07.png, https://ssl.pstatic.net/static/blog/profile/img_profile_preset_01.png, https://ssl.pstatic.net/static/blog/img_ani_blogid2.gif, https://postfiles.pstatic.net/MjAyNTA1MDZfNDMg/MDAxNzQ2NTA3MDcyMTAw.POKfveRZ9UVcXu-0DJE14KffLNzcqliabKxs-8I2tGMg.ecc6NS1rhY_vN4QBBtpn-Og_S4YlfIbmRUB4vIJU5Icg.JPEG/900%EF%BC%BFScreenshot%EF%BC%BF20250506%EF%BC%BF135028%EF%BC%BFChatGPT.jpg_blur, https://ssl.pstatic.net/static/blog/profile/img_profile_preset_08.png, https://blogimgs.pstatic.net/nblog/quickeditor/btn_qk_set.gif, https://blogimgs.pstatic.net/nblog/mylog/post/btn_close5.gif, https://blogimgs.pstatic.net/nblog/mylog/post/btn_download2.gif, https://ssl.pstatic.net/static/common/btn/btn_confirm2.gif",,2025-11-07 15:29:26
naver_blog,224034139160,hana-pm,https://blog.naver.com/hana-pm/224034139160,"PM-International, 5년 연속 세계 성장상 수상!","🏆 미국 DSN 주관 ‘브라보 인터내셔널 성장상’ 5회 연속 수상​PM-International은 미국 직접판매업계 매거진 DSN(Direct Selling News)이 주관하는 브라보 인터내셔널 성장상을 5년 연속 ​이는 전 세계 네트워크 마케팅 시장에서가장 빠르게 성장하고 있는 기업 중 하나로 인정받은 결과입니다.​또한 DSN이 선정한 ​‘글로벌 100대 기업’ 순위에서 6위를 유지하며, 글로벌 리더로서의 입지를 더욱 확고히 하고 있습니다​ 🥇 지속적인 성장을 거듭하는 글로벌 리더​PM-International은 Simple. Successful.이라는 철학 아래매년 혁신과 신뢰를 바탕으로 꾸준한 성장을 이어가고 있습니다.5년 연속 DSN 브라보 인터내셔널 어워드 수상은 그 성과의 상징이며,PM은 앞으로도 전 세계 고객 파트너들의 신뢰 속에 성장해갈 것입니다.​",,,,0,2,,"https://postfiles.pstatic.net/MjAyNTEwMDdfMjcy/MDAxNzU5ODIyNDk4ODIy.GzGKy5RYsSk78LjqVhI4I5dOmFk78dHvwolGnVHRFj4g.dtXbEmoetQjU9qH0UBBT4qgsG3vNbVW3PkxcUU1hyPIg.PNG/%EC%8A%A4%ED%81%AC%EB%A6%B0%EC%83%B7_2025-10-07_%EC%98%A4%ED%9B%84_2.24.37.png, https://blogimgs.pstatic.net/nblog/mylog/post/btn_confirm.gif, https://ssl.pstatic.net/static/blog/profile/img_profile_preset_07.png, https://ssl.pstatic.net/static/blog/profile/img_profile_preset_01.png, https://ssl.pstatic.net/static/blog/img_ani_blogid2.gif, https://ssl.pstatic.net/static/blog/profile/img_profile_preset_08.png, https://blogimgs.pstatic.net/nblog/quickeditor/btn_qk_set.gif, https://blogimgs.pstatic.net/nblog/mylog/post/btn_close5.gif, https://blogimgs.pstatic.net/nblog/mylog/post/btn_download2.gif, https://ssl.pstatic.net/static/common/btn/btn_confirm2.gif",,2025-11-07 15:29:37
naver_blog,223637427721,woong1700,https://blog.naver.com/woong1700/223637427721,"한국 최초 네트워크 마케팅 회사, PM-International 연금제도 도입","© CoolPubilcDomains, 출처 OGQ ​안녕하세요 독일피엠 이종웅입니다 ​지난 10월4일 저는 놀라운 소식을들을 수 있었습니다​ ​​바로 일산 킨텍스 제1전시장에서12,000명이 모인 가운데 개최된 PM International 한국 내셔널 콩그레스에서​창립자 겸 현재 CEO 이신롤프 소르그 회장님이직접 참석하셔서 발표하신 엄청난 소식이었습니다​ ​내년인 2025년 2월부터연금제도를 시행한다는 발표에저뿐만 아니라 ​콩그레스에 참석한 12,000명의 함성이 그것을 증명했습니다​​PM 퇴직연금 보상플랜 ​​위의 내용을 요약하자면 한국의 고령화 및 고물가 시대에발맞춰 은퇴 이후 제2의 인생서막을 열 수 있는​피엠 연금제도(PM pension),노후 보장성 퇴직연금제도도입을 롤프 소르그 회장님이직접 선언하셨습니다​​ ​롤프 소르그 회장님은 ""한국은 은퇴자 중 여성은 월평균 39만 원, 남성은 월평균 75만 원정도의 연금을 받는 것으로알고 있다""라며​""한국 피엠 팀파트너들이 이 연금에만 기대지 않도록 ​피엠 연금제도를 도입하게 됐다""고 밝히셨습니다 ​ ​이어 ""이 연금제도는 이미PM International 파트너들에게 시행되고 있는 프로그램""이라면서​""IMM 직급 이상이면 퇴직연금에가입할 수 있으며 직급에 따라차등을 두지만 매달 납부하는​연금의 50%를 회사가 지원하는 것은 일괄적으로적용된다""라고 하셨습니다​​ ​​아울러 롤프 소르그 회장님은연금제도의 사례를 들어 쉽게 이해하도록 말씀하셨습니다​""예컨대 회원이 퇴직연금으로10만 원을 부담하고 회사가10만 원을 지원하는 방식으로 도입될 것 ""이라며​""직급이 높으면 높을수록 회사가부담하는 납입금 액수는더 커질 것""이라고 설명했습니다 ​ ​이는 네트워크 마케팅 회사에서감히 시행할 수 없는 연금제도를​PM-lnternational에서 만이할 수 있는 퇴직연금제도인 만큼,어느 누구에게나 다시 올 수 없는기회입니다​고위 리더들에게 더욱 든든한노후 보장을 하기 때문에, 시간이 흘러 고위 직급자가될수록 매월 받는 수당 외에​내가 선택하여 납부하는 연금금액이 늘어남에 자동으로 50%를 PM International에서납부하는 금액도 많아져서​ 나의 미래를확실하게보장해 줄 것입니다​ ​​앞으로 퇴직연금제도에 대한구체적인 내용은 내년 2월에시행하기 때문에 11월 중에발표가 될 것입니다​이러한 엄청난 연금제도를 시행한다는 것은 현재 48개국에 진출되어 있는PM International 롤프 소르그 회장님의 철학이담겨 있기 때문입니다​ ​​이에 뒷받침이 되듯 한국에서도놀라운 성과를 이루고 있습니다​ 2018년 한국에 오픈해서5년 만에 3위 달성​​ 2022년 대비 2023년등록 회원 수와 수당 수령 회원 수가PM International만이증가하였습니다 (공정거래위원회 자료입니다)​​또한 PM International 은독일에 본사를 두고 있으며1993년 롤프 소르그 회장님이설립하여​현재 48개국에 진출되어있는 전 세계 최고의 회사입니다​​ ​ 2024 내셔널 콩그레스에서 발표​ ​이러한 회사이기 때문에엄청난 혜택을 주는 연금제도를 전 세계 파트너들에게 제공하는 것입니다​또 하나의 자랑은 전 세계가원서버로 연결되어 있어서실시간으로 내 그룹의매출액을 바로 알 수가있습니다​​지금도 늦지 않았습니다노후를 책임지는 PM International 을선택하십시오​​서울시 송파구 충민로 52 가든파이브 웍스 S동 610호이 종 웅 010~5576~1700 ​U.S.A1830 W Olympic blvd #207LA, CA 90006 PM LA 미주 센터 김 미 주213~407~5951​​#연금제도 #퇴직연금제도 #퇴직연금 #독일피엠 #독일피엠인터내셔널 #월드비전 #네트워크마케팅 #하나은행 #하나금융투자 #독일피엠주스 #피트라인 #노후준비 #노후연금 #노후자금 #야베스그룹",,,,9,0,"#207, #207LA, #네트워크마케팅, #노후연금, #노후자금, #노후준비, #독일피엠, #독일피엠인터내셔널, #독일피엠주스, #야베스그룹, #연금제도, #월드비전, #퇴직연금, #퇴직연금제도, #피트라인, #하나금융투자, #하나은행","https://blogimgs.pstatic.net/nblog/mylog/post/btn_confirm.gif, https://ssl.pstatic.net/static/blog/profile/img_profile_preset_07.png, https://ssl.pstatic.net/static/blog/profile/img_profile_preset_01.png, https://ssl.pstatic.net/static/blog/img_ani_blogid2.gif, https://storep-phinf.pstatic.net/motion2d_01/original_10.png_100, https://ssl.pstatic.net/static/blog/profile/img_profile_preset_08.png, https://blogimgs.pstatic.net/nblog/quickeditor/btn_qk_set.gif, https://postfiles.pstatic.net/MjAyNDEwMjlfNDcg/MDAxNzMwMTI5NTM4Njk5.ANm3aQpZbj06xcEFOu4fH9lPVuEKWZ9UjI4_6iGgShIg.5qXsozQ69_wCcGttDdK6N9DZVVSwviNHMtcwVW2_0PQg.JPEG/1730129538131.jpg_blur, https://blogimgs.pstatic.net/nblog/mylog/post/btn_close5.gif, https://postfiles.pstatic.net/MjAyNDEwMjlfMjgg/MDAxNzMwMTMxNzk1NTcz.6gPsd_Hi7ER2Us2ukSpe0eK8SQ60TU361yjqeJQfDdYg.xAfHamX6ZroMOh14r-FvyjRyG0G7LHBOiMpkUOb0UwAg.JPEG/1730131794371.jpg_blur",,2025-11-07 15:29:55
naver_blog,223750498165,k8222114,https://blog.naver.com/k8222114/223750498165,"▶피엠인터내셔널, PM-international ▶건강기능식품 주문신청 받습니다.","▶피엠인터내셔널, PM-international ▶건강기능식품 주문신청 받습니다. ▷회원가입 1:1 문의 010.6372.5939 피엠인터내셔널 백항선 ​​▷네이버블러그 참조 https://blog.naver.com/k8222114/223524988567​ ▶피엠인터내셔널,백항선, PM-international ▶건강기능식품 주문신청 받습니다. ▷회원가입 1:1 문의 010.6372.5939 백항선 ▶피엠인터내셔널 백항선 ▶오토십(abc) 회원가입 접수중 010.6372.5939 백항선 ▶피엠인터내셔널, PM-in... blog.naver.com ​​▶오토십(abc) 3개월 정기구독시스템 ▷피트라인파워칵테일 ▷피트라인라스토레이트 ▷피트라인액티바이즈 ​▶홈페이지 -https://01063725939.modoo.at​#세계푸드테라피협회, #백항선, #01063725939, #피엠쥬스, #피엠인터내셔널, #오토십, ​#파워칵테일, #라스토레이트, #액티바이즈, #pm인터내셔널, #피엠인터내셔널코리아, #피트라인파워칵테일, #피트라인라스토레이트, #피트라인액티바이즈, ​​▶건강기능식품 SHOP, 소비자 주문가격 입니다. : 피엠인터내셔널코리아​-파워칵테일 ₩151,800 -리스토레이트 ₩40,900 -액티바이즈 (스테비아) / AOP ₩51,700 ​-큐10플러스 ₩70,000 -오메가3 ₩56,000 -피트니스 드링크 ₩74,000 -젤슈츠 오렌지맛 ₩73,500 -아이비5 ₩44,800 -겔링핏 ₩102,400 -뮤노겐 ₩89,200 -뷰티 ₩83,000 -프로쉐이프 바닐라맛 ₩61,900 -프로쉐이프 초콜릿무스맛 ₩61,900 -프로쉐이프 코코넛맛 ₩61,900 -프로쉐이프 와일드베리맛 ₩61,900 -프로쉐이프 망고맛 ₩61,900 -C-밸런스 ₩68,100 -맨플러스 ₩79,330 -제너레이션 50+ ₩145,990 -웨이 ₩67,900 -듀오 101,760 -주니어 파워칵테일 ₩53,800 ​▷네이버블러그 참조 https://blog.naver.com/k8222114/223524988567​ #파워칵테일, #리스토레이트, #액티바이즈, #스테비아, #큐10플러스, #오메가3, #피트니스드링크, #젤슈츠오렌지맛, #아이비5, #겔링핏, #뮤노겐, #뷰티, #프로쉐이프바닐라맛, #프로쉐이프초콜릿무스맛, #프로쉐이프코코넛맛, #프로쉐이프와일드베리맛, #프로쉐이프망고맛, #C-밸런스, #맨플러스, #제너레이션50+, #웨이, #듀오, #주니어파워칵테일, #건강기능식품, #SHOP, ​ ​▶상호명 : 세계푸드테라피협회 - 소재지 : 서울특별시 서대문구 이화여대5길16, 2층 ( 이화여자대학교정문 앞 ) - 교통편 : 전철2호선 이대입구역 2번출구 부근 50미터​ 50m© NAVER Corp.더보기 /OpenStreetMap지도 데이터x© NAVER Corp. /OpenStreetMap지도 컨트롤러 범례부동산거리읍,면,동시,군,구시,도국가 세계푸드테라피협회 서울특별시 서대문구 이화여대5길 16 2층 ​- 저작권자@세계푸드테라피협회 온라인SNS마케팅, 일체 무단 전재 및 재배포 금지 ​",,010-6372-5939,,0,0,"#01063725939, #C, #SHOP, #pm인터내셔널, #건강기능식품, #겔링핏, #듀오, #라스토레이트, #리스토레이트, #맨플러스, #뮤노겐, #백항선, #뷰티, #세계푸드테라피협회, #스테비아, #아이비5, #액티바이즈, #오메가3, #오토십, #웨이, #제너레이션50, #젤슈츠오렌지맛, #주니어파워칵테일, #추천인코드, #큐10플러스, #태그, #파워칵테일, #프로쉐이프망고맛, #프로쉐이프바닐라맛, #프로쉐이프와일드베리맛, #프로쉐이프초콜릿무스맛, #프로쉐이프코코넛맛, #피엠인터내셔널, #피엠인터내셔널백항선, #피엠인터내셔널코리아, #피엠쥬스, #피트니스드링크, #피트라인, #피트라인라스토레이트, #피트라인액티바이즈, #피트라인파워칵테일","https://ssl.pstatic.net/static/blog/profile/img_profile_preset_07.png, https://postfiles.pstatic.net/MjAyNTAyMDdfMjE5/MDAxNzM4ODU2OTY4Nzg3.qXIhbFy4vzOsGt-9AntBnpkItdoI6ZO5FYL_VzFbzbcg.FyCYS0fpfpU4UpC20aruFOJeQwJU7qeGyOJ8GxHy0IIg.JPEG/image.JPEG_blur, https://blogimgs.pstatic.net/nblog/mylog/post/btn_close5.gif, https://postfiles.pstatic.net/MjAyNTAyMDdfMjkx/MDAxNzM4ODU2OTY4Nzcw.StpwAqtpPb63s9We9dD11-SrhSMYZLAklhv-nS57r5sg.cKrwyoI0xJ8LjNWgkaJEI91ySnh2bq2PDPIMBOW_Ejkg.JPEG/image.JPEG_blur, https://ssl.pstatic.net/static/blog/profile/img_profile_preset_06.png, https://blogimgs.pstatic.net/nblog/mylog/post/btn_viewexif.gif, https://blogimgs.pstatic.net/item/personacon/11/84/1108411.gif, https://map.pstatic.net/nrb/styles/basic/1761871134/17/111754/50760.png?mt=bg.ol.sw.ar.lko, https://map.pstatic.net/nrb/styles/basic/1761871134/17/111754/50761.png?mt=bg.ol.sw.ar.lko, https://map.pstatic.net/nrb/styles/basic/1761871134/17/111756/50760.png?mt=bg.ol.sw.ar.lko",,2025-11-07 15:30:52
naver_blog,223472909486,pmocean,https://blog.naver.com/pmocean/223472909486,2024년 IMM 인센티브 투어 & PM International World Congress,"​2024년 6월 3일 월요일작년에 이어 두번째 IMM 인센티브 투어에 참석했다. 오랜 친구로 함께 지내오는 허리디스크 때문에 장거리 비행이 너무 힘들어서 참석하지 않으려고 했는데 ""파트너 사장님들께 뭘 보여줄거냐?""는 스폰서 사장님의 한마디에 죽기 아니면 까물어칠 각오로 참석했다.​​​ 중동의 허브 도하공항 (경유지)​도하공항에 잠시 머무르는 동안에 반가운 소식을 들었다. 같은 교회 성도이신 정영목집사님께서 위암이 잘 치료 되어져서 전이도 없고 안전권에 접어들었다는 반가운 소식을 톡으로 받았다. 이번 여행의 시작은 반가운 소식으로 시작이 되었다. 아마도 좋은 일이 이어질 것 같다. ​이미 좋은 일이 있었다. 인천공항에서 도하공항으로 오는 기내에서 옆자리에 앉은 승객분에게 PM의 정보를 전했다. 스튜어디스 일을 시작하는 젊고 아름답고 긍정적인 분이다. PM의 정보를 제대로 볼 수 있기를 기대해 본다.​​6월 4일 화요일 울산에서 인천공항으로 카타르 도하공항을 경유하고 만 하루만에 첫번째 여행지인 헝가리 부다페스트에 도착했다.​장시간 비행으로 지친 탓에 몇군데 구경을 했지만 다 기억이 안난다.확실하게 기억이 나는 한 곳이 있다. '다뉴브강' 다른 말로 '도나우강' 이라고도 한다. 너~~무 아름답다. 교과서에서 보았던 강을 실제로 보고 있다. 0초 0초 광고 후 계속됩니다. 다음 동영상 subject author 취소 2024년 IMM 인센티브 투어 & PMI World Congre (1) 재생 29 공유하기 재생 (space/k) 재생 00:21 0:00:00 재생 (space/k) 재생 음소거 (m) 음소거 00:00 / 00:21 실시간 설정 전체 화면 (f) 해상도 HD 720p 자막 사용 안함 재생 속도 1.0x (기본) 해상도 720p HD 480p 270p 144p 자막 설정 사용 안함 옵션 글자 크기 배경색 재생 속도 0.5x 1.0x (기본) 1.5x 2.0x 죄송합니다. 문제가 발생했습니다. 다시 시도해 주세요. 도움말 음소거 상태입니다. 도움말 라이센스 고화질 재생이 가능한 영상입니다. 설정에서 해상도를 변경해보세요. 더 알아보기 00:00 2024년 IMM 인센티브 투어 & PMI World Congre (1) 다뉴브강 전경​​​풍경에 감탄하고 있던 순간 이 아름다운 강에서 선상디너파티를 한다는 연락이 왔다***""야호!!"" 다뉴브강 선상디너파티​""울산 촌놈 호사하고 있습니다. ^^""​창쪽에 앉은 두 모자(母子)분이 주위의 시선을 받고 있다. 24살 아들이 IMM이 되어 엄마와 함께 왔다고 한다. 정말 멋진일 아닌가? 함께 오고 싶은 사장님들 얼굴들이 마구마구 떠오른다. 꼭 같이 오고 싶다.​와인 한잔에 취하고, 아름다운 도나우강의 야경에 취하고,꿈을 나누는 사람들의 대화에 만취가 되었다,호텔로 이동했는데 바로 쓰러졌다.^^​6월 5일 수요일부다페스트에서 비엔나(오스트리아)로 이동했다. 버스로 3시간 걸렸다.쉘부른 왕궁, 호크부르크왕궁, 슈테판대성당 등 명소를 관광했는데~~ 녹초가 되고 말았다. 0초 0초 광고 후 계속됩니다. 다음 동영상 subject author 취소 2024년 IMM 인센티브 투어 & PM International Wor 재생 18 공유하기 재생 (space/k) 재생 00:28 0:00:00 재생 (space/k) 재생 음소거 (m) 음소거 00:00 / 00:28 실시간 설정 전체 화면 (f) 해상도 HD 720p 자막 사용 안함 재생 속도 1.0x (기본) 해상도 720p HD 480p 270p 144p 자막 설정 사용 안함 옵션 글자 크기 배경색 재생 속도 0.5x 1.0x (기본) 1.5x 2.0x 죄송합니다. 문제가 발생했습니다. 다시 시도해 주세요. 도움말 음소거 상태입니다. 도움말 라이센스 고화질 재생이 가능한 영상입니다. 설정에서 해상도를 변경해보세요. 더 알아보기 00:00 2024년 IMM 인센티브 투어 & PM International Wor 쉘부른왕궁의 정원 쉘부른왕궁의 분수대 왕궁에서 길을 잃고 헤매다가 한컷 햇살이 너무 눈부시다.^^​​6월 6일 목요일비엔나에서 체코로 이동했다. 역시 버스로 3시간정도 걸렸다.오스트리아의 국경과 인접한 마을 체스키 크룸로프성을 탐방했다. 안동의 하회마을과 비슷한 지형이다. 강을 이용해서 적의 침입을 어렵게 만든 요새라고 한다. ​ 성안으로 들어가는 다리 다리 어귀에는 불곰을 키워서침입하는 적을 기습하게 했다. 강으로 둘러쌓인 성 성 둘레를 흐르고 있는 강은 카약 유원지가 되어 있다 체스키 크룸로프성에서 간단한 점심 & 휴식 후 프라하로 이동한다. 프라하는 2번째 방문이지만 또 기대가 된다.​ 야경이 아름답기로 유명한 프라하는 체코의 옛 모습을 그대로 보존하고 있어서 유네스코 세계문화유산으로 등재되어 있다. 약 600년전에 만들어진 기계식 천문대시계를 비롯해서 까를교 등 여러 명소를 탐방했다.​​​ 0초 0초 광고 후 계속됩니다. 다음 동영상 subject author 취소 2024년 IMM 인센티브 투어 & PMI World Congre (3) 재생 19 공유하기 재생 (space/k) 재생 01:06 0:00:00 재생 (space/k) 재생 음소거 (m) 음소거 00:00 / 01:06 실시간 설정 전체 화면 (f) 해상도 HD 720p 자막 사용 안함 재생 속도 1.0x (기본) 해상도 720p HD 480p 270p 144p 자막 설정 사용 안함 옵션 글자 크기 배경색 재생 속도 0.5x 1.0x (기본) 1.5x 2.0x 죄송합니다. 문제가 발생했습니다. 다시 시도해 주세요. 도움말 음소거 상태입니다. 도움말 라이센스 고화질 재생이 가능한 영상입니다. 설정에서 해상도를 변경해보세요. 더 알아보기 00:00 2024년 IMM 인센티브 투어 & PMI World Congre (3) 프라하광장 0초 0초 광고 후 계속됩니다. 다음 동영상 subject author 취소 2024년 IMM 인센티브 투어 & PMI World Congre (4) 재생 12 공유하기 재생 (space/k) 재생 00:23 0:00:00 재생 (space/k) 재생 음소거 (m) 음소거 00:00 / 00:23 실시간 설정 전체 화면 (f) 해상도 HD 720p 자막 사용 안함 재생 속도 1.0x (기본) 해상도 720p HD 480p 270p 144p 자막 설정 사용 안함 옵션 글자 크기 배경색 재생 속도 0.5x 1.0x (기본) 1.5x 2.0x 죄송합니다. 문제가 발생했습니다. 다시 시도해 주세요. 도움말 음소거 상태입니다. 도움말 라이센스 고화질 재생이 가능한 영상입니다. 설정에서 해상도를 변경해보세요. 더 알아보기 00:00 2024년 IMM 인센티브 투어 & PMI World Congre (4) 천문대시계 (기계식) 0초 0초 광고 후 계속됩니다. 다음 동영상 subject author 취소 2024년 IMM 인센티브 투어 & PMI World Congre (5) 재생 35 공유하기 재생 (space/k) 재생 00:12 0:00:00 재생 (space/k) 재생 음소거 (m) 음소거 00:00 / 00:12 실시간 설정 전체 화면 (f) 해상도 HD 720p 자막 사용 안함 재생 속도 1.0x (기본) 해상도 720p HD 480p 270p 144p 자막 설정 사용 안함 옵션 글자 크기 배경색 재생 속도 0.5x 1.0x (기본) 1.5x 2.0x 죄송합니다. 문제가 발생했습니다. 다시 시도해 주세요. 도움말 음소거 상태입니다. 도움말 라이센스 고화질 재생이 가능한 영상입니다. 설정에서 해상도를 변경해보세요. 더 알아보기 00:00 2024년 IMM 인센티브 투어 & PMI World Congre (5) 카를교 위에서 연주하는 악사**카메라 드리대자마자 연주종료아쉽아쉽(예쁘다~~) 성 네포무크신부 동상(전 유럽인의 존경을 받는) ​프라하의 야경을 보면서 저녁 만찬을 하고 하루의 일정을 마쳤다. 프라하 시내가 한눈에 들어오는 언덕위에 자리한 식당!체코 정부에서 국빈을 대접할때 이용하는 요리집이란다.But 마누라 요리에 한표 ㅋㅋㅋ 뷰는 최고!!! 母子 사업자(우) ​​6월 7일 금요일아침부터 프라하에서 베를린으로 이동했다. 버스로 4시간 걸린다고 한다. 왜 비행기를 타지 않느냐고 물었더니 시간이 더 걸린다고 했다(?) ​공항이동, 대기, 입국수속, 다시 공항에서 목적지 이동 등의 시간을 감안하니 이해가 되네~~^^ ​약5시간을 달려서 12시 50분쯤 베를린 시내에 도착했다. 3시까지 프리타임이라고 한다. 우리는 가장 가까운 PM픽업센터 지역분점을 검색할수 있었고 택시를 타고 갔다. 덴탈케어 제품을 구입하기 위해서~~~ But, 먼저 도착한 중국인 사업자들이 싹슬이 해버려서 사지를 못했다 ㅠㅠ 중국인 사업자가 대량으로 구매한 제품들~~ 0초 0초 광고 후 계속됩니다. 다음 동영상 subject author 취소 대량으로 제품을 구매한 중국인 사업자~~ 재생 13 공유하기 재생 (space/k) 재생 00:11 0:00:00 재생 (space/k) 재생 음소거 (m) 음소거 00:00 / 00:11 실시간 설정 전체 화면 (f) 해상도 HD 720p 자막 사용 안함 재생 속도 1.0x (기본) 해상도 720p HD 480p 270p 144p 자막 설정 사용 안함 옵션 글자 크기 배경색 재생 속도 0.5x 1.0x (기본) 1.5x 2.0x 죄송합니다. 문제가 발생했습니다. 다시 시도해 주세요. 도움말 음소거 상태입니다. 도움말 라이센스 고화질 재생이 가능한 영상입니다. 설정에서 해상도를 변경해보세요. 더 알아보기 00:00 대량으로 제품을 구매한 중국인 사업자~~ ​덴탈케어 제품은 올해 말쯤 한국에 오픈될 제품이라 먼저 파트너사장님들께 선보여 줄 계획이었는데 정말 아쉽다. 아쉬움을 뒤로하고 호텔로 발길을 돌렸다.​​6월 8일 토요일오늘은 이번 IMM 인센티브 투어의 매인 행사인 PM International World Congress가 있는 날이다. 11시부터 시작이라 오전에 몇 시간 쉴 수 있는 여유가 생겼다. 좋~~~다^^ 숙소에서 PM쥬스파티 한판 ^^​​​잠시 놀다가 행사장으로 향했다. 전 세계 IMM 이상의 사업자들이 한자리에 모였다. 그다지 많은 숫자가 아님에 깜짝 놀랐다. ​☆ 고작 이정도 숫자로 전세계 6위를 한다고?☆ 그것도 건강기능식품 단일 매출로??☆ 도대체 이게 말이 돼???​과거에 한때 몸 담았던 N사의 이런 행사에서는 일본의 도쿄돔이 꽉 찼었는데~~~​놀라움은 여기서 끝나지 않았다.PM의 품목은 건강기능식품이다. 사업자들이 상대적으로 나이가 어느 정도 있을 것으로 예상했는데~~~ 완전 깜놀!!! 퀵보드 타는 20대 PM사업자건강식품을 찾을 나이가 아니다. 이들은 부자가 되는 도구로 PM을 선택헀구나!!! 다~~ 젊다. 한국의 미래 모습을 지금 먼저 보고 있다. 좀 올드하신 분들이군요! 우리 한국팀^^​6월 9일 일요일오늘은 IMM 인센티브 투어의 마지막 날로 배를린 시내를 관광한다. 전승기념탑 독일 대통령궁 베를린 중앙역 부란덴부르크문 앞에서 母子사장님들~ 가족과 함께~~~ 멋진 사업이다!​​지금 막 엄숙해지는 장소로 이동했다.'홀로코스트 추모광장'이다. 홀로코스트 추모광장 독일은 전범국이라는 사실을 인정하고 독일의 수도 베를린의 한가운데 금싸라기 같은 땅 19,000㎡에 달하는 1블록 전체를 유태인 추모광장으로 조성해서 사죄하는 마음을 표현하고 있다. 이곳에는 2,711개의 이름없는 비석들이 있다. 가로와 세로의 길이는 모두 같으나 높이는 하나도 같은게 없다고 한다. 심혈을 기울인 독일인의 진심이 느껴진다. ​같은 전범국이면서 사죄는 고사하고 역사를 왜곡하면서까지 발뺌으로 일관하고, 독도에 대한 터무니 없는 영토주장 등 지속적으로 군국주의적 도발을 자행하는 일본의 철면피가 대조적으로 떠올랐다. ​안으로 쭉 걸어들어가면 높이가 갑자기 높아지기도 하고 낮아지기도 하고 바닥도 들쑥날쑥하다. 혼란스러운 느낌을 주기 위함이라고 하던데 정말 그랬다. 미로 같기도 하고.. 옆에서 오는 사람이 보이지 않아 부딪히기도 쉽고 답답한 느낌을 줬다.​​무너진 베를린 장벽을 보고 있다. 한국은 언제~~~?? 무너진 베를린장벽 0초 0초 광고 후 계속됩니다. 다음 동영상 subject author 취소 남겨 놓은 베를린 장벽의 일부에는 세계적인 화가들이 벽화를 그려 놨다. 재생 10 공유하기 재생 (space/k) 재생 00:14 0:00:00 재생 (space/k) 재생 음소거 (m) 음소거 00:00 / 00:14 실시간 설정 전체 화면 (f) 해상도 HD 720p 자막 사용 안함 재생 속도 1.0x (기본) 해상도 720p HD 480p 270p 144p 자막 설정 사용 안함 옵션 글자 크기 배경색 재생 속도 0.5x 1.0x (기본) 1.5x 2.0x 죄송합니다. 문제가 발생했습니다. 다시 시도해 주세요. 도움말 음소거 상태입니다. 도움말 라이센스 고화질 재생이 가능한 영상입니다. 설정에서 해상도를 변경해보세요. 더 알아보기 00:00 남겨 놓은 베를린 장벽의 일부에는 세계적인 화가들이 벽화를 그려 놨다. 러시아의 작가 브루벨의 작품 '형제의키스' 러시아의 작가 브루벨을 포함해 세계 21개국 작가 118명이 베를린 장벽에 그림을 그려 조성한 '이스트사이드 갤러리'는 이 지역의 대표적 관광명소가 됐다.이 가운데 브루벨의 작품은 관광객이 반드시 보고 사진을 찍어야 할 벽화로 꼽힐 만큼 유명하다.​러시아의 화가 브루벨은 당시 레오니트 일리치 브레즈네프 전 소련 공산당 서기장과 에리히 호네커 전 동독 공산당 서기장의 볼맞춤 인사 장면을 해학적으로 묘사한 '형제의 키스'라는 작품을 남겼다.​이 그림의 의미는 ""너희들이(두 공산독재자) 키스를 나누면서까지 지키려 했던 공산독재는 무너졌다""​이제 구경은 할 만큼 했고 빨리 한국가서 된장찌게 먹고싶다~~~~",,,,0,0,#태그,"https://postfiles.pstatic.net/MjAyNDA2MDlfMTg2/MDAxNzE3ODgxMDMyOTEw.DpZIesulUIh1KU1aVbPkJyUkBF37qSARA3oz8wB2An4g.485TGcU_8GjLyMs79SOMhV57Hyo7SKsApeCmf1-x0Nkg.JPEG/1717822902116.jpg_blur, https://postfiles.pstatic.net/MjAyNDA2MDlfODkg/MDAxNzE3ODgyNzA4MjQ5.7js56ic5NDe860IdedxHHcDljEb1uSo9mHCo-IXStXUg.Oluc2v9466noVpX7TAHw-kMt7l3tfRV3AHWmz0MTzQ0g.JPEG/20240608_114156.jpg_blur, https://ssl.pstatic.net/static/blog/profile/img_profile_preset_07.png, https://postfiles.pstatic.net/MjAyNDA2MDhfMTUg/MDAxNzE3ODQxNDk2NTM3.D3DC3Mvov67NBcFrlq_ZTpDp6TDxGMuiySk3VPFWY1Mg.3ZURu7et4Bwi8NWs-sKlKYnzjwsKn2H2rOyUXwM2wr8g.JPEG/1000024304.jpg_blur, https://blogpfthumb-phinf.pstatic.net/MjAyNDAxMTdfMjc5/MDAxNzA1NDkzNzM4MDQ2.zioo_Rq5ZPVkmhUC7a-H6i2f-m7-Hu-q9sMj5hRPRGog.Thv2x7fIIGp3yH59zY2TePclSRoq89H-eHSuvyMBmcMg.JPEG.abh080/KakaoTalk_20240117_211007578.jpg/KakaoTalk_20240117_211007578.jpg, https://postfiles.pstatic.net/MjAyNDA2MTJfMTU0/MDAxNzE4MTIwNDI3MzUx.4rzmUN5998zH82amS1ocYQypk65nrYZno3-J8O1Sq2kg.pkj93xOdgVKU6fwK29gKjDJuxqvPKZ-Rh4upYEFF90og.JPEG/SE-a1f00041-27bc-11ef-a804-73a5c6405193.jpg_blur, https://postfiles.pstatic.net/MjAyNDA2MDlfMjA5/MDAxNzE3ODgxMDMyODc1.adLpUsXtQ1oG5D-HMH3Lc35s7wd7AlyQh1Vh-HuTu6Qg.ajyA-P80CwsCTjfQ_jAJGb8u5hXwTKMo5fzpeL9yDEcg.JPEG/1717822885016.jpg_blur, https://postfiles.pstatic.net/MjAyNDA2MTJfMTM2/MDAxNzE4MTIwMDQwMjE2.DamnMFRPcKfUzM63KbHnRV34jZcALiNB7o1-xHMOsowg.GLIyvt697uhtZOPwhwxrG85ZU4IcAtfDpsLhoe_fewgg.JPEG/20240606_183841.jpg_blur, https://blogimgs.pstatic.net/nblog/mylog/post/btn_close5.gif, https://postfiles.pstatic.net/MjAyNDA2MTJfMjQ2/MDAxNzE4MTIwNzU4Mzk4.woHvORZ-X5vdK-yb6XNhPgOlvS8W1iuA1v_Y6ZyX4lsg.5LBG5WrCHXItnCqyBSBC6VkpovQqv94yEf5cnTSx5ocg.JPEG/SE-a1f0004b-27bc-11ef-a804-b7db9abfab2a.jpg_blur",,2025-11-07 15:31:12
naver_blog,223317891327,simple-successful,https://blog.naver.com/simple-successful/223317891327,왜 PM international은 Simple Successful일까?,"먼저 이 블로그는 PM-International의 제품을 경험한 나의 기록이고, 이 블로그에 방문한 분들에게 도움이 되고 싶은 마음에 개설하였음을 먼저 밝힙니다. 블로그 제목이 Simple. Successful.입니다. 단순함. 성공. 이렇게 표현할 수 있겠네요. 이렇게 이름 지은 것은 PM-International의 사업 모델이 단순하기 때문입니다. 제품도 건강기능 식품 하나에 집중합니다. 그리고 꾸준하게 확장하고 유지한다면 나에게 매우 좋은 수익 모델이 될 수 있습니다. 저 멀리 보이는 산 정상에 가고 싶은 마음이 있다면 무엇부터 해야 할까요? 네, 맞습니다. 먼저 출발해야 합니다. PM에서는 월에 수억을 벌고 있는 분들이 있습니다. 그리고 저의 목표는 CL이라는 직급입니다. 월에 1억 원의 수익이 보장되는 직급입니다. 더 높은 직급도 생각해 봅니다. 기분이 좋습니다. 이건 지금 저에게 있어서 하나의 꿈이고, 경제적 자유를 위한 결단입니다. ​대부분의 회사는 정년이 보장되지 않습니다. 45세에 정년이라는 ""사오정""이라는 말도 이제는 옛말이라고 하죠. 퇴직의 시기는 점점 빨라집니다. 하나의 직장이 나의 미래를 담보해 주는 시대는 지났습니다. 나의 직장이 나를 증명하는 것이 아니고, 나의 현재 수입이 나를 증명합니다. 가족에게 당당한 모습은 두툼한 은행 잔고를 기반으로 합니다. 지금 우리는 자본주의 시대를 살고 있으니까요. 퇴직 후에 자녀에게 의존하거나 나라에 의존하는 삶을 원하지 않는다면 파이프라인을 구축해야 합니다. 파이프라인은 여러 가지 일 수 있습니다. 책을 출판하여 인세를 받을 수도 있을 것이고, 부동산에 투자하여 월세를 받을 수 있을 겁니다. 혹은 배당 주식에 투자하여 안정적인 배당 수익을 노릴 수도 있을 것입니다. 미술품에도 투자할 수 있을 것입니다. 이 외에도 수많은 형태의 파이프라인은 존재할 것입니다. 그것이 어떤 형태가 되었든지 현재의 노동 소득을 대체할 수 있는 파이프라인이 많을수록 내 삶의 안정감은 커질 것입니다. ​내 삶의 안정감을 높이기 위해서 쉽게 성공할 수 있는 방법이 바로 여기 있습니다. 독일 직접판매 업체, 건강기능식품, 화장품, 단백질 보충용 식품 등을 판매하는 PM-International이 바로 그것입니다. 피엠인터내셔널 독일 직접판매 업체, 건강기능식품, 화장품, 단백질 보충용 식품 등 판매 www.pmi-korea.com 궁금하다면 방문해보세요. 그리고 문의해주세요. 당신과 함께 성장할 타이탄 PM 그룹이 있습니다. simple-successful@naver.com 추천 ID: 8272208 (최*순)​ ​",,,,3,1,"#PMInternational, #경제적자유, #독일PM, #독일직접판매업체, #조기은퇴, #직접판매, #타이탄PM, #파이프라인, #피엠주스","https://blogimgs.pstatic.net/nblog/mylog/post/btn_confirm.gif, https://ssl.pstatic.net/static/blog/profile/img_profile_preset_07.png, https://ssl.pstatic.net/static/blog/profile/img_profile_preset_01.png, https://ssl.pstatic.net/static/blog/img_ani_blogid2.gif, https://ssl.pstatic.net/static/blog/profile/img_profile_preset_08.png, https://blogimgs.pstatic.net/nblog/quickeditor/btn_qk_set.gif, https://blogimgs.pstatic.net/nblog/mylog/post/btn_close5.gif, https://blogimgs.pstatic.net/nblog/mylog/post/btn_download2.gif, https://ssl.pstatic.net/static/common/btn/btn_confirm2.gif, https://blogimgs.pstatic.net/nblog/spc.gif",,2025-11-07 15:31:21
naver_blog,223430523701,innoip,https://blog.naver.com/innoip/223430523701,PM International 제품과 효능,"​ 0초 0초 광고 후 계속됩니다. 다음 동영상 subject author 취소 PM international 의 제품과 효능 재생 11 좋아요 0 좋아요 공유하기 재생 (space/k) 재생 02:57 0:00:00 재생 (space/k) 재생 음소거 (m) 음소거 00:00 / 02:57 실시간 설정 전체 화면 (f) 해상도 HD 720p 자막 사용 안함 재생 속도 1.0x (기본) 해상도 1080p HD 720p HD 480p 270p 144p 자막 설정 사용 안함 옵션 글자 크기 배경색 재생 속도 0.5x 1.0x (기본) 1.5x 2.0x 죄송합니다. 문제가 발생했습니다. 다시 시도해 주세요. 도움말 음소거 상태입니다. 도움말 라이센스 고화질 재생이 가능한 영상입니다. 설정에서 해상도를 변경해보세요. 더 알아보기 00:00 PM international 의 제품과 효능 created by 김재범 ​​PM International은 건강과 미용을 위한 제품을 제공하는 회사로, PM의 제품은 일반적으로 영양 보조제, 체중 감량 및 관리 제품, 피부 관리 제품 등이 있습니다. 아래는 PM International의 주요 제품 카테고리와 각 제품의 일반적인 효능에 대한 설명입니다.​영양 보조제: PM International 은 비타민, 미네랄, 항산화제 등을 포함한 영양 보조제를 제공합니다. 이러한 제품은 일상적인 영양 섭취 부족을 보완하고 전반적인 건강과 면역 체계를 강화하는 데 도움을 줍니다.체중 감량 및 관리 제품: PM International은 다이어트나 체중 관리를 위한 제품도 공급합니다. 이러한 제품은 탄수화물, 지방, 단백질 등의 섭취를 조절하거나 신진대사를 촉진하여 체중 감량을 지원하고, 건강한 체중을 유지하는 데 도움이 될 수 있습니다.피부 관리 제품: PM International은 피부 관리 제품 라인도 제공합니다. 이 제품들은 피부를 촉촉하게 유지하고 피부 톤을 개선하며 주름과 기타 피부 이상을 개선하는 데 도움을 줍니다.​PM International의 제품은 각각의 목적과 필요에 맞게 설계되었으며, 정기적으로 사용함으로써 전반적인 건강과 미용을 지원하는 데 도움이 될 것입니다.​www.pmi-korea.com 피엠인터내셔널 독일 직접판매 업체, 건강기능식품, 화장품, 단백질 보충용 식품 등 판매 www.pmi-korea.com 추천인코드: 10117388 문의. 010-8976-9368",,010-8976-9368,10117388,1,0,"#PM, #fitline, #특허","https://blogimgs.pstatic.net/nblog/mylog/post/btn_confirm.gif, https://ssl.pstatic.net/static/blog/profile/img_profile_preset_07.png, https://ssl.pstatic.net/static/blog/profile/img_profile_preset_01.png, https://ssl.pstatic.net/static/blog/img_ani_blogid2.gif, https://ssl.pstatic.net/static/blog/profile/img_profile_preset_08.png, https://blogimgs.pstatic.net/nblog/quickeditor/btn_qk_set.gif, https://blogimgs.pstatic.net/nblog/mylog/post/btn_close5.gif, https://blogimgs.pstatic.net/nblog/mylog/post/btn_download2.gif, https://ssl.pstatic.net/static/common/btn/btn_confirm2.gif, https://blogimgs.pstatic.net/nblog/widget/ico_f_blank.gif",,2025-11-07 15:31:33
naver_blog,223557900450,47k9zbc71,https://blog.naver.com/47k9zbc71/223557900450,"독일 PM 쥬스 3종 세트| 건강과 활력을 위한 선택 | PM-International, 건강 식품, 쥬스, 영양, 면역","​ 독일 PM 쥬스 3종 세트: 건강과 활력을 위한 선택 ​ PM-International의 건강 식품으로 삶의 활력을 더하세요! 현대 사회는 빠른 속도와 끊임없는 스트레스로 우리의 건강을 위협합니다. 균형 잡힌 식단과 규칙적인 운동은 건강 유지에 필수적이지만, 바쁜 일상 속에서 이를 실천하기란 쉽지 않습니다. 하지만 걱정하지 마세요! 독일 PM-International의 쥬스 3종 세트는 건강과 활력을 위한 간편하고 효과적인 선택을 제공합니다. PM-International은 건강 식품 분야의 선두주자로, 30년 이상의 연구 개발 노하우를 바탕으로 최고 품질의 제품을 생산합니다. PM 쥬스 3종 세트는 건강한 삶을 위한 필수 영양소를 공급하고, 면역력 증진 및 활력 충전에 도움을 주는 완벽한 조합입니다. ​ PM 쥬스 3종 세트: 건강과 활력의 비밀 ​1. 핏라인 액티바이즈: 활력 충전과 면역 증진 핏라인 액티바이즈는 100% 천연 과일과 채소를 사용하여 만든 맛있는 건강 음료입니다. 항산화 성분이 풍부하게 함유되어 활성산소로부터 세포를 보호하고, 면역력 증진에 도움을 줍니다. 또한, 비타민, 미네랄, 섬유질 등을 함유하여 피로 회복과 에너지 충전에 효과적입니다. ​2. 핏라인 베이직: 건강의 기초를 다지는 필수 영양소 핏라인 베이직은 건강한 삶을 위한 필수 영양소를 균형 있게 공급하는 영양 보충제입니다. 비타민, 미네랄, 필수 아미노산 등 20가지 핵심 영양소를 함유하여 신체 기능 유지와 건강 증진에 도움을 줍니다. 특히, 면역력 강화에 필요한 비타민 C, D, E, 아연 등을 고농축으로 함유하여 건강 관리에 더욱 효과적입니다. ​3. 핏라인 레스토어: 건강한 장 환경, 건강한 삶 핏라인 레스토어는 프로바이오틱스 및 프리바이오틱스를 함유하여 장 건강 개선에 도움을 주는 건강 음료입니다. 장은 우리 몸의 면역 시스템 의 중요한 부분으로, 장 건강 은 전반적인 건강 유지에 핵심적인 역할을 합니다. 핏라인 레스토어는 장내 유익균 증식을 돕고, 유해균 억제에 효과를 발휘하여 소화 흡수 개선, 면역력 강화, 장 건강 유지에 도움을 줍니다. ​ PM 쥬스 3종 세트의 놀라운 효과 PM 쥬스 3종 세트는 면역력 증진, 활력 충전, 장 건강 개선 등 다양한 건강 효과를 제공합니다. 다음은 PM 쥬스 3종 세트를 꾸준히 섭취했을 때 기대할 수 있는 효과입니다. ​면역력 강화: 핏라인 액티바이즈, 핏라인 베이직, 핏라인 레스토어에 함유된 항산화 성분, 비타민, 미네랄 등은 면역 세포 활성화 및 면역 력 증진에 도움을 주어 외부 환경 으로부터 몸을 보호하는데 효과적입니다. ​활력 충전: 핏라인 액티바이즈에 함유된 천연 과일 및 채소 성분은 피로 회복 및 에너지 충전에 도움을 주어 활기찬 하루를 보내는데 일조합니다. ​장 건강 개선: 핏라인 레스토어에 함유된 프로바이오틱스 및 프리바이오틱스는 장내 유익균 증식을 촉진하고, 유해균 억제 효과를 발휘하여 소화 흡수 개선, 장 건강 유지 및 전반적인 건강 증진에 도움을 줍니다. ​ PM 쥬스 3종 세트, 건강한 삶의 시작 PM 쥬스 3종 세트는 건강한 삶을 위한 현명한 선택입니다. 바쁜 일상 속에서 건강 관리를 쉽고 효과적으로 할 수 있도록 도와줍니다. PM-International의 최첨단 기술과 엄격한 품질 관리 시스템으로 생산된 PM 쥬스 3종 세트는 안전하고 믿을 수 있습니다. 지금 바로 PM 쥬스 3종 세트를 만나보시고, 건강하고 활기찬 삶을 시작해보세요! ​ PM 쥬스 3종 세트에 대한 자세한 정보는 PM-International 공식 웹사이트 또는 전문 상담사에게 문의하십시오. 독일 PM 쥬스 3종 세트| 건강과 활력을 위한 선택 | PM-International, 건강 식품, 쥬스, 영양, 면역 에 대해 자주 묻는 질문 TOP 5 ​질문. 독일 PM 쥬스 3종 세트의 주요 성분과 효능은 무엇인가요?답변. 독일 PM 쥬스 3종 세트는 천연 과일과 채소를 사용하여 만들어졌으며, 각 쥬스마다 특징적인 성분과 효능을 가지고 있습니다. 파워믹스는 비타민 C, E, K와 엽산이 풍부하게 함유되어 있어 면역력 강화와 피부 건강에 도움을 줍니다. 알칼라인 믹스는 알칼리성 식품으로 구성되어 산성화된 체내 환경 개선에 효과적이며, 피로 회복과 신진대사 촉진에도 도움을 줍니다. 피토믹스는 항산화 성분이 풍부한 과일과 채소를 함유하여 활성산소 제거와 노화 방지에 효과적입니다. ​질문. PM 쥬스 3종 세트를 어떻게 섭취해야 하나요?답변. PM 쥬스 3종 세트는 하루 1~2팩을 섭취하는 것이 좋습니다. 개인의 건강 상태와 목적에 따라 섭취량을 조절할 수 있으며, 아침 식사 대용이나 간식으로 섭취하면 더욱 효과적입니다. 쥬스는 냉장 보관하여 시원하게 마시는 것을 권장하며, 개봉 후에는 빠르게 섭취하는 것이 좋습니다. 보다 자세한 섭취 방법은 제품 포장에 표시된 내용을 참고하시기 바랍니다. ​질문. PM 쥬스 3종 세트는 어떤 사람들에게 적합한가요?답변. PM 쥬스 3종 세트는 건강 관리에 관심 있는 모든 사람들에게 적합합니다. 특히 면역력 강화, 피부 건강 개선, 피로 회복, 체내 환경 개선, 활성산소 제거 등의 효과를 기대하는 사람들에게 추천합니다. 바쁜 현대인, 운동하는 사람, 건강에 민감한 사람, 피부 트러블이 있는 사람들에게도 도움이 될 수 있습니다. ​질문. PM 쥬스 3종 세트의 가격은 얼마인가요?답변. PM 쥬스 3종 세트의 가격은 정확한 판매처와 구매 방법에 따라 다를 수 있습니다. PM-International 공식 홈페이지 또는 공인 판매점을 통해 구매 가능하며, 정확한 가격 정보는 해당 판매처에 문의하는 것이 좋습니다. 할인 프로모션이나 세트 상품 등 다양한 구매 옵션이 제공될 수 있으니, 판매처 정보를 확인해보시기 바랍니다. ​질문. PM 쥬스 3종 세트를 어디서 구매할 수 있나요?답변. PM 쥬스 3종 세트는 PM-International 공식 홈페이지 또는 공인 판매점에서 구매할 수 있습니다. PM-International 공식 홈페이지에서는 온라인 주문이 가능하며, 공인 판매점에서는 직접 방문하여 구매할 수 있습니다. 판매처 정보는 PM-International 공식 홈페이지를 참고하거나 고객센터에 문의하면 확인 가능합니다.",,,,1,0,"#PM-International, #PM쥬스, #PM쥬스세트, #가족건강, #건강관리, #건강보조식품, #건강식품, #건강음료, #건강증진, #건강한삶, #건강한선물, #건강한습관, #과일채소쥬스, #독일PM쥬스3종세트, #독일건강식품, #디톡스, #맛있는건강음료, #면역력강화, #면역체계, #몸관리, #에너지증진, #영양보충, #영양학, #웰빙, #유기농쥬스, #자연건강, #프리미엄쥬스, #피로회복, #항산화효과, #활력충전","https://blogimgs.pstatic.net/nblog/mylog/post/btn_confirm.gif, https://ssl.pstatic.net/static/blog/profile/img_profile_preset_07.png, https://ssl.pstatic.net/static/blog/profile/img_profile_preset_01.png, https://ssl.pstatic.net/static/blog/img_ani_blogid2.gif, https://ssl.pstatic.net/static/blog/profile/img_profile_preset_08.png, https://blogimgs.pstatic.net/nblog/quickeditor/btn_qk_set.gif, https://blogimgs.pstatic.net/nblog/mylog/post/btn_close5.gif, https://blogimgs.pstatic.net/nblog/mylog/post/btn_download2.gif, https://ssl.pstatic.net/static/common/btn/btn_confirm2.gif, https://blogimgs.pstatic.net/nblog/spc.gif",,2025-11-07 15:31:50
naver_blog,223328932184,pm_fitline_min,https://blog.naver.com/pm_fitline_min/223328932184,피엠인터내셔널의 보상플랜 유럽여행 카보너스 어벤져스그룹 IMM직급 꿈의직장 워케이션 PM International,"0초 0초 광고 후 계속됩니다. 다음 동영상 subject author 취소 2023 IMM INCENTIVE TOUR 재생 32 좋아요 0 좋아요 공유하기 재생 (space/k) 재생 00:10 0:00:00 재생 (space/k) 재생 음소거 (m) 음소거 00:00 / 00:10 실시간 설정 전체 화면 (f) 해상도 HD 720p 자막 사용 안함 재생 속도 1.0x (기본) 해상도 720p HD 480p 270p 144p 자막 설정 사용 안함 옵션 글자 크기 배경색 재생 속도 0.5x 1.0x (기본) 1.5x 2.0x 죄송합니다. 문제가 발생했습니다. 다시 시도해 주세요. 도움말 음소거 상태입니다. 도움말 라이센스 고화질 재생이 가능한 영상입니다. 설정에서 해상도를 변경해보세요. 더 알아보기 00:00 2023 IMM INCENTIVE TOUR 2023,6 IMM INCENTIVE PARTY, Mannheim, Germany🇩🇪 PM의 입틀막 스케일의 보상여행👍🏻​​피엠은 기가막힌 보상플랜이 정말 많지만 💕그중의 꽃은 단연코 유럽여행이라는 압도적인보상플랜!✈️✈️✈️✈️✈️✈️✈️​ 0초 0초 광고 후 계속됩니다. 다음 동영상 subject author 취소 2023.6 PM Incentive Tour✈️Mannheim 🇩🇪 재생 56 좋아요 0 좋아요 공유하기 재생 (space/k) 재생 00:09 0:00:00 재생 (space/k) 재생 음소거 (m) 음소거 00:00 / 00:09 실시간 설정 전체 화면 (f) 해상도 HD 720p 자막 사용 안함 재생 속도 1.0x (기본) 해상도 720p HD 480p 270p 144p 자막 설정 사용 안함 옵션 글자 크기 배경색 재생 속도 0.5x 1.0x (기본) 1.5x 2.0x 죄송합니다. 문제가 발생했습니다. 다시 시도해 주세요. 도움말 음소거 상태입니다. 도움말 라이센스 고화질 재생이 가능한 영상입니다. 설정에서 해상도를 변경해보세요. 더 알아보기 00:00 접기/펴기2023.6 PM Incentive Tour✈️Mannheim 🇩🇪 ​​​피엠인터내셔널의 보상플랜 유럽여행과 카보너스 어벤져스그룹 IMM직급 꿈의직장의 워케이션 PM International​​ 2023.6 Mannheim Germany🇩🇪 사랑하는 PT 연경리더님과 ​피엠인터내셔널은 IMM직급 이상즉 International Marketing Manager 핀이되면 ✔️BMW 카보너스와 ✔️유럽여행 보상이 주어진다IMM 이 뭐지? 조건은 산하 M (Manager)직급 3명, 총포인트 10,000P 이제는 말 할 수있다!!!!IMM 직급은 한달만에도 달성 가능 하다는것! 🤦🏻‍♂️🤦🏻‍♂️🤦🏻‍♂️정말 경이로운 보상플랜이다 💙​​ 2023.12. Christmas Gala. Berlin PM Christmas Party, Berlin 존경하는 SP샛별그룹장님과 PM 이 혹시 여행사가 아니냐는 수많은 의심들 🤗🤗🤗​무슨 네트워크 회사가 여행을 이리도 많이 보내줘? 여행을 1년에 5번을 ? 그것도 유럽을? 독일 프랑스 네덜란드 스위스 체코 등등등 선택해서? 보통 타사의 상위핀들만 갈 수 있은 유럽 여행을..ㅋㅋㅋPM은 PT직급 이상만 되어도 생트로페 두바이 셰이셀 모로코 라스베가스 등등등으로 더 보내주지요~^^​피엠은 나도 모르는 사이에 제품이 발이 달려 내가 일을 하지않아도 대신 일을 해주기때문에!!! 내가 도대체 여행을 왜 가는지도!? 도대체 이 수당에 왜 나에게 들어오는지도 모르는 분들이 참 많다. 진심으로 너무 신기한 보상❤️이제는… 동남아 여행이 그립다는 본사 직원분들 ㅋㅋㅋㅋ​ PM Family Worldwide 필립이랑🙋🏻‍♀️ 22년 네트워크 제품이라는걸 처음 접하고 피엠사업시작 불과 1년이 넘었던 시점에서 작년에 벌써 2번의 여행을 다녀오고나서 완전히 실감했다!지구상엔 이런 업은 없다는것ㅋㅋㅋㅋ독일PM사업을 하면서 정말 듣도보도 못한 여행지들을 많이 접하는데 이 모든것들이 우리 롤프소르그 회장님이 버킷리스트에 담아왔던 인생 여행지였던것. 꿈의 직장 PM 꿈의 직업 💙과언이 아니다. 2023.12 PM Leadership training, Berlin ​​세계여행 세계일주가 꿈이였던, 그냥 단순한 꿈이기만 했던 일들이 현실로 이루어지고 있다. PM Family Worldwide 🎈꿈이 현실이 되는 무대, PM이라서 어벤져스그룹이라서 가능하다. Make Dreams Come True ​​​​​​​​​[독일PM 상담문의] 서울 경기 일산 전국 후원 ​ 🇩🇪독일피엠 조민경010-6717-8710🇩🇪추천인코드 8120545🇩🇪인스타그램 @pm__kr__min🇩🇪카카오톡 kong2kong2jo ​​#피엠인터내셔널 #독일피엠 #피엠보상플랜 #독일피엠조민경 #IMM #어벤져스그룹 #독일여행 #프라하여행 #공짜여행",,010-6717-8710,,4,0,"#IMM, #공짜여행, #독일여행, #독일피엠, #독일피엠조민경, #어벤져스그룹, #프라하여행, #피엠보상플랜, #피엠인터내셔널","https://blogimgs.pstatic.net/nblog/mylog/post/btn_confirm.gif, https://ssl.pstatic.net/static/blog/profile/img_profile_preset_07.png, https://ssl.pstatic.net/static/blog/profile/img_profile_preset_01.png, https://ssl.pstatic.net/static/blog/img_ani_blogid2.gif, https://ssl.pstatic.net/static/blog/profile/img_profile_preset_08.png, https://blogimgs.pstatic.net/nblog/quickeditor/btn_qk_set.gif, https://blogimgs.pstatic.net/nblog/mylog/post/btn_close5.gif, https://blogimgs.pstatic.net/nblog/mylog/post/btn_download2.gif, https://ssl.pstatic.net/static/common/btn/btn_confirm2.gif, https://blogimgs.pstatic.net/nblog/spc.gif",,2025-11-07 15:32:00
naver_blog,223646670464,woong1700,https://blog.naver.com/woong1700/223646670464,한국최초 네트워크마케팅 회사 PM-International 연금제도 시행 확정,"© CoolPubilcDomains, 출처 OGQ 안녕하세요 독일피엠 이종웅입니다 ​지난 10월 28일 한국 최초로 네트워크 마케팅 회사에서 연금제도 도입을 한다고알려 드렸었습니다 ​ ​정말로 놀라운 소식이아닐 수 없습니다 ​ ​창립자 겸 현재 CEO이신롤프소르그 회장님께서일산 킨텍스에서 12,000명이 모인 가운데 개최된​PM-International한국 내셔널 콩그레스에서 직접 발표하신 엄청난 소식이었습니다 ​​ ​​롤프 소르그 회장님은""한국은 은퇴자 중 여성은 월평균 39만 원, 남성은 월평균 75만 원정도의 연금을 받는 것으로 알고 있다""라며​ ​​""한국 피엠 팀파트너들이 이 연금에만 기대지 않도록 ​피엠 연금제도를 도입하게 됐다""고 밝히셨습니다 ​ ​​그리고 이게 웬일입니까 생각보다 빨리 한국에 지사장 오상준 대표께서​ ​​PM 연금제도를 2025년 2월부터 시행한다고확정 발표하셨습니다​​ ​IMM 직급 이상이면 PM 연금에가입할 수 있으며 직급에 따라차등 지급하지만매달 납부하는 연금의 50%를 회사가 지원하는 것입니다​ ​​위의 연금 프로그램 지원금 표와 같이 ​IMM 15,000원VP 30,000원EVP 60,000원PT 120,000원SP, GP, PP각각 240,000원CL 이상부터는 750,000원을​PM-International에서지급한다고 합니다 ​​ ​​이는 네트워크 마케팅 회사에서 감히 시행할 수 없는 연금제도를 ​ ​PM-International에서 만이할 수 있는 퇴직연금제도인 만큼,어느 누구에게나 다시 올 수 없는 기회입니다 ​고위 리더들에게 더욱 든든한 노후 보장을 하기 때문에,시간이 흘러 고위 직급자가 될수록 매월 받는 수당 외에 ​ 내가 선택하여 납부하는 연금금액이 늘어남에 자동으로 50%를지원받는 금액도 많아져서 ​나의 미래를 확실하게 보장해 줄 것입니다 ​또한 PM-International 은독일에 본사를 두고 있으며 1993년 롤프 소르그 회장님이 설립하여 ​현재 48개국에 진출되어 있는 전 세계 최고의 회사입니다 ​ ​이러한 회사이기 때문에 엄청난 혜택을 주는 연금제도를 전 세계 파트너들에게 제공하는 것입니다 ​지금도 늦지 않았습니다 노후를 책임지는PM-International 을 선택하십시오 ​감사합니다 ​​서울시 송파구 충민로52 가든파이브 웍스 S동 610호이 종 웅 아래 링크 클릭해서 연락 주세요 e-MyProfile 한 번의 탭으로 나를 표현하고 쉽게, 확실하게, 빠르게 보여주는 e-myprofile e-myprofile.com ​ ​U.S.A1830 W Olympic blvd #207 LA, CA 90006PM LA 미주 센터 김 미 주 213~407~5951​​#연금제도 #퇴직연금제도 #퇴직연금 #독일피엠 #독일피엠인터내셔널 #월드비전 #네트워크마케팅 #하나은행 #하나금융투자 #피트라인 #노후준비 #노후연금 #야베스그룹",,,,10,0,"#207, #네트워크마케팅, #노후연금, #노후준비, #독일피엠, #독일피엠인터내셔널, #야베스그룹, #연금제도, #월드비전, #퇴직연금, #퇴직연금제도, #피트라인, #하나금융투자, #하나은행","https://blogimgs.pstatic.net/nblog/mylog/post/btn_confirm.gif, https://ssl.pstatic.net/static/blog/profile/img_profile_preset_07.png, https://ssl.pstatic.net/static/blog/profile/img_profile_preset_01.png, https://ssl.pstatic.net/static/blog/img_ani_blogid2.gif, https://storep-phinf.pstatic.net/motion2d_01/original_10.png_100, https://postfiles.pstatic.net/MjAyNDExMDRfMTQx/MDAxNzMwNzEzMzI3MDY0.NL1aoy92wIeHRpLWWfqGgBZbVOzbFj246EbKgCNYPgog.aeml3Z6tvnRjO1h5zpXTN1FI7RWHP50px6mna-3_Wrsg.JPEG/1730713327272.jpg_blur, https://ssl.pstatic.net/static/blog/profile/img_profile_preset_08.png, https://blogimgs.pstatic.net/nblog/quickeditor/btn_qk_set.gif, https://blogimgs.pstatic.net/nblog/mylog/post/btn_close5.gif, https://blogimgs.pstatic.net/nblog/mylog/post/btn_download2.gif",,2025-11-07 15:32:08
naver_blog,223941428836,pm7579,https://blog.naver.com/pm7579/223941428836,회원직접판매 정의 및 장점 단점 그리고 PM-International(독일PM),"안녕하세요!​오늘은 “회원직접판매”에 대해 쉽게 알아보려고 해요.​“회원직접판매”라면, 내가 직접 사고 또 직접 판매를 해야 한다는 뜻이겠죠?​그럼 다단계처럼 물건을 쌓아놓고 팔아야 하는 걸까요?​그렇다면 합법적인 다단계와는 어떤 차이가 있는 걸까요?​지금부터 하나씩 설명드릴게요! 회원직접판매 정의 제조업자 -> 도매업자 -> 소매업자 -> 소비자와 같은 일반적인 유통 경로와 달리​제품을 직접 사용해 본 소비자가 다른 사람에게 제품을 권유하고, 그 권유를 받은 소비자가 회원으로 가입해 직접 구매하거나 판매할 수 있는 방식이에요​쉽게 말해​내가 제품을 사용해 보고 만족하여, 친구나 가족에게 “이 제품이 괜찮다""라고 소개하면,​그들도 회원이 되어 직접 구매하거나 판매 활동을 할 수 있는 구조예요 회원 직접판매 vs 불법적인 다단계 차이 항목 합법적인 회원 직접판매 불법적인 다단계 중요 기준 제품 중심 회원 모집 중심 주 수익원 제품 판매에 따른 수익 신규 회원 모집 시 발생하는 수익 제품 유무 실질적인 제품이 존재하고 사용 가치가 있음 제품이 부실하거나 실질적인 제품 없이 돈만 순환 재고 강요 재고 쌓기를 강요하지 않음 고가의 제품을 일괄 구매하도록 유도 환불 정책 일정 기간 내 환불 가능 환불 불가하거나 조건이 까다로움 법적 관리 방문판매 등에 관한 법률에 따라 등록 및 관리 법을 피해 불법적으로 운영 회원 직접판매의 장점 자유로운 시간 관리​정해진 근무 시간이나 장소에 얽매이지 않고​본인이 원하는 시간에 원하는 방식으로 운영할 수 있어요!​- 직장을 다니면서 부업으로 가능​- 누구든 시간에 맞춰 유연하게 진행 가능​- 재택근무, 스마트폰만으로도 운영 가능​낮은 초기 투자비용​창업은 초기 자본이 많이 들어 부담스러울 수 있지만​""회원 직접판매""는 초기 투자비용이 거의 들지 않거나 낮은 편이라 ​누구나 부담 없이 시작할 수 있다는 장점이 있어요!​- 별도의 점포, 창고, 직원이 필요 없음​- 본인의 경험이 곧 마케팅 수단!​판매 강요가 아닌 제품 경험 중심의 마케팅​무조건 팔아야 한다는 압박이 아닌,​내가 직접 써보고 좋았던 제품을 자연스럽게 주변에 소개하는 방식이에요!​- '이거 내가 써봤는데 진짜 좋더라!' 하는 자연스러운 입소문 방식​- 제품이 맘에 들지 않으면 추천하지 않아도 OK!​- 강매, 재고 부담 없이 제품 경험을 중심으로 한 마케팅 가능 회원 직접판매의 단점 수익이 바로 발생하지 않음​내가 사용하고, 주변에 소개하면서 시작되는 구조이기에당장 눈에 보이는 큰 수익이 생길 수는 없어요!​- 장기적인 관점에서 꾸준히 활동해야 수익 발생- 빠르게 돈을 벌 수 있다는 기대는 비현실적- 성과는 개인의 노력과 역량에 따라 편차가 큼​사람을 상대하는 일, 감정노동 ​지인에게 제품을 소개하거나 권유하는 과정에서 ​부담을 느끼거나 관계에 영향을 줄 수 있는 상황이 생기기도 해요​- 거절에 대한 스트레스​- '또 다단계야?'라는 오해를 받는 경우도 있어요​- 주변 반응에 따라 위축될 수 있어요!​잘못된 업체 선택 시 피해 가능성​요즘은 합법적인 회원 직접판매 외에도​그럴듯하게 포장한 불법적인 다단계나 유사 판매조직도 많아요​- 허위/과장된 수익 약속 주의​- ""초기 물건 많이 사야 해요!""식의 강요는 경계​- 반드시 공정거래위원회 등록 여부 확인​마케팅/커뮤니케이션 역량이 필요​제품이 아무리 좋아도 설득력 있게 전달하지 못하면 판매로 이뤄지기 어려워요​- 커뮤니케이션 능력​- 온라인/SNS 마케팅에 대한 이해​- 고객 관리와 후속 피드백 마무리 저는 지인의 추천으로 PM 제품을 알게 되었어요.​처음에는 솔직히 반신반의했고, ‘이런 방식이 과연 믿을 수 있을까?’라는 생각도 들었죠.​그래서 제품을 직접 사용해 보며 천천히 알아가기 시작했어요!​건강기능식품이다 보니 개인에 따라 차이가 있겠지만, 저는 꾸준히 섭취하면서 제품에 대해 긍정적인 인상을 받았습니다.​이후 자연스럽게 회사와 브랜드에 대해 더 관심이 생겨 알아보게 되었고,​보상플랜, 제품에 사용된 원재료 등을 확인하면서 이 비즈니스의 구조나 방향성에 대해 이해하게 되었구요!​지금은 저도 꾸준히 제품을 사용하면서 활동을 이어가고 있습니다.​저는 ‘회원 직접판매’가 단순한 판매가 아니라,​직접 써보고 좋다고 느낀 것을 진심으로 전달하는 과정이라고 생각해요.​혹시 PM 제품이나 회원 직접판매에 관심이 있으시다면,​먼저 제품을 직접 체험해 보는 것부터 시작해 보시는 걸 추천드려요​신뢰는 결국 직접 경험해 보는 데서 생기니까요!! ​",,,,2,0,"#Fitline, #pm, #pminternational, #pminternationalkorea, #건강기능식품, #건강기능식품추천, #건강식품브랜드, #네트워크마케트, #네트워크마케팅, #네트워크마케팅순위, #다단계, #다단계회사, #독일PM, #독일pm, #독일pm쥬스, #독일피엠, #마케팅, #부업추천, #불법적인다단계, #웰니스제품, #유럽건강기능식품, #재택부업, #직접판매, #피엠, #피트라인, #합법다단계, #회원직접판매","https://blogimgs.pstatic.net/nblog/mylog/post/btn_confirm.gif, https://ssl.pstatic.net/static/blog/profile/img_profile_preset_07.png, https://ssl.pstatic.net/static/blog/profile/img_profile_preset_01.png, https://ssl.pstatic.net/static/blog/img_ani_blogid2.gif, https://ssl.pstatic.net/static/blog/profile/img_profile_preset_08.png, https://blogimgs.pstatic.net/nblog/quickeditor/btn_qk_set.gif, https://blogimgs.pstatic.net/nblog/mylog/post/btn_close5.gif, https://blogimgs.pstatic.net/nblog/mylog/post/btn_download2.gif, https://storep-phinf.pstatic.net/motion2d_01/original_2.png_100, https://ssl.pstatic.net/static/common/btn/btn_confirm2.gif",,2025-11-07 15:32:17
naver_blog,223354772884,n__ight,https://blog.naver.com/n__ight/223354772884,PM International 스텝업 챌린지 15일차,"#PMInternational #피엠인터내셔널 #피엠 #독일PM #stepup #challenge #스텝업챌린지 #60일 #일상 #습관 #변화 #도전 #운동 #건강관리 #다이어트 #생활습관 #pm #일상공감 #kickoff #인천 #파라다이스시티 #호텔 #행사 #일기 #기록#셀카 #부끄럽다 #마스크 #고마워 ​​​ 안녕하세요 여러분쿠쿠쿠쿠쿠지입니다오늘은 특별한 행사에 다녀왔어요바로 피엠 인터내셔널 kick-off !신제품 출시 홍보 및 직급자 인증식 포함여럿이 모여 한해를 돌아보는의미있는 행사였어요​저는 첫 참석이라 기대되는 마음으로​두근두근 하며 가보았답니다 일어나서 수분 충전 바로 해주고​​​ 서둘러 파트너 사장님들 태우고인천으로 출발합니다 :)​​​ 오늘 제 백은 요거예요피엠 데모백인데 이거 사면 가방 + 물병 + 액티 하나 같이 오더라구요넘 조은 혜자 구성,,,​이번에 산 새 거 하나 제 걸로 찜꽁했습니다 마스크도 피엠 마스크예용정확하게 말하자면 월드탑 그룹 마스크입니다저는 엄마 아빠를 따라 월드탑 그룹에 속해 있어요피엠에는 다양한 사업자분들과다양한 그룹이 있다는 사실 아셨나요​제 블로그를 보시면서 피엠에 관심이 생겼거나빨리 성장할 수 있구 좋은 시스템이 갖춰진그룹을 찾고 계신다면월드탑 당당하게 추천 드립니다 :)​https://m.pmi-korea.com/member/kakao/step01.do?data=l3cLgsyjL2zMzDZR%2FItmfSk%2B6QLL1CD2nptkCdha500%3D 피엠인터내셔널 독일 직접판매 업체, 건강기능식품, 화장품, 단백질 보충용 식품 등 판매 m.pmi-korea.com 위 링크 타고 들어오시면바로 월드탑 소속으로 가입 가능하답니다카카오톡 연결로 쉽게 가입 돼요!!(팀파트너로 가입하셔야 더 할인 받구 저렴하게 구매하실 수 있어요)​​​ 행사 들어가기 전에한식집 가서 점심 먹었어요먹기 전에 탄수화물 흡수 줄여주는 C밸런스!​​​ 킥오프 코리아 안내문이에용제가 살면서 파라다이스시티 호텔을올 경험이 얼마나 있을까요저번에는 일산 킨텍스에서 했었는데이번에는 장소가 호텔로 바뀌었어요​​​ 주차 완료하고 호텔 행사장으로 걸어가면서조명이 예쁜 곳이 있길래 엄마 뒷모습자연스럽게 찍어줬어요 ㅎㅎ정면컷도 있지만 패스 ~,~​​​ ​ 생각보다 규모가 크고 사람도 엄청 많아서솔직히 좀 놀랐어요 😂이렇게 많은 사람들이 피엠을 하고 있었다니2천명보다 더 많아 보였는데...콘서트장 수준이라 당황했지만침착하게 자리 잡구 앉았습니다...​​​ 요것은 화장실 갔다 오면서 잠깐 찰칵 ☺️스텝업 챌린지 진행하면서 배가 많이 들어갔는데오늘 옷 초이스를 실패했네욤진짜루 배 아니고 옷이에요 옷 진심​​​ 엄마와 우리 그룹 파트너 사장님들과 한 컷 🤗좌석이 엄청 가득했었는데 늦게 오신 분들은아예 못 들어오고 밖에 마련된 빔 프로젝터와간이의자 같은 곳에 앉아서 보시더라구요 ㅠ진짜 사람 엄청 바글바글... 많았어요...​​​ 파워 내향인(infp)인 저는 행사 시작 전부터기가 아주 빨려가지고 눈도 풀리고 난리네요​그래두 혼자 조용히 사진 찍으면서시작 전까지 얌전하게 놀았어요 이것은 피엠 인터내셔널 올해의 슬로건새로운 정상을 향하여~ 라고 하네요외국 지사에 계신 마케팅의 신(?)이 오셔서성장 발표도 하고 이것저것 많이 하구 가셨어요 하하​​​ 중간중간 피트니스 드링크로 활력 업 시켜주며몇 시간 앉아있다 보니 행사 끝날 시간~​나오면서 기념품도(신제품 맨페이스 + 액티바이즈) 잘 챙기구 돌아왔답니다​​​ 아직 집 도착하진 않았지만벌써 7천걸음이나 걸었네요딱 7000인 게 예뻐서 바로 캡쳐했어요​근데 오늘 엄청 돌아다녔는데도고작 아이스크림 하나 불태운 거라니,,,그래두 피엠 열심히 마셔줬으니더 효과 봤을 거라고 믿고 있습니다!!!​킥오프에서 마주친 모든 분들그리구 미래에 마주칠 여러분도모두 모두 오늘 하루 고생 많으셨습니다​​​ 구럼 이만 저는 가볼게용내일 또 만나요",,,,7,0,"#60일, #PMInternational, #challenge, #kickoff, #pm, #stepup, #건강관리, #고마워, #기록, #다이어트, #도전, #독일PM, #마스크, #변화, #부끄럽다, #생활습관, #셀카, #스텝업챌린지, #습관, #운동, #인천, #일기, #일상, #일상공감, #파라다이스시티, #피엠, #피엠인터내셔널, #행사, #호텔","https://blogimgs.pstatic.net/nblog/mylog/post/btn_confirm.gif, https://ssl.pstatic.net/static/blog/profile/img_profile_preset_07.png, https://ssl.pstatic.net/static/blog/profile/img_profile_preset_01.png, https://ssl.pstatic.net/static/blog/img_ani_blogid2.gif, https://postfiles.pstatic.net/MjAyNDAyMTVfNzEg/MDAxNzA3OTkzMzYxMDk5.9f7TijTCBf4s0Jp2A9WuHCtGHT11CjA2M6oOnhIw3UQg.ES0t_BPPRsKrtgbuaHNM1s_NzxX1SzvujuTHncBwmcsg.JPEG.n__ight/20240215%EF%BC%BF123602.jpg_blur, https://storep-phinf.pstatic.net/motion2d_01/original_10.png_100, https://ssl.pstatic.net/static/blog/profile/img_profile_preset_08.png, https://blogimgs.pstatic.net/nblog/quickeditor/btn_qk_set.gif, https://dthumb-phinf.pstatic.net/?src=%22http%3A%2F%2Fm.pmi-korea.com%2Fresources%2Fimage%2Fcommon%2Fsns_logo.png%22&type=ff500_300, https://blogimgs.pstatic.net/nblog/mylog/post/btn_close5.gif",,2025-11-07 15:32:57
naver_blog,223861063375,dodream-withyou,https://blog.naver.com/dodream-withyou/223861063375,"PM-International, 포브스 커버를 장식한 롤프 소르그 회장의 전략적 비전","0초 0초 광고 후 계속됩니다. 다음 동영상 subject author 취소 롤프 소르그 회장님♡피엠 재생 5 좋아요 0 좋아요 공유하기 재생 (space/k) 재생 00:40 0:00:00 재생 (space/k) 재생 음소거 (m) 음소거 00:00 / 00:40 실시간 설정 전체 화면 (f) 해상도 자동 480p 자막 사용 안함 재생 속도 1.0x (기본) 해상도 자동 (480p) 720p HD 480p 270p 144p 자막 설정 사용 안함 옵션 글자 크기 배경색 재생 속도 0.5x 1.0x (기본) 1.5x 2.0x 죄송합니다. 문제가 발생했습니다. 다시 시도해 주세요. 도움말 음소거 상태입니다. 도움말 라이센스 고화질 재생이 가능한 영상입니다. 설정에서 해상도를 변경해보세요. 더 알아보기 00:00 롤프 소르그 회장님♡피엠 ​글로벌 웰니스 기업 PM-International의 설립자이자 CEO인 롤프 소르그(Rolf Sorg) 회장이 Forbes Luxembourg 커버 스토리에 소개되었습니다. 이번 보도는 단순한 기업 성공 스토리를 넘어, 325억 달러 규모의 글로벌 브랜드로 성장하기까지의 전략적 선택과 리더십을 조명합니다.​​​1. 비전 중심의 리더십​PM-International의 성장은 단순한 매출 상승의 결과가 아닙니다. 롤프 소르그 회장은 창업 초기부터 ""사람의 건강과 삶의 질 향상""이라는 명확한 비전을 가지고 사업을 전개해왔습니다. 그는 단기 성과보다 장기적인 가치 창출에 집중했고, 그 중심에는 항상 고객과 파트너의 신뢰가 있었습니다.​제품 개발에 있어서도 과학적 근거 기반의 연구와 혁신을 고수하며, 제품의 품질과 효과에 대한 철저한 기준을 유지해 왔습니다. 이러한 원칙 중심의 경영은 전 세계 70개국 이상에서 PM 제품이 신뢰를 얻는 기반이 되었습니다.​​​2. 전략적 본사 선택: 룩셈부르크​PM-International의 본사가 위치한 룩셈부르크는 단순한 위치적 이점 이상을 갖습니다. 유럽 중심부라는 지리적 강점은 물론, 국제 물류, 세제 혜택, 디지털 인프라 등에서 최적의 환경을 제공하기 때문에, 글로벌 운영의 허브로서 탁월한 전략적 선택이었습니다.​포브스는 이 선택이 기업 운영의 효율성과 글로벌 확장성에 결정적 역할을 했다고 평가했습니다. 이는 단순히 본사를 둔 장소가 아닌, 글로벌 비즈니스 전략의 핵심 축으로 작용하고 있다는 점에서 주목할 만합니다.​​​3. 그릿(Grit)과 기업가 정신의 결합​롤프 소르그 회장의 리더십에는 그릿(grit), 즉 열정과 끈기가 핵심 요소로 작용해왔습니다. 젊은 시절 직접 세일즈 현장을 뛰며 경험을 쌓았고, 수많은 시행착오 속에서도 포기하지 않는 정신력으로 지금의 PM-International을 일구어냈습니다.​그의 기업가 정신은 단순히 수익을 추구하는 것을 넘어, 파트너의 성공과 사회적 기여에 대한 철학으로 확장되었습니다. 이는 PM의 교육 시스템, 보상 구조, 그리고 글로벌 기부 프로그램과 같은 ESG 활동에 잘 반영되어 있습니다.​​​4. 브랜드가 아닌 문화로 성장한 PM​PM-International은 이제 단순한 건강기능식품 브랜드를 넘어 삶의 질을 추구하는 글로벌 커뮤니티로 성장하고 있습니다. 이 커뮤니티는 제품의 품질, 비즈니스 기회의 공정성, 그리고 상호 존중의 문화 위에서 형성되었습니다.​포브스 커버 스토리는 단지 한 기업의 성공이 아니라, 사람 중심 철학이 어떻게 글로벌 시장에서 경쟁 우위가 되는지를 보여주는 사례입니다. PM의 미래는 단순한 성장이 아니라, 지속 가능성과 신뢰를 바탕으로 한 새로운 글로벌 기준을 제시하고 있습니다.​​​​​PM-International의 철학과 전략에 대해 더 알고 싶으신가요? Forbes Luxembourg의 커버 스토리 원문을 통해 자세한 내용을 확인해보세요. 이 이야기는 단순한 성공 스토리가 아닌, 시대가 주목해야 할 건강 비즈니스의 방향성을 담고 있습니다.​PM-International의 눈부신 글로벌 성장은 최근 포브스 룩셈부르크 커버 스토리를 통해서도 소개되었습니다.→ 포브스 룩셈부르크: 롤프 조르그 커버 스토리 보기​ Forbes Luxembourg Unveils Cover Featuring Rolf Sorg | Forbes Luxembourg To mark its first anniversary and the release of its latest edition — now available in English —, Forbes Luxembourg hosted 200 VIP guest... www.forbes.lu ​​​또한, 이번 포브스 에디션은 창간 1주년을 맞아 새로운 디자인과 비전을 선보이며, 룩셈부르크를 글로벌 혁신의 중심지로 조명하고 있습니다.→ 포브스 룩셈부르크: 새로운 시대를 여는 포브스​ A New Era For Forbes Luxembourg | Forbes Luxembourg The magazine returns with a fresh design, an English-language edition, and a powerful spotlight on the Grand Duchy's global impact... www.forbes.lu ​​​​​​​​​",,,,20,0,,"https://blogimgs.pstatic.net/nblog/mylog/post/btn_confirm.gif, https://ssl.pstatic.net/static/blog/profile/img_profile_preset_07.png, https://ssl.pstatic.net/static/blog/profile/img_profile_preset_01.png, https://ssl.pstatic.net/static/blog/img_ani_blogid2.gif, https://ssl.pstatic.net/static/blog/profile/img_profile_preset_08.png, https://blogimgs.pstatic.net/nblog/quickeditor/btn_qk_set.gif, https://blogimgs.pstatic.net/nblog/mylog/post/btn_close5.gif, https://blogimgs.pstatic.net/nblog/mylog/post/btn_download2.gif, https://ssl.pstatic.net/static/common/btn/btn_confirm2.gif, https://blogimgs.pstatic.net/nblog/spc.gif",,2025-11-07 15:33:26
naver_blog,223400525694,n__ight,https://blog.naver.com/n__ight/223400525694,PM International 스텝업 챌린지 59일차,"#PMInternational #피엠인터내셔널 #피엠 #독일PM #stepup #challenge #스텝업챌린지 #60일 #일상 #습관 #변화 #도전 #운동 #건강관리 #다이어트 #생활습관 #pm #주절주절 #일기 #일상공감 #독일pm쥬스 #비타민 #해독주스 #습관만들기 #영양 #독소 #독소배출​​​ 안녕하세요 이웃님들그리고 우연히 제 블로그에 오신 여러분​저는 현재 60일간 건강한 습관을 만들어가는스텝업 챌린지를 진행하고 있어요​오늘은 60일이 다 끝나가기 하루 전인59일차 일상 적기 위해 왔습니다​휴일이라 강아지들 산책할 때 말고는전부 집에서 보낸 일상이지만요 :)​​ 여유롭게 일어나서 뒹굴다가저보다 늦게 일어난 동생과 함께오늘도 환승연애 타임 가져봅니다 ㅋㅋ​티비 보면서 틈틈이 액티바이즈 마셔주었어요입 심심할 때 출출할 때 목마를 때칼로리 걱정 안 하고마음껏 섭취할 수 있는 식품 중에선아마 제일 건강한 제품이 아닐까요?​​ 액티바이즈와 색이 비슷해 보이지만이건 분홍색을 띠는 뷰티라는 아이입니다콜라겐에 주력한 제품이구요가끔 거울 보다가 피부 탄력이 떨어져 보일 때한번씩 타서 마십니다 ㅎㅎ...방심하고 있을 때가 아닌데 말이죠 ^^​​ 시간이 많이 흘러버렸네요점심 먹고 강아지들과 짧게 1시간 정도낮잠 타임 가지다가분리수거 버리고애기들이랑 산책도 하고 왔구요​저녁은 엄마랑 둘이 먹었어요오늘 가족들이 다 외출을 해가지구,,프로 집순이인 저는 그저 나가있는 가족들이 신기할 뿐​저녁 먹구서 소화 시킬 겸 리스토레이트 마셔줬어요​​ ㅋㅋㅋㅋㅋㅋ 너무 귀엽죠엄마가 털이 좀 자란 게 보기 싫었는지갑자기 얼굴 미용을 해주기 시작했어요하기 싫다고 엄마 무릎 사이에 얼굴 숨기는 둘째어쩔 수 없단다 아롱아동그란 얼굴은 비숑의 숙명이야​​ 첫째 캔디도 눈 주변 털 정리해주고 나서야엄마의 미용 타임이 끝이 났어요저는 청소기로 뒷정리 담당 했습니다 ㅋㅋ고생한 엄마를 위해 액티바이즈 타서 줬어요​이제 저는 자기 전에 아픈 왼쪽 팔에액티브젤 한번 더 발라주고 자려구 해요​​ 피엠인터내셔널 독일 직접판매 업체, 건강기능식품, 화장품, 단백질 보충용 식품 등 판매 m.pmi-korea.com 제가 먹고 바르는 제품이 뭔지 궁금하신 분들은팀파트너로 가입하셔서일반 회원보다 더 싸게 드셔보세요 !!​​​ 그럼 오늘도 찾아와주셔서 감사해요이제 내일... 마지막 하루 남았네요기분이 너무 이상해 🫢​안녕히 주무세요 🌸🩷",,,,4,1,"#60일, #PMInternational, #challenge, #pm, #stepup, #건강관리, #다이어트, #도전, #독소, #독소배출, #독일PM, #독일pm쥬스, #변화, #비타민, #생활습관, #스텝업챌린지, #습관, #습관만들기, #영양, #운동, #일기, #일상, #일상공감, #주절주절, #피엠, #피엠인터내셔널, #해독주스","https://blogimgs.pstatic.net/nblog/mylog/post/btn_confirm.gif, https://postfiles.pstatic.net/MjAyNDAzMzBfMTcy/MDAxNzExODA0ODE0NzUy.27p5pfD2Bgzh3J5k749Zc_E2JepriFcmePm2ipAE8Acg.hqhsVO5oSXt6CrjbMVfPUQnq02PFHIr3Le04xLx1SBQg.JPEG/20240330%EF%BC%BF202723.jpg_blur, https://ssl.pstatic.net/static/blog/profile/img_profile_preset_07.png, https://ssl.pstatic.net/static/blog/profile/img_profile_preset_01.png, https://ssl.pstatic.net/static/blog/img_ani_blogid2.gif, https://ssl.pstatic.net/static/blog/profile/img_profile_preset_08.png, https://blogimgs.pstatic.net/nblog/quickeditor/btn_qk_set.gif, https://blogimgs.pstatic.net/nblog/mylog/post/btn_close5.gif, https://blogpfthumb-phinf.pstatic.net/MjAyNDAyMDFfMjkw/MDAxNzA2NzUxOTIyODU0.EqxGYU6DjM2s4VHPEUZezLBqQtJDAEp0PhEt-A6CVTEg.7Pdngx6mNH_zIDUFpjez3L33v9-YbB78sVP-mywIwmUg.JPEG.n__ight/a32a2796a4d7d8ff6365569892038f4c.jpg/a32a2796a4d7d8ff6365569892038f4c.jpg, https://blogimgs.pstatic.net/nblog/mylog/post/btn_download2.gif",,2025-11-07 15:36:32
naver_blog,223414952985,innoip,https://blog.naver.com/innoip/223414952985,PM International 보상플랜,"​​https://www.youtube.com/watch?v=TpCUE0TLfu4 자료출처: 유튜브 체널​PM International 보상플랜https://www.youtube.com/watch?v=YUQiDVd-aGE&t=25s 자료출처: 유튜브 체널​​PM International 보상플랜www.pmi-korea.com 피엠인터내셔널 독일 직접판매 업체, 건강기능식품, 화장품, 단백질 보충용 식품 등 판매 www.pmi-korea.com ​추천인 코드 10117388본사 홈피 방문 후 회원가입 가능합니다.",,,,0,0,"#PM, #fitline, #특허","https://blogimgs.pstatic.net/nblog/mylog/post/btn_confirm.gif, https://ssl.pstatic.net/static/blog/profile/img_profile_preset_07.png, https://ssl.pstatic.net/static/blog/profile/img_profile_preset_01.png, https://ssl.pstatic.net/static/blog/img_ani_blogid2.gif, https://ssl.pstatic.net/static/blog/profile/img_profile_preset_08.png, https://blogimgs.pstatic.net/nblog/quickeditor/btn_qk_set.gif, https://blogimgs.pstatic.net/nblog/mylog/post/btn_close5.gif, https://blogimgs.pstatic.net/nblog/mylog/post/btn_download2.gif, https://ssl.pstatic.net/static/common/btn/btn_confirm2.gif, https://blogimgs.pstatic.net/nblog/widget/ico_f_blank.gif","https://www.youtube.com/embed/YUQiDVd-aGE?start=25&feature=oembed, https://www.youtube.com/embed/TpCUE0TLfu4?feature=oembed",2025-11-07 15:37:03
naver_blog,224025100138,beh33,https://blog.naver.com/beh33/224025100138,피부샵 원장이 월세 걱정 없이 만드는 온라인건물? PM 사업으로 가능해요!,"​​퇴근하고 집에 오면다리가 퉁퉁 붓고, 피로가 한가득 쌓여 있지 않으세요?​​ ​​저도 피부샵 운영하면서 하루 종일 일하다 오면몸이 무겁고, 어깨가 뻐근해서 그대로 쓰러지고 싶을 때가 많아요​​ ​​​​​ 제가 독일피엠을 시작한 이유 ​​그럴 때마다 생각했어요.“이렇게 몸 갈아 넣는 장사...평생 할 수 있을까?”​​매일 파는 일, 내가 빠지면 멈추는 일피부샵 매출은 100% 제 노동 시간에 의존했어요제가 쉬면 매출도 쉬고, 아프면 매출도 멈추죠이 구조로는 진짜 자유를 얻기 어렵겠다는 생각이 들더라고요​​​ ​​​그래서 내가 없어도 돌아가는 구조를 찾기 시작했고,​그때 알게 된 게 바로 독일 PM-International.단순한 건강기능식품 회사가 아니라,내가 매일 챙겨 먹는 제품이 곧 자산이 되는구독형 온라인 비즈니스 도구였어요​​​​​ 독일 피엠왜 주목해야 할까? ​​피엠(PM-International)은 독일에서 30년 넘게 이어온 글로벌 건강• 웰니스 기업이에요​전 세계 45개국,한 회원번호로 어디서나 가능한 비즈니스에요​​​​​​ 글로벌 비즈니스 나도 할 수 있을까? ​​보통 창업하면,월세 • 인건비 •재고 걱정부터 떠오르죠 근데 피엠은 그런 부담 없는 온라인 비즈니스에요 그냥 내가 먹는 제품이 자산이 되는 구조내 건강 챙기면서 매달 쌓이는 구독권, 그게 모여서 자산이 됩니다​​...​​​​​• 오토십 구독 → 매달 내가 먹는 제품이 내 구독권이 되고• 그 구독이 쌓이면 → 내 자산, 내 권리소득이 됩니다​• 월세·재고·인건비 걱정 없이 온라인으로 확장 가능​• 건강 챙기며 부수입·시스템 소득 동시에 만들기​​ ​​​​함께해요🩷​ ​​저는 지금도 매일 저녁🍋 리스토레이트 한 포 + 젤슈츠 2스푼회복 주스 마시면서 하루를 마무리해요​​​​​ ​​상큼한 레몬에이드 맛 덕분에 매일 먹어도 질리지 않고,몸이 가벼워지는 작은 저녁 루틴이 됐어요​​​​​ ​​이 루틴을 가족, 고객, 친구들에게도 소개했더니지금은 오히려 제가 공짜로 먹는 오토십이 되었답니다​​​​​ 나도 할 수 있을까? ​​​☑️ 건강도 챙기고, 부수입도 만들고 싶은 분 ☑️ 재고 •월세 부담 없이 온라인 사업 해보고 싶은 분☑️ 꾸준히 쌓이는 권리소득 구조에 관심 있는 분 ☑️ 혼자가 아니라 함께 성장할 파트너를 찾는 분​​​​​​저처럼 “몸 갈아 넣는 장사”에서 벗어나건강 + 수익 + 시간을 동시에 챙기고 싶으신 분들,저랑 같이 시작해 보실래요?​​​​편하게 댓글이나 카톡 주세요 💌편하게 이야기 나눠요​ 독일 PM 백은하님의 오픈프로필 독일 PM 제품이 궁금하시거나 사업 기회를 알아보고 싶은 분들과 함께 이야기 나누고 싶어요. 건강과, 홈케어 루틴에 관심 있는 분들이라면 편하게 들어오셔도 좋습니다! open.kakao.com ​​​",,,,5,6,"#N잡, #pm사업, #건강식단, #권리소득, #다이어트, #다이어트보조제, #독일PM, #독일피엠, #리스토레이트, #부작용없는다이어트, #붓기관리, #뷰티샵원장, #오토십구독, #온라인건물주, #자매사업, #천안피부관리, #천안피엠, #탑쉐이프, #태그, #피부샵원장, #피엠비즈니스, #피엠사업, #피엠주스, #피엠쥬스","https://blogimgs.pstatic.net/nblog/mylog/post/btn_confirm.gif, https://ssl.pstatic.net/static/blog/profile/img_profile_preset_07.png, https://ssl.pstatic.net/static/blog/profile/img_profile_preset_01.png, https://ssl.pstatic.net/static/blog/img_ani_blogid2.gif, https://dthumb-phinf.pstatic.net/?src=%22http%3A%2F%2Fmk.kakaocdn.net%2Fdn%2Fopenchat%2Fscrap%2Fog%2Fo%2FsEOpZc3g_out.jpg%3F1741965119%22&type=ff500_300, https://ssl.pstatic.net/static/blog/profile/img_profile_preset_08.png, https://blogimgs.pstatic.net/nblog/quickeditor/btn_qk_set.gif, https://blogimgs.pstatic.net/nblog/mylog/post/btn_close5.gif, https://postfiles.pstatic.net/MjAyNTA5MjlfMTQ4/MDAxNzU5MDcyNzAzNTk4.Z1MpqAqt1Sb6VOAS_5_k6yy6sQr3GzmvO65ZPFIeUV0g.AZi1bH-fW4YozHwS2bQDsBkvOnSMzAsHqne2zzjyVoYg.JPEG/output%EF%BC%BF1722727008.jpg_blur, https://blogimgs.pstatic.net/nblog/mylog/post/btn_download2.gif",,2025-11-07 15:37:56
naver_blog,223233857776,wjsk7810,https://blog.naver.com/wjsk7810/223233857776,pminternational 한국피엠 내셔널 콩그레스 2023 참가,"pminternational 한국피엠 내셔널 콩그레스 2023 두근두근 일 년을 기다린 행사!​제가 pm 사업을 하기로 마음먹고작년 pminternational 가장 큰 행사인 내셔널 콩그레스를 1년 만에 다시 참가했습니다다시 한번 큰 감동과 에너지를 받고기록을 남겨봅니다. ♡ ​​​ ​작년 행사 때 피엠을 먹고건강해져서 갑자기 찾아온뱃속에 늦둥이까지 내셔널 콩그레스 2022 참가를 했어요🫣ㅎㅎ​​​ ​올해도 일산 킨텍스에서 어마어마한 규모로 행사를 진행했습니다!​ 열기는 더욱 뜨겁고사람이 만 이천 명 정도 참석을 해서사진 찍고 둘러보는 것도잠시 미뤄두고 파트너 사장님들과 함께 큐알코드를 찍고통역기를 받아들고 입장합니다 :)​​​ pminternational의 창립자이자 ceo이신롤프소르그회장님 연설과독보적인 기술력을 설명해 주실퀴네박사님의 브리핑을현장 동시통역으로 참석자들에게 바로 송출하기 위한 통역기!​​​ 너무너무 소중한 나의 파트너 사장님들❤️​함께 참석하지 못한 파트너 사장님들계셔서 너무 아쉬웠던 기억이에요​​​ ​저희 회사는 설립 30주년 된 회사이지만한국에 오픈된 지는 5년 차가 된유럽 독일의 디렉트 셀링 회사이기 때문에블루오션 비즈니스 타이밍입니다.​ 작년과 다르게 눈에 띈 모습은상위 직급자 자리가 두 배 이상 많아진 모습이었습니다사업을 잘 배우고 익혀서 저도 저의 파트너 사장님들과쭉쭉 승급하는 모습을 꼭! 기록하겠다는다짐을 또 해봅니다!​​​ ​3분의 1 앞자리쯤 되는 곳에서 풍경인데 정말 많은 분들의 참석 가운데 멋진 꿈을 그려내는 시간​​​ ​너무너무 멋진 회사 경영 철학을 펼치고 계신롤프소르그회장님 ​​​ 크흐~~♡너무 멋진 부드러운 포스!​모든 게 최고가 아니면 만들지 않겠다는슬로건으로Premium의 맨 앞차와 뒤를 따서 만든pm!! ​이번 행사에는 저희 피엠의 피트라인 후원선수들의 사인회도 같이 진행이 되었습니다 특히나 피트니스 한국 국가대표김지후후쌤😍저희 로얄패밀리 야베스 그룹에서함께하고 계시는데 포토타임 갖고 신나는 한잔해 댄스를다 함께 ​이런 에너지넘치고 즐거운 시간들이 쌓여나의 사업이 되니 너무 행복했어요​​​ 많은 국가대표 선수들이 검증된 제품력의 저희 제품들을 먹고있으니제품이 일하는회사도 맞는 이야기라생각이 듭니다😊​내 건강, 가족 건강 이제는pm의 기술력으로 독보적인 행보를하게 될 회사입니다​​​ 너무너무 예쁜 피엠 카 한 컷!저희 회사의 멋진 보상플랜 중 하나인카보너스로 누릴 수 있는 bmw, bmwmini, 기아, Porsche ​​​ 파트너 사장님들과도 후원 선수 포토존과 여행 보상 포토존에서사진을 남기고, ​저희 그룹 로얄패밀리 야베스그룹사진도 남기구요 :) ​정말 오랜만에 에너지 넘치는 시간을 갖고행복한 시간을 보내고 왔습니다. ​pm제품이 궁금하시거나,사업이 궁금하신 분들은 편안하게 문의하세요! :)​건강의 판도를 바꿀 pminternational 그리고전문가 그룹 안에서 성장하세요!​​​ 상담문의 01040345202추천인 회원번호 8135481 ​​​#pminternational #피엠 #mlm #플랫폼비지니스#피엠쥬스 #피엠주스 #pm보상#한국피엠 #피엠인터내셔널 #피엠사업 #전문가그룹 #건강정보 #로얄패밀리그룹 #야베스그룹 #영리더#홍동주대표님 #권순학그룹장님#춘천피엠 ​​​",,010-4034-5202,,3,0,"#mlm, #pminternational, #pm보상, #건강정보, #권순학그룹장님, #로얄패밀리그룹, #야베스그룹, #영리더, #전문가그룹, #춘천피엠, #태그, #플랫폼비지니스, #피엠, #피엠사업, #피엠인터내셔널, #피엠주스, #피엠쥬스, #한국피엠, #홍동주대표님","https://postfiles.pstatic.net/MjAyMzEwMTFfNTgg/MDAxNjk3MDA4ODQwNTgx.wo9kdptQ5HmjtlvFPNp20aRAvnDWBgjsbudX-Z-wJtIg.FkoALyVcLTB7uLj2mGnz7hc4VoSr8BPBdNGs4VQNtfAg.JPEG.wjsk7810/1697008838591.jpg_blur, https://ssl.pstatic.net/static/blog/profile/img_profile_preset_07.png, https://blogimgs.pstatic.net/nblog/mylog/post/btn_close5.gif, https://ssl.pstatic.net/static/blog/profile/img_profile_preset_06.png, https://postfiles.pstatic.net/MjAyMzEwMTFfMTMz/MDAxNjk3MDExNTc5MzYz.LKCCBhILaHxgOSO6mu18iPEQsfNODOrGJMTyF1VX4bYg.SEl1vZ9sAgAH8ViQQRNYz8IVq-Ha3ILTfMYwLu5TJOsg.JPEG.wjsk7810/1697011578181.jpg_blur, https://blogimgs.pstatic.net/nblog/mylog/post/btn_viewexif.gif, https://postfiles.pstatic.net/MjAyMzEwMTFfMjUz/MDAxNjk3MDA5MDI3NDkx.oqma7CuCX_R8CvqoaDqcBeICvehqN72OMo2YVtOu_p0g.M1Sugk0oJmc3aGAT8hsH2JwomEdHcU7kOeOT82VNKPEg.JPEG.wjsk7810/SNOW%EF%BC%BF20231008%EF%BC%BF013650%EF%BC%BF920.jpg_blur, https://postfiles.pstatic.net/MjAyMzEwMTFfMjQ0/MDAxNjk3MDA5MjY2MTUy.5a_6VTT5VI0wSpcF7gkh9yl-DQ6vrqnbsuMVVHqF7oAg.mmHLFDHgUoyLzWqq5RGIdZgFjt-G8XeI1Mm5BYPs-C0g.JPEG.wjsk7810/1697009264266.jpg_blur, https://postfiles.pstatic.net/MjAyMzEwMThfODMg/MDAxNjk3NjM4NTYwMTE4.1fWjx8xDuWUihWZmtkBx5ea7Mq0IENHEmkVFYFmXYykg.xjKY8iGL1t-PcadABSUporCN5lFyfWGGRNdPrGtY25Qg.JPEG.wjsk7810/1697638553739.jpg, https://storep-phinf.pstatic.net/ogq_5c21fe9192224/original_23.png_100",,2025-11-07 15:38:07
naver_blog,224067562011,rlatpsk46,https://blog.naver.com/rlatpsk46/224067562011,독일피엠 안산 시흥 청계 성남 분당 pm사업자미팅 파트너,"​안녕하세요😊독일피엠쎄나언니입니다!독일피엠 안산 시흥 청계 성남 분당 pm사업자미팅 파트너들과함께 피엠비즈니스를 너무나 행복하게진행하고 있는데요,오늘은 경기도안산에서 독일피엠사업이 궁금하시다고연락이왔어요❤️​ ​제 인스타와 블로그를 보시고연락을 주셨어요​안산은 성남과 가깝죠?!30분정도 걸립니다❤️💛💜​ ​새로운 분을 만난다는 건너무나 설레이고 행복한 일🤩사장님과 연락하면서 열심히 미팅준비하고안산으로 달려갑니다 ​2시간의 미팅,저를 만나시기 전다른분들과 미팅을 하셨어요​제품력은 알겠지만함께 하고 싶은 스폰서를 스스로다시 찾기로 하시고저에게 연락을 주신 사장님🙏🏻​진솔한 미팅을 하면서사장님께서는 저랑 피엠비즈니스를하시기로 결정‼️ ​진심은 통했고우리가 간절히 원하는 그것경제적자유 시간적자유 여유💛​안산 안양 시흥 부천 인천 피엠사업에궁금하신분들 우리 함께팀을 만들어봐요​ ​오늘도 소중한 사람을 만나소중한 인연을 만들어주셔서 감사하고 또 감사합니다​ 내일은 또 우리그룹 리더님강의가 있는 날기대된다​리스토레이트2포마시고푹~~~자야지❤️❤️​​ ​​쏘해피팀은하와이에도 간다‼️​ ​​ ​​ 저희팀은 하와이를 갑니다저희팀은 젊은영리더들이가장 많습니다저희팀은 SNS마케팅과현장실전 경험으로비즈니스를 하고 있습니다저희는 글로벌사업을 합니다저희는 진실성으로 합니다저희는 자신있습니다​제가 처음부터 최연소 PT에간 그 비결 방법알려드릴게요❤️​상담010 4702 4643​회원번호8124290​ ​​#안산피엠 #안산pm #청계피엠 #시흥피엠#인천피엠 #부천피엠 #성남피엠#쏘해피데이 #피엠비즈니스 #독일피엠 #PMInternational#여성리더 #네트워크리더 #성장하는여자 #리더십 #워킹맘성공기#유럽프로모션 #시스템비즈니스 #쎄나언니",2025-11-07 15:38:24,010-4702-4643,,2,1,"#PMInternational, #네트워크리더, #독일피엠, #리더십, #부천피엠, #성남피엠, #성장하는여자, #시스템비즈니스, #시흥피엠, #쎄나언니, #쏘해피데이, #안산pm, #안산피엠, #여성리더, #워킹맘성공기, #유럽프로모션, #인천피엠, #청계피엠, #태그, #피엠비즈니스","https://blogimgs.pstatic.net/nblog/mylog/post/btn_confirm.gif, https://ssl.pstatic.net/static/blog/profile/img_profile_preset_07.png, https://ssl.pstatic.net/static/blog/profile/img_profile_preset_01.png, https://ssl.pstatic.net/static/blog/img_ani_blogid2.gif, https://postfiles.pstatic.net/MjAyNTExMDNfMjQ0/MDAxNzYyMTYzMjI5NjYw.cKoRWz8U8xPrGcAI93_emLwDknlljNUXjCzsJsDmZgcg.Xli-nLkKuxHsbddgw9BFZFbrunjoLvMgOdHMz18FEwYg.JPEG/830252FA%EF%BC%8D2A38%EF%BC%8D4FBC%EF%BC%8D9917%EF%BC%8DF7AD8D68804D.jpg_blur, https://ssl.pstatic.net/static/blog/profile/img_profile_preset_08.png, https://blogimgs.pstatic.net/nblog/quickeditor/btn_qk_set.gif, https://blogimgs.pstatic.net/nblog/mylog/post/btn_close5.gif, https://blogimgs.pstatic.net/nblog/mylog/post/btn_download2.gif, https://ssl.pstatic.net/static/common/btn/btn_confirm2.gif",https://www.youtube.com/embed/QisrJlWkMRc?feature=oembed,2025-11-07 15:38:24
naver_blog,223196107256,skan8190-,https://blog.naver.com/skan8190-/223196107256,과학의 나라 독일 & PM INTERNATIONAL,"독일은 특별한 이유가 없이 내가 좋아하는 나라다. 특히, 독일 국기, 국장은 강력한 힘을 보여주는 것같다. 나는 현재 독일PM주스 사업을 하면서 그 제품의 효능에 시간이 지나면서 놀라울 뿐이다. 독일은 어떤 나라인가? Ich liebe dich 의 나라. 메르세데스 밴츠, BMW, 아우디의 나라 독일, 그 옛날부터 나는 VOLVO에 애정이 있었다. 앗! 우리나라에는 제네시스가 있었구나, 독일 해독 주스 PM INTERNATIONAL 로고 ​""독일인이 기술을 발전시킨 근본에는 부지런한 민족성과 자원부족에 대한 필요성도 있지만 그 기반에는 인간애가 있기 때문입니다. 내가, 내 가족이, 민족이 타야하는 차를 만드는데 대충 만들 수는 없습니다. 더 단단하고 튼튼하게 만듭니다 그들은 애초 차를 만들 때 팔기위해서 만든 것이 아니라 자신들이 타기 위해 만들었습니다. 그에 반해 일본과 한국 자동차 회사는 차를 팔기위해 만듭니다. 이게 근본적으로 다른 점입니다"". (나윤석 칼럼리스트)​정말 놀라운 사실이 있다. 독일의 운전면허는 3~6개월이 걸리며 약5백만원의 등록비와 이론교육21시간, 응급처치과정, 자동차 조립은 물론 자동차 작동원리, 야간주행교육까지 전세계에서 가장 어렵다는 독일운전면허 시험은 인류애의 실현이다. 독일은 분명히 과학의 나라다.​독일은 어떤 나라인가? 최근에 궁금증이 더해져 인터냇 검색을 해보았다. 독일인은 남에게 관심이 없고 냉정하다고 전한다. 작은 관심이나 소소한 기념일 선물을 주고받는 것은 우리나라의 일반반적인 문화인데 독일은 그런 문화가 전혀 없다고 한다. ​독일인에게 선민사상이 있는것인가? 거만하고 상대에 대한 배려나 존중이 부족하다. 민원에 대한 서비스는' 사막서비스'라고 말한다. 특히 독일어 못하는 외국인들은 개무시하며 응대하는 독일인들 상상하기가 힘들다. 이런 평가에 대해서는 설마 그렇게까지 사는 이유는 뭘까? 있는자의 여유인가? 독일인 그리고 유태인, 그들 천재들 만의 기이한 습관인가? 보편적 진리가 있다. 세상 어디나 사람사는 모습은 유사하다고 본다.​내가 해외 여행을 간다면 단연코 독일을 선택 할 것이다. 그러나 사회분위기가 거친게 사실이라면 다시한번 생각 해 봐야겠다. 친구사귀기도 힘든데 독일어도 못하면 국제적 아웃사이더가 될 것이 뻔하다. 그리고 독일 역시 가족중심이 아닌 관계중심의 사회라고 한다. 내가 알고 있는 독일은 아니다. ​독일은 과학의나라 '모든 기술은 독일로 통한다' 그 말은 세상의 모든 기술은 독일기술검증시스탬을 통과해야 한다는 뜻일 것이다.교육과 연구에 투자를 많이한다. 독일 대학은 서열이 없고 대학졸업까지 무상교육이다. 독일유학을 인정하는 이유가 여기있다고 본다. 입학은 쉬우나(?) 졸업은 매우 힘들것이라는 생각이 든다. 강한 연대의식으로 토론을 많이하며 소수약자에게 관심이 많다고 한다. '독일인은 혼자있을 때는 책을 읽고 둘이 있으면 토론을 하며 셋이 모이면 봉사를 한다'는 말이 있으니 짐작이 간다. 그리고 정치계에는 메르겔같은 탁월한 리더십을 가진 지도자가 있다. 독일은 독일일 뿐 변한 것은 없습니다 PM INTERNATIONAL 독일인이 자랑한는PM 해독주스에 관한 핫한 소식입니다.배우 윤석화씨가 PM해독주스를 마시고 회복중입니다. ​https://youtu.be/75GnOXUNGus?si=ffSde89mv6N7D6za ​",,,,8,2,,"https://blogimgs.pstatic.net/nblog/mylog/post/btn_confirm.gif, https://ssl.pstatic.net/static/blog/profile/img_profile_preset_07.png, https://ssl.pstatic.net/static/blog/profile/img_profile_preset_01.png, https://ssl.pstatic.net/static/blog/img_ani_blogid2.gif, https://postfiles.pstatic.net/MjAyMzA4MjhfMTcw/MDAxNjkzMjM0MjQxMTU3.HDAZwRZGvch36LH6ROhV4Ztm_rptwBlJ39pnhk5kElsg.OkO-oZa37qmV44c8kXk5Zb6XqDYzs57QWvxSkxynhE0g.JPEG.wando2125/KakaoTalk_20230828_233904316.jpg, https://ssl.pstatic.net/static/blog/profile/img_profile_preset_08.png, https://blogimgs.pstatic.net/nblog/quickeditor/btn_qk_set.gif, https://blogimgs.pstatic.net/nblog/mylog/post/btn_close5.gif, https://blogimgs.pstatic.net/nblog/mylog/post/btn_download2.gif, https://ssl.pstatic.net/static/common/btn/btn_confirm2.gif",https://www.youtube.com/embed/75GnOXUNGus?feature=oembed,2025-11-07 15:38:46
